{
    "cog_8Shape": {
        "overrideRGBColors": true,
        "knots": [
            0.0,
            0.1,
            0.2,
            0.3,
            0.4,
            0.5,
            0.6,
            0.7,
            0.8,
            0.9,
            1.0,
            1.1,
            1.2,
            1.3,
            1.4,
            1.5,
            1.6,
            1.7,
            1.8
        ],
        "degree": 1,
        "form": 1,
        "overrideColorRGB": [
            0.15999996662139893,
            0.2999999225139618,
            0.875
        ],
        "cvs": [
            [
                0.8,
                0.8,
                -0.8,
                1.0
            ],
            [
                0.8,
                0.8,
                0.8,
                1.0
            ],
            [
                0.8,
                -0.8,
                0.8,
                1.0
            ],
            [
                0.8,
                -0.8,
                -0.8,
                1.0
            ],
            [
                0.8,
                0.8,
                -0.8,
                1.0
            ],
            [
                -0.8,
                0.8,
                -0.8,
                1.0
            ],
            [
                -0.8,
                -0.8,
                -0.8,
                1.0
            ],
            [
                -0.8,
                -0.8,
                0.8,
                1.0
            ],
            [
                -0.8,
                0.8,
                0.8,
                1.0
            ],
            [
                0.8,
                0.8,
                0.8,
                1.0
            ],
            [
                0.8,
                -0.8,
                0.8,
                1.0
            ],
            [
                -0.8,
                -0.8,
                0.8,
                1.0
            ],
            [
                -0.8,
                -0.8,
                -0.8,
                1.0
            ],
            [
                0.8,
                -0.8,
                -0.8,
                1.0
            ],
            [
                0.8,
                0.8,
                -0.8,
                1.0
            ],
            [
                -0.8,
                0.8,
                -0.8,
                1.0
            ],
            [
                -0.8,
                0.8,
                0.8,
                1.0
            ],
            [
                0.8,
                0.8,
                0.8,
                1.0
            ],
            [
                0.8,
                0.8,
                -0.8,
                1.0
            ]
        ],
        "overrideEnabled": true,
        "useOutlinerColor": false,
        "outlinerColor": [
            0.0,
            0.0,
            0.0
        ]
    }
}