{
    "RingControl_0_L_newControlShape": {
        "overrideRGBColors": true,
        "knots": [
            0.0,
            0.0,
            0.0,
            1.0,
            2.0,
            3.0,
            4.0,
            5.0,
            6.0,
            7.0,
            8.0,
            9.0,
            10.0,
            11.0,
            12.0,
            13.0,
            13.0,
            13.0
        ],
        "degree": 3,
        "form": 1,
        "overrideColorRGB": [
            1.0,
            0.0,
            0.18000000715255737
        ],
        "cvs": [
            [
                0.9586478043533851,
                -9.082579529874519e-07,
                0.6578126088991141,
                1.0
            ],
            [
                1.0241134992763694,
                -9.394599840530795e-07,
                0.8288525632745095,
                1.0
            ],
            [
                0.9429768121160278,
                -9.488946115506881e-07,
                0.9538539655853927,
                1.0
            ],
            [
                0.8480417290494137,
                -9.347987268825045e-07,
                0.9900553787631224,
                1.0
            ],
            [
                0.7142897862280954,
                -9.149393461641352e-07,
                0.9913657197464325,
                1.0
            ],
            [
                -0.703020696879708,
                -7.044982460901054e-07,
                1.0052510102529462,
                1.0
            ],
            [
                -0.8367726397010165,
                -6.846388653713852e-07,
                1.006561351236246,
                1.0
            ],
            [
                -0.9317077227676329,
                -6.705429807342444e-07,
                0.9722200580309333,
                1.0
            ],
            [
                -1.0169878794679466,
                -6.363989143283284e-07,
                0.8450719019975365,
                1.0
            ],
            [
                -0.9556656540849285,
                -6.240222515296012e-07,
                0.6730244536507147,
                1.0
            ],
            [
                -0.17205417609861798,
                -5.833443289714721e-07,
                -0.8878254126329317,
                1.0
            ],
            [
                -0.08446922180179377,
                -5.92064475510147e-07,
                -0.9763748579639611,
                1.0
            ],
            [
                0.003252221613397279,
                -6.025305200613905e-07,
                -1.012706876602648,
                1.0
            ],
            [
                0.09182609271608498,
                -6.239003776149146e-07,
                -0.9784754213128398,
                1.0
            ],
            [
                0.18053645293715367,
                -6.470161331797468e-07,
                -0.8920265393306935,
                1.0
            ],
            [
                0.9586478043533851,
                -9.082579529874519e-07,
                0.6578126088991141,
                1.0
            ]
        ],
        "overrideEnabled": true,
        "useOutlinerColor": false,
        "outlinerColor": [
            0.0,
            0.0,
            0.0
        ]
    }
}