{"arrow_tri_roadShape": {"overrideRGBColors": false, "knots": [0.0, 1.0, 2.0, 3.0, 4.0, 5.0, 6.0], "degree": 1, "form": 3, "overrideColorRGB": [0.0, 0.0, 0.0], "cvs": [[0.00102741818668109, -6.33102889752535e-17, 0.01333263873608459, 1.0], [0.9925397647628825, -9.51935131471058e-16, 0.8137347406433388, 1.0], [0.9925397647628825, 6.331020746582447e-17, -0.10071696538181696, 1.0], [1.8354291806028933e-08, 9.51935131471058e-16, -0.9011191407062373, 1.0], [-0.9925397647628825, 6.331020746582447e-17, -0.10071696538181696, 1.0], [-0.9925397647628825, -9.51935131471058e-16, 0.8137347406433388, 1.0], [0.00102741818668109, -6.33102889752535e-17, 0.01333263873608459, 1.0]], "overrideEnabled": false, "useOutlinerColor": false, "outlinerColor": [0.0, 0.0, 0.0]}}