{"headControl_newControlShape": {"overrideRGBColors": true, "knots": [0.0, 0.0, 0.0, 1.0, 2.0, 3.0, 5.0, 6.0, 7.0, 8.0, 10.0, 11.0, 12.0, 13.0, 15.0, 16.0, 17.0, 18.0, 19.0, 20.0, 21.0, 22.0, 23.0, 24.0, 25.0, 26.0, 27.0, 29.0, 30.0, 31.0, 32.0, 34.0, 35.0, 36.0, 37.0, 39.0, 40.0, 41.0, 42.0, 43.0, 44.0, 45.0, 46.0, 47.0, 48.0, 49.0, 50.0, 51.0, 53.0, 54.0, 55.0, 56.0, 58.0, 59.0, 60.0, 61.0, 63.0, 64.0, 65.0, 66.0, 67.0, 68.0, 69.0, 70.0, 71.0, 72.0, 73.0, 74.0, 75.0, 77.0, 78.0, 79.0, 80.0, 82.0, 83.0, 84.0, 85.0, 87.0, 88.0, 89.0, 90.0, 91.0, 92.0, 93.0, 94.0, 94.0, 94.0], "degree": 3, "form": 1, "overrideColorRGB": [0.0, 1.0, 0.0], "cvs": [[0.4340863514774424, 0.1459441698216189, -0.23570532608133313, 1.0], [0.5932647232109673, 0.13184420990525889, -0.23574189143349836, 1.0], [0.6569067674165417, 0.1234562002163673, -0.2357554229348626, 1.0], [0.6568880662121557, 0.11411767897606333, -0.3063933107845165, 1.0], [0.6979779723584478, 0.09325054429660562, -0.3417167291574061, 1.0], [0.7390865795288329, 0.08344373699433881, -0.30640294067812934, 1.0], [0.963071146720699, -0.0077878403429451435, -0.057535627805255424, 1.0], [1.0017377886743513, -0.03805117147623953, -0.024311256904511937, 1.0], [1.0017553798913648, -0.03802489147976131, 0.042134004528687465, 1.0], [0.9631063291547245, -0.007735267876360335, 0.07535489505620915, 1.0], [0.7392535197031426, 0.08369318677583262, 0.3242956197263353, 1.0], [0.6981636147120663, 0.09352792714060174, 0.3596234015595701, 1.0], [0.6570550063864676, 0.1143671121808178, 0.32430524962650426, 1.0], [0.6570363032322377, 0.1236497507193769, 0.25365999685768925, 1.0], [0.593394259026663, 0.13203776372361792, 0.2536735283577413, 1.0], [0.4342158020185793, 0.14613759513798863, 0.2532531719024436, 1.0], [0.3964570497962013, 0.14903025623597776, 0.2532620243513364, 1.0], [0.31974961584553135, 0.15490698734453312, 0.25328000812653045, 1.0], [0.24304218231048028, 0.15681452197497836, 0.2532995617723204, 1.0], [0.2430626163647596, 0.15460060105672388, 0.33048274231659697, 1.0], [0.24308305080316264, 0.1487182690299741, 0.4076673737668095, 1.0], [0.2430923979585085, 0.14602756497584446, 0.442973298316809, 1.0], [0.24313351595491473, 0.1323661096065122, 0.5982835317445807, 1.0], [0.24315139147060522, 0.12349424626889646, 0.665802641559802, 1.0], [0.3133583446588069, 0.11424105339717748, 0.6657877142067923, 1.0], [0.3484727038756032, 0.0934106784234537, 0.7068859176096348, 1.0], [0.3133801097159033, 0.08363172454709294, 0.7479983371420363, 1.0], [0.06608021257912054, -0.007511904925952856, 0.9720185554123358, 1.0], [0.03307221986856109, -0.03772657473420252, 1.0106970934131994, 1.0], [-0.032964241016852476, -0.037724621727213435, 1.0107145756288476, 1.0], [-0.06599270919145725, -0.007510380766621533, 0.9720535207856885, 1.0], [-0.31343811503270075, 0.08363230140354157, 0.7481642497790161, 1.0], [-0.3485524730922908, 0.09341126854129544, 0.7070704173566226, 1.0], [-0.3134598800897808, 0.11424147443226448, 0.6659536269054014, 1.0], [-0.24325292883940483, 0.12349466730398424, 0.6659313800279045, 1.0], [-0.24327080435509563, 0.13236653395694928, 0.5984122702113713, 1.0], [-0.2428578117489353, 0.14602786501484535, 0.4431019523024685, 1.0], [-0.24286715890428126, 0.14871856906897749, 0.4077960277524697, 1.0], [-0.24288759334268428, 0.1546009013029361, 0.33061139630217473, 1.0], [-0.24290802739693218, 0.15681452197497836, 0.25342821587664965, 1.0], [-0.3196154605324988, 0.15490694756035606, 0.2534492784493822, 1.0], [-0.3963228932524904, 0.14903060683403926, 0.2534719107225753, 1.0], [-0.4340816448690792, 0.1461379399341898, 0.2534830513465104, 1.0], [-0.5976462979637828, 0.13145993664630692, 0.25353216002803786, 1.0], [-0.6569020560986547, 0.12364958989274397, 0.25355093693942204, 1.0], [-0.6568833529444247, 0.11436694803883594, 0.3241961897095489, 1.0], [-0.6979732547235971, 0.09352775305257761, 0.35953610349680265, 1.0], [-0.7390818598372918, 0.083693006057112, 0.3242300835164448, 1.0], [-0.9630664079026068, -0.007735450353273846, 0.07543501514383308, 1.0], [-1.001733043515687, -0.03802506148304644, 0.042234593746237795, 1.0], [-1.0017506347327, -0.038051341479523576, -0.02421066768696168, 1.0], [-0.9631015903366344, -0.007787997872601872, -0.05745550772749872, 1.0], [-0.7392488000116006, 0.08344355627561705, -0.3064684768880197, 1.0], [-0.6981588970772133, 0.09325035694718549, -0.3418040272149283, 1.0], [-0.6570502931187321, 0.11411748168060275, -0.3065023706883593, 1.0], [-0.6570315919143459, 0.12345599960555781, -0.23586448283739422, 1.0], [-0.5977758337794739, 0.13126633972842155, -0.23588325974615548, 1.0], [-0.43421109541022546, 0.1459445900419902, -0.23547544666709747, 1.0], [-0.3964523437936348, 0.14883725196881764, -0.23548658728906588, 1.0], [-0.31974491107364356, 0.15471359766815726, -0.23550921956422524, 1.0], [-0.24303747793807298, 0.15662113229860192, -0.23553028212122312, 1.0], [-0.243057911522341, 0.15434640882931405, -0.31271168734626886, 1.0], [-0.24307834472245898, 0.14840302311391504, -0.38989164156604944, 1.0], [-0.2430876913113853, 0.14568438616605311, -0.42519542664892335, 1.0], [-0.24312691762113547, 0.1328434409628753, -0.5733604117329494, 1.0], [-0.24314668008605997, 0.12297498706146713, -0.648006875788474, 1.0], [-0.31335363133643596, 0.11372179418974739, -0.6479846289109765, 1.0], [-0.3484679861874984, 0.09285907768266483, -0.6890663421353349, 1.0], [-0.31337538997646086, 0.08304759992879582, -0.7301710133885209, 1.0], [-0.06607547373371168, -0.008272207941415475, -0.9541190649150787, 1.0], [-0.03306747469236637, -0.03851702829566437, -0.9927736903743574, 1.0], [0.032968986193047195, -0.03851898130265479, -0.9927911725900058, 1.0], [0.06599744803686604, -0.008273732100747604, -0.9541540302884317, 1.0], [0.31344283477214285, 0.08304702307234721, -0.7303369260254997, 1.0], [0.34855719078039554, 0.09285848756482232, -0.689250841882322, 1.0], [0.31346459341215144, 0.1137213731546612, -0.6481505416095852, 1.0], [0.24325764022394994, 0.12297456602637989, -0.6481356142565745, 1.0], [0.2432774026888744, 0.13284301992778433, -0.5734891502010501, 1.0], [0.24286251839604747, 0.14568419221818937, -0.425324080676543, 1.0], [0.24287186498497493, 0.14840281839116992, -0.3900202955894081, 1.0], [0.24289229818509242, 0.1543462088723853, -0.31284034137151234, 1.0], [0.2429127317693395, 0.1566211322986022, -0.2356589362255522, 1.0], [0.31962016530439064, 0.15471359766815726, -0.23567848987134235, 1.0], [0.3963275992550604, 0.14883686655960243, -0.23569647364653623, 1.0], [0.4340863514774424, 0.1459441698216189, -0.23570532608133313, 1.0]], "overrideEnabled": true, "useOutlinerColor": false, "outlinerColor": [0.0, 0.0, 0.0]}}