{"Body_Ctrl_newControlShape": {"overrideRGBColors": true, "knots": [0.0, 1.0, 2.0, 5.0, 6.0, 7.0, 8.0, 9.0, 10.0, 11.0, 12.0, 13.0, 14.0, 15.0, 16.0, 17.0, 18.0, 19.0, 20.0, 21.0, 22.0, 23.0, 24.0, 25.0, 26.0, 27.0, 28.0, 29.0, 31.0, 32.0, 33.0, 34.0, 35.0, 36.0, 37.0, 38.0, 39.0, 40.0, 41.0, 42.0, 43.0, 44.0, 45.0, 46.0, 47.0, 48.0, 49.0, 50.0, 51.0, 53.0, 54.0, 55.0, 56.0, 57.0, 58.0, 59.0, 60.0], "degree": 1, "form": 3, "overrideColorRGB": [0.8275708556175232, 1.0, 0.31854677200317383], "cvs": [[0.8305394522112255, 1.1143606868933294e-15, 0.6407497046973881, 1.0], [0.8071066727658653, 1.1143606868933294e-15, 0.6503517699687191, 1.0], [0.7642894448771131, 1.1143606868933294e-15, 0.6641165899801794, 1.0], [0.710789504336255, 1.1143606868933294e-15, 0.6672092894381656, 1.0], [0.6512616698503151, 1.1143606868933294e-15, 0.6480578105297964, 1.0], [0.5766197191691631, 1.1143606868933294e-15, 0.5970976653009863, 1.0], [0.49381713388250936, 8.914885495146635e-16, 0.5240695535783241, 1.0], [0.4098077642889932, 6.686164121359975e-16, 0.43871447015554277, 1.0], [0.3315453132036819, 6.686164121359975e-16, 0.3507732623427907, 1.0], [0.2659833359580733, 6.686164121359975e-16, 0.26998692493382254, 1.0], [0.18641816250398374, 6.686164121359975e-16, 0.19127420651104288, 1.0], [0.09530192840854623, 6.686164121359975e-16, 0.144399061188314, 1.0], [-0.0016761876374669891, 6.686164121359975e-16, 0.12930411785712342, 1.0], [-0.09882671197614401, 6.686164121359975e-16, 0.14593156295825818, 1.0], [-0.19046031843314382, 6.686164121359975e-16, 0.1942243203503539, 1.0], [-0.27088738586698347, 6.686164121359975e-16, 0.2741247239577608, 1.0], [-0.3437718485930212, 6.686164121359975e-16, 0.35722891314389704, 1.0], [-0.4419136100018391, 6.686164121359975e-16, 0.44932694536103157, 1.0], [-0.5536754790475431, 8.914885495146635e-16, 0.5364828031665596, 1.0], [-0.6674201172006674, 1.1143606868933294e-15, 0.6047601741507288, 1.0], [-0.7715098909646094, 1.1143606868933294e-15, 0.6402230408709483, 1.0], [-0.8543076092934708, 1.1143606868933294e-15, 0.6289352384010365, 1.0], [-0.9149177519536732, 1.1143606868933294e-15, 0.5817966874232989, 1.0], [-0.9595515894717733, 8.914885495146635e-16, 0.5225035730381101, 1.0], [-0.9872321906838613, 6.686164121359975e-16, 0.4547625997959509, 1.0], [-0.9969826244260358, 6.686164121359975e-16, 0.3822804722473253, 1.0], [-0.9878259595343871, 6.686164121359975e-16, 0.3087638949427076, 1.0], [-0.9587852648450134, 6.686164121359975e-16, 0.23791957243259848, 1.0], [-0.9211243030060062, 6.686164121359975e-16, 0.1761217445877726, 1.0], [-0.8805562925299604, 6.686164121359975e-16, 0.11197730566974604, 1.0], [-0.8278338661300276, 2.2287213737866587e-16, 0.032488823671755276, 1.0], [-0.7647094235781751, 2.2287213737866587e-16, -0.057229118701909845, 1.0], [-0.6929361020642265, 0.0, -0.15206164377985593, 1.0], [-0.5705521713810154, -4.457442747573317e-16, -0.3001293218868536, 1.0], [-0.452104724649468, -4.457442747573317e-16, -0.4263013680508716, 1.0], [-0.3367032560773642, -6.686164121359975e-16, -0.528336695692652, 1.0], [-0.22345681742177584, -8.914885495146635e-16, -0.6039939970075537, 1.0], [-0.11147460792334267, -8.914885495146635e-16, -0.6510319641909283, 1.0], [0.00013402569372305986, -8.914885495146635e-16, -0.6672092894381635, 1.0], [0.1113115648373437, -8.914885495146635e-16, -0.6510319641909283, 1.0], [0.22303523563856456, -8.914885495146635e-16, -0.6039939970075517, 1.0], [0.3361954701478208, -6.686164121359975e-16, -0.5283366956926517, 1.0], [0.45168321660804095, -4.457442747573317e-16, -0.42630136805087115, 1.0], [0.5703891282950143, -4.457442747573317e-16, -0.30012932188685126, 1.0], [0.6932041534516697, 0.0, -0.15206164377985176, 1.0], [0.7649774749656189, 2.2287213737866587e-16, -0.057300943200215934, 1.0], [0.8281018437756837, 2.2287213737866587e-16, 0.03225889678701996, 1.0], [0.8808244176591864, 6.686164121359975e-16, 0.11158942388214836, 1.0], [0.9213923543934472, 6.686164121359975e-16, 0.17566203830186816, 1.0], [0.9590533899742362, 6.686164121359975e-16, 0.2379195724326064, 1.0], [0.988017540691078, 6.686164121359975e-16, 0.3091948419325865, 1.0], [0.9969826244260354, 6.686164121359975e-16, 0.38296995793441496, 1.0], [0.9869830909350935, 6.686164121359975e-16, 0.45553836337116294, 1.0], [0.9590533899742351, 8.914885495146635e-16, 0.5231932062087721, 1.0], [0.9142279712994459, 1.1143606868933294e-15, 0.5822276344131797, 1.0], [0.8535412109249254, 1.1143606868933294e-15, 0.6289352384010372, 1.0], [0.8305394522112255, 1.1143606868933294e-15, 0.6407497046973881, 1.0]], "overrideEnabled": true, "useOutlinerColor": false, "outlinerColor": [0.0, 0.0, 0.0]}}