{"newControl_ctrlShape": {"overrideRGBColors": true, "knots": [0.0, 0.01651048213, 0.03115361492, 1.0, 2.0, 3.0, 4.0, 5.0, 6.0, 7.0, 8.0, 9.0, 10.0, 11.0, 11.95643037, 11.97883712, 12.0, 12.02084074, 12.0432869, 13.0, 14.0, 15.0, 16.0, 17.0, 18.0, 19.0, 20.0, 21.0, 22.0, 23.0, 23.9704451, 23.98578328, 24.0], "degree": 1, "form": 3, "overrideColorRGB": [0.26800012588500977, 0.18285703659057617, 1.0], "cvs": [[0.001327611873798702, 3.8770282647091453e-16, -0.5603531927162817, 1.0], [-0.011587329622839957, 3.7009584030282496e-16, -0.5572006430671473, 1.0], [-0.028555290629109407, 3.5448021899867415e-16, -0.5453822145537626, 1.0], [-0.9578837855722127, -6.787097730798402e-16, 0.38523259811178423, 1.0], [-0.9825803281483825, -7.150857165675592e-16, 0.4179971352190927, 1.0], [-0.9936713345890346, -7.522487463252711e-16, 0.45147061661285065, 1.0], [-0.9928455497597061, -7.883770734103281e-16, 0.484012120692407, 1.0], [-0.9817917165974428, -8.216488479789473e-16, 0.5139806710022448, 1.0], [-0.9621985767536293, -8.502422696695185e-16, 0.5397353356564255, 1.0], [-0.9357548801293082, -8.723355076698638e-16, 0.5596351553415779, 1.0], [-0.9041493577691617, -8.861067478204593e-16, 0.5720391857437083, 1.0], [-0.8690707681453047, -8.89734172110855e-16, 0.5753064790802161, 1.0], [-0.8322078320171324, -8.813959608058611e-16, 0.5677960860149949, 1.0], [-0.7952493249989055, -8.59270293902657e-16, 0.5478670569708759, 1.0], [-0.033378950532277435, -2.2981986881796326e-16, -0.019091483001051318, 1.0], [-0.014045637833551328, -2.15073433787605e-16, -0.02939951028575271, 1.0], [0.0013276118737999855, -2.0114562029500693e-16, -0.032915799327979646, 1.0], [0.0163889154879688, -2.1484606625991568e-16, -0.029561743306962894, 1.0], [0.035694021737965216, -2.296018955730629e-16, -0.01928781584595345, 1.0], [0.7952493263917075, -8.585333121384049e-16, 0.5472032428110991, 1.0], [0.8322079019785167, -8.806788775359217e-16, 0.5671501948255322, 1.0], [0.869070920388988, -8.890679405899045e-16, 0.5747063910743131, 1.0], [0.9041495100128447, -8.855090557542911e-16, 0.5715008325904083, 1.0], [0.9357549089495429, -8.718107758772269e-16, 0.5591625189604157, 1.0], [0.9621986844277339, -8.497816553531759e-16, 0.5393204511637324, 1.0], [0.9817917454176776, -8.212302440268585e-16, 0.5136036260817115, 1.0], [0.9928456591480249, -7.879651000693229e-16, 0.4836410480953948, 1.0], [0.9936713345890367, -7.517947740389748e-16, 0.4510617147289659, 1.0], [0.982580338969364, -7.145278164942201e-16, 0.417494623506608, 1.0], [0.9578838006787302, -6.779727779934648e-16, 0.38456877195250483, 1.0], [0.029598534378310365, 3.562068905485294e-16, -0.5469374620234666, 1.0], [0.013598475583493995, 3.725524147914134e-16, -0.5573532494221062, 1.0], [0.001327611873798702, 3.8770282647091453e-16, -0.5603531927162817, 1.0]], "overrideEnabled": true, "useOutlinerColor": false, "outlinerColor": [0.0, 0.0, 0.0]}}