{"leg_poleSelectionTrigger_L_newControl1Shape": {"overrideRGBColors": true, "knots": [0.0, 0.03141612835, 0.06435147496, 0.9514344178, 0.9745099925, 1.0, 1.015280394, 1.029760917, 1.97216219, 1.987249158, 2.0, 2.030911195, 2.064141759, 2.933270368, 2.964677371, 3.0, 3.042693794, 3.081759462, 3.912298973, 3.96119225, 4.0, 4.007401833, 4.017981985, 4.977839698, 4.990465585, 5.0, 5.011771179, 5.022934185, 5.980379792, 5.990791867, 6.0, 6.035829822, 6.087468297, 6.914114712, 6.956549797, 7.0, 7.049694594, 7.080436765, 7.930766063, 7.967813705, 8.0, 8.014906656, 8.032626507, 8.966876514, 8.985020602, 9.0], "degree": 1, "form": 3, "overrideColorRGB": [1.0, 0.0, 0.0], "cvs": [[-0.24004498082136716, -4.440892098500624e-16, 0.9889360468729143, 1.0], [-0.22911723609764012, -4.440892098500624e-16, 0.994688879096308, 1.0], [-0.21258252858883891, -4.4408920985006237e-16, 0.9999999999999738, 1.0], [0.22028549016536675, -4.440892098500624e-16, 0.9999999999999738, 1.0], [0.23147845733448247, -4.440892098500624e-16, 0.9954239097823087, 1.0], [0.24157904707205768, -4.440892098500624e-16, 0.9879898873254858, 1.0], [0.24672883989677796, -4.2696580418481755e-16, 0.9798633716073489, 1.0], [0.24951437407940358, -4.1073874422982487e-16, 0.9699605710919869, 1.0], [0.42463974384879183, 6.453282195554197e-16, 0.018740014175683002, 1.0], [0.42663395474900434, 6.622348695621257e-16, 0.00876206449031176, 1.0], [0.4311316260986139, 6.765236267852342e-16, 0.002544544795531886, 1.0], [0.43862316144599206, 1.8808995459088004e-05, 0.001801349561427666, 1.0], [0.4508218117025271, 6.605295645050027e-16, 0.005047859885588531, 1.0], [0.7354962932385114, 4.4380808198568257e-16, 0.20025321746902713, 1.0], [0.7457702099154707, 4.35976591707759e-16, 0.2047012581828016, 1.0], [0.7565948185547123, 4.271687208770337e-16, 0.20558544115581148, 1.0], [0.7678080456696735, 4.3927210275303685e-16, 0.20166387496445765, 1.0], [0.7774102285215176, 4.503469371433738e-16, 0.19436354033870554, 1.0], [0.9811589224786686, 6.857988827995029e-16, -0.017712718605414804, 1.0], [0.9904616923933611, 6.996597732769387e-16, -0.029210317042769926, 1.0], [0.9943397294522145, 7.106614897793058e-16, -0.0377255899670464, 1.0], [0.9923129953253962, 7.18549588786077e-16, -0.04615122388811164, 1.0], [0.9846677905577436, 7.29824807570759e-16, -0.05736774628430889, 1.0], [0.023526790006001604, 1.7527407086126558e-15, -0.978728480437037, 1.0], [0.01088402275031688, 1.7661960576733949e-15, -0.9867893476137893, 1.0], [0.0013368606567455976, 1.7763568394002513e-15, -0.9892938336235839, 1.0], [-0.010481528744107214, 1.7638123486803954e-15, -0.9855310291321492, 1.0], [-0.021689305959291735, 1.7519159850984043e-15, -0.9779856355347436, 1.0], [-0.9829749183573152, 7.315706542035016e-16, -0.058940265133241986, 1.0], [-0.9900534212456877, 7.204745542960965e-16, -0.048278238607061985, 1.0], [-0.9934250541899321, 7.106614897793058e-16, -0.03884905582624414, 1.0], [-0.989956654519943, 7.004774028820033e-16, -0.030191325444881872, 1.0], [-0.9812160201807403, 6.857999446282565e-16, -0.01771367501573063, 1.0], [-0.7784224234258239, 4.508381598975498e-16, 0.1939210862161731, 1.0], [-0.7682297917894149, 4.387766265431721e-16, 0.20280508672698955, 1.0], [-0.7576714590731447, 4.264265611965613e-16, 0.2072371347713818, 1.0], [-0.7411250655808824, 4.3881815463838743e-16, 0.2037380720132532, 1.0], [-0.7307916318864596, 4.464838674229832e-16, 0.19784308420935715, 1.0], [-0.4500010541110659, 6.585176945328177e-16, 0.006859991256998993, 1.0], [-0.4369828852571053, 7.907708966353895e-05, 0.0012363888321115478, 1.0], [-0.4279863354598986, 6.75781520044321e-16, 0.0020874520732918588, 1.0], [-0.423631074589681, 7.907708966353028e-05, 0.009129834485332678, 1.0], [-0.42116333396685435, 6.39244049836327e-16, 0.02422014707163629, 1.0], [-0.25005071805311596, -4.0699518740659703e-16, 0.9665886748691611, 1.0], [-0.24704917723571312, -4.273142204784246e-16, 0.9791813744747393, 1.0], [-0.24004498082136716, -4.440892098500624e-16, 0.9889360468729143, 1.0]], "overrideEnabled": true, "useOutlinerColor": false, "outlinerColor": [0.0, 0.0, 0.0]}}