{"r_f_scapula_anim_newControlShape1": {"overrideRGBColors": false, "knots": [-2.0, -1.0, 0.0, 1.0, 2.0, 3.0, 4.0, 5.0, 6.0, 7.0, 8.0, 9.0, 10.0], "degree": 3, "form": 3, "overrideColorRGB": [0.0, 0.0, 0.0], "cvs": [[0.7845570151541166, -0.018397136620051047, -0.7845570151541159, 1.0], [0.0, -0.018397136620050603, -1.109531171285905, 1.0], [-0.7845570151541166, -0.018397136620050603, -0.7845570151541164, 1.0], [-1.109531171285905, -0.018397136620050603, -4.440892098500626e-16, 1.0], [-0.7845570151541166, -0.01839713662005016, 0.7845570151541152, 1.0], [0.0, -0.018397136620050603, 1.1095311712859046, 1.0], [0.7845570151541148, -0.018397136620051047, 0.7845570151541157, 1.0], [1.109531171285905, -0.018397136620051047, 0.0, 1.0], [0.7845570151541166, -0.018397136620051047, -0.7845570151541159, 1.0], [0.0, -0.018397136620050603, -1.109531171285905, 1.0], [-0.7845570151541166, -0.018397136620050603, -0.7845570151541164, 1.0]], "overrideEnabled": false, "useOutlinerColor": false, "outlinerColor": [0.0, 0.0, 0.0]}, "r_f_scapula_anim_newControlShape0": {"overrideRGBColors": false, "knots": [0.0, 1.0, 2.0, 3.0, 4.0, 5.0, 6.0, 7.0, 8.0, 9.0, 10.0, 11.0, 12.0, 13.0, 14.0, 15.0, 16.0, 17.0, 18.0, 19.0, 20.0, 21.0, 22.0, 23.0, 24.0], "degree": 1, "form": 1, "overrideColorRGB": [0.0, 0.0, 0.0], "cvs": [[0.5847882697065678, 0.19788558626687536, 0.09794695805225828, 1.0], [0.08937994963878282, 0.29588493445798036, 0.09794695805225828, 1.0], [0.0893799496387837, 0.19788558626687536, 0.5778220781851462, 1.0], [0.3893745487364786, 0.160411604368337, 0.5778220781851462, 1.0], [-0.0014528932036936837, -0.00994438614283899, 0.9686495201253202, 1.0], [-0.3922803351438686, 0.16041160436833746, 0.5778220781851462, 1.0], [-0.09228573604617196, 0.19788558626687536, 0.5778220781851462, 1.0], [-0.09228573604617285, 0.29588493445798036, 0.09794695805225828, 1.0], [-0.5876940561139552, 0.1978855862668758, 0.09794695805225828, 1.0], [-0.5876940561139561, 0.16041160436833746, 0.3824083572150587, 1.0], [-0.9785214980541292, -0.009944386142838546, -0.008419084725115322, 1.0], [-0.5876940561139561, 0.1604116043683379, -0.39924652666528937, 1.0], [-0.5876940561139552, 0.1978855862668758, -0.11478512750248848, 1.0], [-0.09228573604617285, 0.29588493445798036, -0.11478512750248848, 1.0], [-0.09228573604617196, 0.1978855862668758, -0.5946602476353766, 1.0], [-0.3922803351438686, 0.1604116043683379, -0.5946602476353766, 1.0], [-0.0014528932036936837, -0.009944386142838546, -0.9854876895755509, 1.0], [0.3893745487364786, 0.16041160436833746, -0.5946602476353766, 1.0], [0.0893799496387837, 0.1978855862668758, -0.5946602476353766, 1.0], [0.08937994963878282, 0.29588493445798036, -0.11478512750248848, 1.0], [0.5847882697065678, 0.19788558626687536, -0.11478512750248848, 1.0], [0.584788269706566, 0.16041160436833746, -0.39924652666528937, 1.0], [0.975615711646741, -0.009944386142839434, -0.008419084725115322, 1.0], [0.584788269706566, 0.160411604368337, 0.3824083572150587, 1.0], [0.5847882697065678, 0.19788558626687536, 0.09794695805225828, 1.0]], "overrideEnabled": false, "useOutlinerColor": false, "outlinerColor": [0.0, 0.0, 0.0]}}