{"arrow_1_pointerShape": {"overrideRGBColors": true, "knots": [0.0, 1.0, 2.0, 3.0, 4.0, 5.0, 6.0, 7.0, 8.0, 9.0, 10.0, 11.0], "degree": 1, "form": 1, "overrideColorRGB": [0.15999996662139893, 0.2999999225139618, 0.875], "cvs": [[0.4579100429229018, 2.6078665791323305e-16, 0.9981952967761342, 1.0], [-0.45791004292289966, -2.6078665791323315e-16, 0.998195296776135, 1.0], [-0.3705412809448663, -2.607866579132331e-16, 0.5207262898336462, 1.0], [-0.24664052603425843, -5.476519816177897e-17, 0.5207262898336464, 1.0], [-0.24664052603425912, -5.4765198161778953e-17, -0.025950125613740826, 1.0], [-0.5892039154043183, -1.6951132764360153e-16, 0.1058139121573155, 1.0], [-1.19347459344287e-15, 6.435811831337555e-32, -0.9996761891478211, 1.0], [0.5892039154043185, 1.6951132764360153e-16, 0.10581391215731412, 1.0], [0.24664052603425898, 5.476519816177895e-17, -0.025950125613741437, 1.0], [0.24664052603425968, 5.476519816177893e-17, 0.5207262898336458, 1.0], [0.37054128094486766, 2.6078665791323305e-16, 0.5207262898336459, 1.0], [0.4579100429229018, 2.6078665791323305e-16, 0.9981952967761342, 1.0]], "overrideEnabled": true, "useOutlinerColor": false, "outlinerColor": [0.0, 0.0, 0.0]}}