{
    "arrow_2way_thinbevShape": {
        "overrideRGBColors": true,
        "knots": [
            0.0,
            0.02610284986,
            0.06172572724,
            0.9396973848,
            0.9732639099,
            1.0,
            1.068298724,
            1.183584797,
            1.839340284,
            1.938194816,
            2.0,
            2.012605103,
            2.026160575,
            2.974913094,
            2.987693402,
            3.0,
            3.070679262,
            3.146707459,
            3.797812144,
            3.904802456,
            4.0,
            4.033098261,
            4.064492792,
            4.934504934,
            4.967708611,
            5.0,
            5.030378652,
            5.064023908,
            5.922153608,
            5.960979356,
            6.0,
            6.097999699,
            6.207434701,
            6.830634871,
            6.914908208,
            7.0,
            7.013016788,
            7.026637024,
            7.973064334,
            7.984342097,
            8.0,
            8.088836401,
            8.16936498,
            8.741406924,
            8.884546741,
            9.0,
            9.032656418,
            9.065080867,
            9.941090947,
            9.965308235,
            10.0
        ],
        "degree": 1,
        "form": 1,
        "overrideColorRGB": [
            0.26800012588500977,
            0.18285703659057617,
            1.0
        ],
        "cvs": [
            [
                0.0,
                0.0,
                0.9912833038851776,
                1.0
            ],
            [
                -0.010443814880828387,
                0.0,
                0.9876158130359638,
                1.0
            ],
            [
                -0.024696616351723755,
                0.0,
                0.9753191972875855,
                1.0
            ],
            [
                -0.37597525111190133,
                0.0,
                0.6242654918678517,
                1.0
            ],
            [
                -0.38252660032002234,
                0.0,
                0.6136859605164192,
                1.0
            ],
            [
                -0.38241093264268683,
                0.0,
                0.6055446710321088,
                1.0
            ],
            [
                -0.3752334020862924,
                0.0,
                0.60176480554366,
                1.0
            ],
            [
                -0.36337611081930954,
                0.0,
                0.6001537152174606,
                1.0
            ],
            [
                -0.23219141355354778,
                0.0,
                0.6001537152174607,
                1.0
            ],
            [
                -0.21883150364558174,
                0.0,
                0.5971136665239316,
                1.0
            ],
            [
                -0.2096396041321249,
                0.0,
                0.5914370191026385,
                1.0
            ],
            [
                -0.20321252216738983,
                0.0,
                0.5805070370281324,
                1.0
            ],
            [
                -0.20005123840582037,
                0.0,
                0.5687529826605107,
                1.0
            ],
            [
                -0.20005123840582012,
                0.0,
                -0.5700417155390385,
                1.0
            ],
            [
                -0.20208334645646786,
                0.0,
                -0.5833059791972385,
                1.0
            ],
            [
                -0.2065738097573309,
                0.0,
                -0.5930381828339945,
                1.0
            ],
            [
                -0.21628014433210677,
                0.0,
                -0.5977569930265996,
                1.0
            ],
            [
                -0.2294002472621412,
                0.0,
                -0.6001537152174607,
                1.0
            ],
            [
                -0.3596545458282227,
                0.0,
                -0.6001537152174607,
                1.0
            ],
            [
                -0.3745758610372666,
                0.0,
                -0.6022231694640013,
                1.0
            ],
            [
                -0.380534762757108,
                0.0,
                -0.6084551696648383,
                1.0
            ],
            [
                -0.3791414509341951,
                0.0,
                -0.6192360714097815,
                1.0
            ],
            [
                -0.37429875099594234,
                0.0,
                -0.625940918493914,
                1.0
            ],
            [
                -0.026204738125542026,
                0.0,
                -0.9738120411883127,
                1.0
            ],
            [
                -0.01291986471858818,
                0.0,
                -0.9858750245826835,
                1.0
            ],
            [
                0.0,
                0.0,
                -0.9893267014248005,
                1.0
            ],
            [
                0.012154573907398724,
                0.0,
                -0.9864418756092934,
                1.0
            ],
            [
                0.025616124165960708,
                0.0,
                -0.9744002782489408,
                1.0
            ],
            [
                0.36895594256159087,
                0.0,
                -0.6312803058423857,
                1.0
            ],
            [
                0.3763463056956142,
                0.0,
                -0.621966477963356,
                1.0
            ],
            [
                0.37723011850282195,
                0.0,
                -0.6126058968885267,
                1.0
            ],
            [
                0.37125500321958005,
                0.0,
                -0.6034582328277369,
                1.0
            ],
            [
                0.3586049079882495,
                0.0,
                -0.6001537152174606,
                1.0
            ],
            [
                0.2339329422050319,
                0.0,
                -0.6001537152174607,
                1.0
            ],
            [
                0.2188726253404798,
                0.0,
                -0.5972985510326183,
                1.0
            ],
            [
                0.2083526928531978,
                0.0,
                -0.5906663387061722,
                1.0
            ],
            [
                0.20289679801798968,
                0.0,
                -0.5810776139910862,
                1.0
            ],
            [
                0.20005123840582037,
                0.0,
                -0.5681810973855872,
                1.0
            ],
            [
                0.20005123840582012,
                0.0,
                0.5678226351739475,
                1.0
            ],
            [
                0.20100761530268835,
                0.0,
                0.578408392792801,
                1.0
            ],
            [
                0.20528125607471348,
                0.0,
                0.5879503406567096,
                1.0
            ],
            [
                0.21660962804305334,
                0.0,
                0.5965097696692307,
                1.0
            ],
            [
                0.23393291239739694,
                0.0,
                0.6001537152174607,
                1.0
            ],
            [
                0.34837061171467,
                0.0,
                0.6001537152174607,
                1.0
            ],
            [
                0.3672360960567013,
                0.0,
                0.6010644156592718,
                1.0
            ],
            [
                0.37743906691310253,
                0.0,
