{"arrow_4way_smlboom1Shape0": {"overrideRGBColors": true, "knots": [0.0, 1.0, 5.0, 7.0, 8.0, 9.0, 10.0, 11.0, 17.0, 19.0, 20.0, 21.0, 22.0, 23.0, 24.0, 25.0, 26.0, 27.0, 31.0, 40.0, 42.0, 44.0, 45.0, 46.0, 47.0, 48.0, 49.0, 50.0, 51.0, 52.0, 53.0], "degree": 1, "form": 3, "overrideColorRGB": [0.0, 0.0012000000569969416, 0.1168999969959259], "cvs": [[0.3093707694788466, 0.001100000040604848, -0.7309097690042163, 1.0], [0.23655911824898823, 0.001100000040604929, -0.8007393283303883, 1.0], [0.0699764385004532, 0.001100000040605114, -0.9606014651712087, 1.0], [0.04939509771065819, 0.0011000000406051365, -0.9801746768411301, 1.0], [0.026608671166468933, 0.001100000040605162, -0.9949177188333178, 1.0], [0.0006719722528946261, 0.001100000040605191, -0.9998320025857592, 1.0], [-0.025264631293247963, 0.0011000000406052196, -0.9949177188333178, 1.0], [-0.04805115320486945, 0.001100000040605245, -0.9801746768411301, 1.0], [-0.360131059668493, 0.001100000040605591, -0.6805275363382011, 1.0], [-0.3807124004582872, 0.0011000000406056142, -0.6609543246682787, 1.0], [-0.3956443653325546, 0.001100000040605631, -0.6385458392556815, 1.0], [-0.4003696308354846, 0.001100000040605636, -0.6122311038430834, 1.0], [-0.3952663288335317, 0.00110000004060563, -0.585916463797918, 1.0], [-0.3807124004582873, 0.0011000000406056142, -0.5635080737527516, 1.0], [-0.3579259739140981, 0.0011000000406055888, -0.5485761088784837, 1.0], [-0.3319892750005237, 0.0011000000406055602, -0.5438507480081225, 1.0], [-0.30605267145438114, 0.0011000000406055312, -0.5489541453775075, 1.0], [-0.28326614954276, 0.0011000000406055058, -0.5635080737527516, 1.0], [0.0001367955792300708, 0.0011000000406051827, -0.8361763457575213, 1.0], [0.24294349096016982, 0.0011000000406049218, -0.6031586093362473, 1.0], [0.2640288486261853, 0.0011000000406048984, -0.583081285422673, 1.0], [0.2846101894159801, 0.0011000000406048754, -0.5635080737527511, 1.0], [0.30739661596017, 0.0011000000406048503, -0.5489541453775071, 1.0], [0.33333331487374407, 0.0011000000406048214, -0.5438507480081225, 1.0], [0.35926996610360257, 0.0011000000406047924, -0.5485761088784837, 1.0], [0.3820563926477916, 0.0011000000406047674, -0.563508073752752, 1.0], [0.3965158595819958, 0.0011000000406047512, -0.586105482047429, 1.0], [0.40146166227059454, 0.001100000040604746, -0.6122311038430834, 1.0], [0.3967048301477917, 0.0011000000406047512, -0.6383568210061692, 1.0], [0.38205639264779173, 0.0011000000406047674, -0.6609543246682787, 1.0], [0.3093707694788466, 0.001100000040604848, -0.7309097690042163, 1.0]], "overrideEnabled": true, "useOutlinerColor": false, "outlinerColor": [0.0, 0.0, 0.0]}, "arrow_4way_smlboom1Shape1": {"overrideRGBColors": true, "knots": [0.0, 1.0, 5.0, 7.0, 8.0, 9.0, 10.0, 11.0, 17.0, 19.0, 20.0, 21.0, 22.0, 23.0, 24.0, 25.0, 26.0, 27.0, 31.0, 40.0, 42.0, 44.0, 45.0, 46.0, 47.0, 48.0, 49.0, 50.0, 51.0, 52.0, 53.0], "degree": 1, "form": 3, "overrideColorRGB": [0.0, 0.0012000000569969416, 0.1168999969959259], "cvs": [[-0.7309097690042107, 0.001100000040604848, -0.30937076947885256, 1.0], [-0.8007393283303829, 0.001100000040604929, -0.23655911824899434, 1.0], [-0.9606014651712033, 0.001100000040605114, -0.06997643850046043, 1.0], [-0.980174676841125, 0.0011000000406051365, -0.04939509771066497, 1.0], [-0.9949177188333129, 0.001100000040605162, -0.026608671166475695, 1.0], [-0.9998320025857546, 0.001100000040605191, -0.0006719722529018313, 1.0], [-0.9949177188333129, 0.0011000000406052196, 0.025264631293240747, 1.0], [-0.9801746768411252, 0.001100000040605245, 0.048051153204863084, 1.0], [-0.6805275363381962, 0.001100000040605591, 0.360131059668487, 1.0], [-0.6609543246682744, 0.0011000000406056142, 0.3807124004582807, 1.0], [-0.6385458392556765, 0.001100000040605631, 0.3956443653325481, 1.0], [-0.6122311038430789, 0.001100000040605636, 0.4003696308354785, 1.0], [-0.585916463797913, 0.00110000004060563, 0.3952663288335261, 1.0], [-0.5635080737527469, 0.0011000000406056142, 0.3807124004582807, 1.0], [-0.5485761088784793, 0.0011000000406055888, 0.3579259739140914, 1.0], [-0.543850748008118, 0.0011000000406055602, 0.33198927500051756, 1.0], [-0.5489541453775025, 0.0011000000406055312, 0.306052671454375, 1.0], [-0.5635080737527468, 0.0011000000406055058, 0.28326614954275353, 1.0], [-0.8361763457575156, 0.0011000000406051827, -0.000136795579236626, 1.0], [-0.603158609336242, 0.0011000000406049218, -0.24294349096017598, 1.0], [-0.5830812854226679, 0.0011000000406048984, -0.26402884862619214, 1.0], [-0.5635080737527459, 0.0011000000406048754, -0.2846101894159867, 1.0], [-0.5489541453775016, 0.0011000000406048503, -0.307396615960176, 1.0], [-0.5438507480081171, 0.0011000000406048214, -0.33333331487374984, 1.0], [-0.5485761088784782, 0.0011000000406047924, -0.35926996610360895, 1.0], [-0.5635080737527458, 0.0011000000406047674, -0.3820563926477982, 1.0], [-0.5861054820474233, 0.0011000000406047512, -0.396515859582002, 1.0], [-0.6122311038430778, 0.001100000040604746, -0.4014616622706013, 1.0], [-0.6383568210061636, 0.0011000000406047512, -0.3967048301477982, 1.0], [-0.6609543246682733, 0.0011000000406047674, -0.3820563926477982, 1.0], [-0.7309097690042107, 0.001100000040604848, -0.30937076947885256, 1.0]], "overrideEnabled": true, "useOutlinerColor": false, "outlinerColor": [0.0, 0.0, 0.0]}, "arrow_4way_smlboom1Shape2": {"overrideRGBColors": true, "knots": [0.0, 1.0, 5.0, 7.0, 8.0, 9.0, 10.0, 11.0, 17.0, 19.0, 20.0, 21.0, 22.0, 23.0, 24.0, 25.0, 26.0, 27.0, 31.0, 40.0, 42.0, 44.0, 45.0, 46.0, 47.0, 48.0, 49.0, 50.0, 51.0, 52.0, 53.0], "degree": 1, "form": 3, "overrideColorRGB": [0.0, 0.0012000000569969416, 0.1168999969959259], "cvs": [[-0.3093707694788495, 0.001100000040604848, 0.7309097690042146, 1.0], [-0.23655911824899134, 0.001100000040604929, 0.800739328330387, 1.0], [-0.06997643850045672, 0.001100000040605114, 0.9606014651712069, 1.0], [-0.04939509771066175, 0.0011000000406051365, 0.9801746768411288, 1.0], [-0.026608671166472486, 0.001100000040605162, 0.9949177188333174, 1.0], [-0.0006719722528981791, 0.001100000040605191, 0.9998320025857588, 1.0], [0.025264631293244414, 0.0011000000406052196, 0.9949177188333183, 1.0], [0.04805115320486589, 0.001100000040605245, 0.9801746768411288, 1.0], [0.3601310596684899, 0.001100000040605591, 0.680527536338202, 1.0], [0.3807124004582849, 0.0011000000406056142, 0.6609543246682801, 1.0], [0.3956443653325523, 0.001100000040605631, 0.6385458392556824, 1.0], [0.4003696308354823, 0.001100000040605636, 0.6122311038430848, 1.0], [0.3952663288335296, 0.00110000004060563, 0.5859164637979184, 1.0], [0.380712400458285, 0.0011000000406056142, 0.563508073752752, 1.0], [0.35792597391409586, 0.0011000000406055888, 0.5485761088784855, 1.0], [0.33198927500052156, 0.0011000000406055602, 0.5438507480081238, 1.0], [0.306052671454379, 0.0011000000406055312, 0.5489541453775084, 1.0], [0.2832661495427579, 0.0011000000406055058, 0.5635080737527511, 1.0], [-0.00013679557923317964, 0.0011000000406051827, 0.8361763457575204, 1.0], [-0.24294349096017226, 0.0011000000406049218, 0.603158609336246, 1.0], [-0.26402884862618764, 0.0011000000406048984, 0.5830812854226712, 1.0], [-0.2846101894159825, 0.0011000000406048754, 0.5635080737527494, 1.0], [-0.3073966159601721, 0.0011000000406048503, 0.5489541453775049, 1.0], [-0.33333331487374623, 0.0011000000406048214, 0.5438507480081203, 1.0], [-0.3592699661036047, 0.0011000000406047924, 0.5485761088784811, 1.0], [-0.38205639264779406, 0.0011000000406047674, 0.5635080737527485, 1.0], [-0.39651585958199814, 0.0011000000406047512, 0.5861054820474267, 1.0], [-0.401461662270597, 0.001100000040604746, 0.6122311038430812, 1.0], [-0.39670483014779434, 0.0011000000406047512, 0.6383568210061661, 1.0], [-0.3820563926477944, 0.0011000000406047674, 0.6609543246682765, 1.0], [-0.3093707694788495, 0.001100000040604848, 0.7309097690042146, 1.0]], "overrideEnabled": true, "useOutlinerColor": false, "outlinerColor": [0.0, 0.0, 0.0]}, "arrow_4way_smlboom1Shape3": {"overrideRGBColors": true,