{"arrow_1_round_fatShape": {"overrideRGBColors": false, "knots": [0.0, 1.0, 2.0, 3.0, 4.0, 5.0, 6.0, 7.0, 8.0, 9.0, 10.0, 11.0, 12.0, 13.0, 14.0, 15.0, 18.0, 22.0, 29.0, 36.0, 50.0, 52.0, 53.0, 54.0, 55.0, 59.0, 67.0, 73.0, 84.0, 89.0, 92.0, 93.0, 94.0, 95.0, 96.0, 97.0, 98.0, 99.0, 100.0, 101.0, 102.0, 103.0, 104.0, 105.0, 106.0, 107.0, 108.0, 109.0, 110.0, 111.0, 112.0, 113.0, 114.0, 115.0, 116.0, 117.0, 118.0, 119.0, 120.0, 121.0, 122.0, 123.0, 124.0, 125.0, 126.0, 127.0, 128.0, 129.0, 130.0, 131.0, 132.0], "degree": 1, "form": 3, "overrideColorRGB": [0.0, 0.0, 0.0], "cvs": [[0.45039334599860015, 1.2406205704814039e-16, -0.11174516677856428, 1.0], [0.48328814809210596, 9.508611871375484e-17, -0.08564596176147443, 1.0], [0.5200445682276041, 7.576879119779167e-17, -0.06824645996093714, 1.0], [0.5591180354822428, 6.611007450025089e-17, -0.05954666137695286, 1.0], [0.5989636928308756, 6.611007450025089e-17, -0.05954666137695286, 1.0], [0.6380371600855143, 7.576879119779167e-17, -0.06824645996093714, 1.0], [0.6747935802210122, 9.508611871375484e-17, -0.08564596176147443, 1.0], [0.707688382314518, 1.2406205704814039e-16, -0.11174516677856428, 1.0], [0.7337876826990396, 1.605826237228384e-16, -0.1446399688720703, 1.0], [0.7511871844995767, 2.0139055353918245e-16, -0.181396484375, 1.0], [0.7598868877161294, 2.44770710658101e-16, -0.2204698562622065, 1.0], [0.7598868877161294, 2.890083827569961e-16, -0.2603156089782712, 1.0], [0.7511871844995767, 3.3238853987591467e-16, -0.29938898086547816, 1.0], [0.7337876826990396, 3.7319646969225873e-16, -0.33614549636840785, 1.0], [0.707688382314518, 4.0971703636695674e-16, -0.3690402984619139, 1.0], [0.12915501897223292, 1.0520179909842748e-15, -0.947573566436767, 1.0], [0.11774325673468411, 1.0632536712713663e-15, -0.9576937675476072, 1.0], [0.101243355916813, 1.0768087395262769e-15, -0.9699030876159664, 1.0], [0.08652625386603174, 1.0858234994256676e-15, -0.9780228614807127, 1.0], [0.061735221658112266, 1.0954015362349824e-15, -0.9896454690239676, 1.0], [0.03577771489508452, 1.10667003904878e-15, -0.9967997550964354, 1.0], [0.015244534658268027, 1.1097746265587038e-15, -0.999596118927002, 1.0], [0.004951337026432134, 1.1103955017090412e-15, -1.0001553535461425, 1.0], [-0.005324122263118625, 1.1103955017090412e-15, -1.0001553535461425, 1.0], [-0.023971250565580804, 1.1097746265587038e-15, -0.9986365152006669, 1.0], [-0.04034952814690773, 1.1054676757801525e-15, -0.9957167625427243, 1.0], [-0.05903176958672707, 1.0993372748243995e-15, -0.9901949882507322, 1.0], [-0.07488665278069673, 1.0927503231100764e-15, -0.9842619895935059, 1.0], [-0.0992844074498862, 1.0781934266368008e-15, -0.9711503028869624, 1.0], [-0.11774325068108737, 1.0631486391859068e-15, -0.9575991630554199, 1.0], [-0.12915501291863618, 1.0514547140743507e-15, -0.9470662117004389, 1.0], [-0.7076883881818504, 4.091535476987958e-16, -0.3685327529907223, 1.0], [-0.7337876379024239, 3.726329810240978e-16, -0.33563795089721626, 1.0], [-0.7511871382128448, 3.3182515708687216e-16, -0.29888153076171875, 1.0], [-0.7598868877161294, 2.884449999679536e-16, -0.25980815887451136, 1.0], [-0.7598868877161294, 2.442073278690585e-16, -0.2199624061584471, 1.0], [-0.7511871382128448, 2.0082706487102153e-16, -0.18088893890380842, 1.0], [-0.7337876379024239, 1.6001924093379588e-16, -0.14413251876831001, 1.0], [-0.7076883881818504, 1.2349867425909787e-16, -0.11123771667480442, 1.0], [-0.6747935682069511, 9.452263004559392e-17, -0.08513841629028285, 1.0], [-0.6380371301900596, 7.520530252963075e-17, -0.06773891448974556, 1.0], [-0.5989637106191368, 6.554669171120837e-17, -0.059039211273193004, 1.0], [-0.5591179579030723, 6.554669171120837e-17, -0.059039211273193004, 1.0], [-0.5200445383321495, 7.520530252963075e-17, -0.06773891448974556, 1.0], [-0.4832880943547935, 9.452263004559392e-17, -0.08513841629028285, 1.0], [-0.45039329226128755, 1.2349867425909787e-16, -0.11123771667480442, 1.0], [-0.18193349535577008, 4.209854333016359e-16, -0.37918996810913086, 1.0], [-0.18193349535577008, -9.086904342486314e-16, 0.8184755802154544, 1.0], [-0.17714271242730328, -9.548121855549059e-16, 0.8600183606147769, 1.0], [-0.16349239046685404, -9.97218320958931e-16, 0.8982144117355351, 1.0], [-0.14206556971184914, -1.0346768442738151e-15, 0.9319540500640873, 1.0], [-0.11394524271599948, -1.0659557990173361e-15, 0.9601276278495792, 1.0], [-0.08021449740044773, -1.0898232072005759e-15, 0.9816254779696467, 1.0], [-0.04195632631890478, -1.1050470995200127e-15, 0.9953379411250356, 1.0], [-0.0002537220250815597, -1.1103955017090412e-15, 1.000155353546143, 1.0], [0.020946744130924344, -1.1090403322284835e-15, 0.9989347253926102, 1.0], [0.04140153233893218, -1.1050733815296153e-15, 0.9953616138547663, 1.0], [0.06098628346808255, -1.0986424861232468e-15, 0.9895691782236102, 1.0], [0.0795768291223794, -1.0898954829337783e-15, 0.9816905781626706, 1.0], [0.09704881017096334, -1.0789802077482368e-15, 0.9718589723110203, 1.0], [0.1132779628504067, -1.0660444992487814e-15, 0.9602075219154362, 1.0], [0.12814011876471343, -1.0512361928088489e-15, 0.9468693852424626, 1.0], [0.14147820775397124, -1.0349133848417808e-15, 0.9321671068668369, 1.0], [0.15312962834723287, -1.016964366260213e-15, 0.9160000681877141, 1.0], [0.16296124760992825, -9.975566973864693e-16, 0.8985191941261295, 1.0], [0.17083983724005514, -9.768579253079834e-16, 0.8798753976821903, 1.0], [0.17663226430304346, -9.550355904947442e-16, 0.8602195858955386, 1.0], [0.18020539586432271, -9.322572334167408e-16, 0.8397026658058171, 1.0], [0.1814260036218911, -9.086904342486314e-16, 0.8184755802154544, 1.0], [0.1814260036218911, 4.209854333016359e-16, -0.37918996810913086, 1.0], [0.45039334599860015, 1.2406205704814039e-16, -0.11174516677856428, 1.0]], "overrideEnabled": false, "useOutlinerColor": false, "outlinerColor": [0.0, 0.0, 0.0]}}