{"arrow_4way_swedgebevShape": {"overrideRGBColors": false, "knots": [0.0, 1.0, 2.0, 3.0, 4.0, 5.0, 6.0, 7.0, 8.0, 9.0, 10.0, 11.0, 12.0, 13.0, 14.0, 15.0, 16.0, 17.0, 18.0, 19.0, 20.0, 21.0, 22.0, 23.0, 24.0, 25.0, 26.0, 27.0, 28.0, 29.0, 30.0, 31.0, 32.0, 33.0, 34.0, 35.0, 36.0, 37.0, 38.0, 39.0, 40.0, 41.0, 42.0, 43.0, 44.0, 45.0, 46.0, 47.0, 48.0], "degree": 1, "form": 3, "overrideColorRGB": [0.0, 0.0, 0.0], "cvs": [[0.3633049165364355, 0.0006000000052149458, -0.010094562685117658, 1.0], [0.36542665115557615, 0.0006000000052149383, -0.0033268128987407053, 1.0], [0.36542665115557615, 0.0006000000052149303, 0.0038979376200583005, 1.0], [0.3633049165364355, 0.0006000000052149223, 0.011155399167909863, 1.0], [0.3590615426655859, 0.0006000000052149146, 0.018021091306581916, 1.0], [0.2910574113484472, 0.0006000000052148369, 0.08806522735394529, 1.0], [0.2853831445332615, 0.0006000000052148259, 0.09798296340741208, 1.0], [0.284996906435117, 0.000600000005214814, 0.10865143188275361, 1.0], [0.2891478692647069, 0.0006000000052148033, 0.11837328323163065, 1.0], [0.29708530060015614, 0.0006000000052147953, 0.1254511679057031, 1.0], [0.3080584680195897, 0.0006000000052147923, 0.1281876409891991, 1.0], [0.607956520235166, 0.0006000000052147923, 0.1281876409891991, 1.0], [0.6153227006550879, 0.000600000005214791, 0.12935188659466768, 1.0], [0.6216768418904393, 0.0006000000052147874, 0.1326052511576563, 1.0], [0.6266603623982518, 0.0006000000052147819, 0.13758858093060544, 1.0], [0.6299135362263768, 0.0006000000052147748, 0.14394281753338856, 1.0], [0.6310777818318456, 0.0006000000052147667, 0.15130909332074216, 1.0], [0.6310777818318456, 0.0006000000052145757, 0.32335937866009745, 1.0], [0.6338142549153416, 0.0006000000052145634, 0.3343270624522119, 1.0], [0.6408922349568456, 0.0006000000052145548, 0.34222644218243636, 1.0], [0.6506139909382909, 0.0006000000052145502, 0.3462740267161277, 1.0], [0.6612825547810643, 0.0006000000052145509, 0.34568646796978975, 1.0], [0.6712001954670994, 0.0006000000052145576, 0.3396803701762108, 1.0], [0.9935396348591894, 0.0006000000052149154, 0.01734102615155253, 1.0], [0.9977831040974705, 0.0006000000052149224, 0.01106832870282215, 1.0], [0.9999048387166114, 0.0006000000052149302, 0.004044898832216592, 1.0], [0.9999048387166114, 0.0006000000052149382, -0.00317441574297872, 1.0], [0.9977831040974705, 0.0006000000052149458, -0.01003467193804708, 1.0], [0.9935396348591894, 0.0006000000052149524, -0.015980926668271778, 1.0], [0.6712001954670994, 0.0006000000052153102, -0.3383202706929298, 1.0], [0.6612825547810643, 0.0006000000052153171, -0.3443917428608989, 1.0], [0.6506139909382909, 0.0006000000052153178, -0.3451098596211528, 1.0], [0.6408922349568456, 0.0006000000052153134, -0.34116012207232416, 1.0], [0.6338142549153416, 0.0006000000052153046, -0.33322812668047863, 1.0], [0.6310777818318456, 0.0006000000052152921, -0.321999374544248, 1.0], [0.6310777818318456, 0.0006000000052151004, -0.14926892868243158, 1.0], [0.6299135362263768, 0.0006000000052150922, -0.1419027482625097, 1.0], [0.6266603623982518, 0.0006000000052150851, -0.13554851165972703, 1.0], [0.6216768418904393, 0.0006000000052150796, -0.13056508651934617, 1.0], [0.6153227006550879, 0.000600000005215076, -0.12731181732378927, 1.0], [0.607956520235166, 0.0006000000052150747, -0.12614757171832025, 1.0], [0.3080584680195897, 0.0006000000052150747, -0.12614757171832025, 1.0], [0.29682418457232407, 0.0006000000052150717, -0.12341109863482469, 1.0], [0.28885404220782207, 0.0006000000052150638, -0.11633321396075225, 1.0], [0.28480102173052724, 0.0006000000052150531, -0.1066113626118752, 1.0], [0.2853179132100194, 0.0006000000052150411, -0.09594289413653367, 1.0], [0.2910574113484472, 0.0006000000052150302, -0.08602515808306688, 1.0], [0.3590615426655859, 0.0006000000052149524, -0.015980926668271778, 1.0], [0.3633049165364355, 0.0006000000052149458, -0.010094562685117658, 1.0]], "overrideEnabled": false, "useOutlinerColor": false, "outlinerColor": [0.0, 0.0, 0.0]}, "arrow_4way_swedgebevShape1": {"overrideRGBColors": false, "knots": [0.0, 1.0, 2.0, 3.0, 4.0, 5.0, 6.0, 7.0, 8.0, 9.0, 10.0, 11.0, 12.0, 13.0, 14.0, 15.0, 16.0, 17.0, 18.0, 19.0, 20.0, 21.0, 22.0, 23.0, 24.0, 25.0, 26.0, 27.0, 28.0, 29.0, 30.0, 31.0, 32.0, 33.0, 34.0, 35.0, 36.0, 37.0, 38.0, 39.0, 40.0, 41.0, 42.0, 43.0, 44.0, 45.0, 46.0, 47.0, 48.0], "degree": 1, "form": 3, "overrideColorRGB": [0.0, 0.0, 0.0],