{"arrow_4way_roundplainShape": {"overrideRGBColors": true, "knots": [0.0, 1.0, 2.0, 3.0, 4.0, 5.0, 6.0, 7.0, 8.0, 9.0, 10.0, 11.0, 12.0, 13.0, 14.0, 15.0, 16.0, 17.0, 18.0, 19.0, 20.0, 21.0, 22.0, 23.0, 24.0, 25.0, 26.0, 27.0, 28.0, 29.0, 30.0, 31.0, 32.0, 33.0, 34.0, 35.0, 36.0, 37.0, 38.0, 39.0, 40.0, 41.0, 42.0, 43.0, 44.0, 45.0, 46.0, 47.0, 48.0, 49.0, 50.0, 51.0, 52.0, 53.0, 54.0, 55.0, 56.0, 57.0, 58.0, 59.0, 60.0, 61.0, 62.0, 63.0, 64.0, 65.0, 66.0, 67.0, 68.0, 69.0, 70.0, 71.0, 72.0, 73.0, 74.0, 75.0, 76.0, 77.0, 78.0, 79.0, 80.0, 81.0, 82.0, 83.0, 84.0, 85.0, 86.0, 87.0, 88.0, 89.0, 90.0, 91.0, 92.0, 93.0, 94.0, 95.0, 96.0, 97.0, 98.0, 99.0, 100.0, 101.0, 102.0, 103.0, 104.0, 105.0, 106.0, 107.0, 108.0, 109.0, 110.0, 111.0, 112.0, 113.0, 114.0, 115.0, 116.0, 117.0, 118.0, 119.0, 120.0, 121.0, 122.0, 123.0, 124.0, 125.0, 126.0, 127.0, 128.0, 129.0, 130.0, 131.0, 132.0, 133.0, 134.0, 135.0, 136.0, 137.0, 138.0, 139.0, 140.0, 141.0, 142.0, 143.0, 144.0, 145.0, 146.0, 147.0, 148.0, 149.0, 150.0, 151.0, 152.0, 153.0, 154.0, 155.0, 156.0, 157.0, 158.0, 159.0, 160.0, 161.0, 162.0, 163.0, 164.0, 165.0, 166.0, 167.0, 168.0], "degree": 1, "form": 3, "overrideColorRGB": [0.0, 0.0012000000569969416, 0.1168999969959259], "cvs": [[0.7411997251637003, -1.5612676766282671e-15, 0.29954849852738663, 1.0], [0.7300521781182313, -1.572081649465967e-15, 0.30928885933583894, 1.0], [0.7178656574253831, -1.5810620426129828e-15, 0.3173776783819471, 1.0], [0.7048799262345504, -1.5881498040734651e-15, 0.3237617663564114, 1.0], [0.6913350218668262, -1.5932856535577685e-15, 0.3283877283211587, 1.0], [0.6774702962140597, -1.5964105390700428e-15, 0.33120237496688976, 1.0], [0.6635257865973433, -1.597465332516508e-15, 0.33215244844138025, 1.0], [0.6492437716211009, -1.5964845062607195e-15, 0.3312689986893629, 1.0], [0.6352548461894023, -1.5935222420308268e-15, 0.32860082827297976, 1.0], [0.6216919835754972, -1.5885490138289055e-15, 0.32412134253757907, 1.0], [0.6086887053960296, -1.581535219559099e-15, 0.3178038782855883, 1.0], [0.5963778478384005, -1.5724513332234832e-15, 0.309621840862357, 1.0], [0.5848927954334057, -1.5612676766282671e-15, 0.29954849852738663, 1.0], [0.5669126155164907, -1.5351052073335068e-15, 0.2759834411339912, 1.0], [0.5561246446521904, -1.5056306516117973e-15, 0.2494351215009516, 1.0], [0.5525286086688076, -1.4744999004807474e-15, 0.2213950336622399, 1.0], [0.5561246446521904, -1.4433691493496976e-15, 0.19335494582352686, 1.0], [0.5669126155164907, -1.4138944414321223e-15, 0.16680648910463836, 1.0], [0.5848927954334057, -1.3877321243332277e-15, 0.14324156879709227, 1.0], [0.617496745347399, -1.3515344684449868e-15, 0.11063761888309909, 1.0], [0.11021810191458113, -1.3515344684449868e-15, 0.11063761888309909, 1.0], [0.11021810191458113, -1.9147268221867832e-15, 0.617916193772992, 1.0], [0.1428219147427259, -1.8785292423964753e-15, 0.585312312401923, 1.0], [0.16638697213612083, -1.858567308763746e-15, 0.5673322010279325, 1.0], [0.19293542885501005, -1.846590179023282e-15, 0.5565441616207076, 1.0], [0.22097551669372187, -1.8425977770771493e-15, 0.5529481256373243, 1.0], [0.24901560453243393, -1.846590179023282e-15, 0.5565441616207076, 1.0], [0.2755639241654743, -1.858567308763746e-15, 0.5673322010279325, 1.0], [0.29912898155886924, -1.8785292423964753e-15, 0.585312312401923, 1.0], [0.31710916147578433, -1.9046917116912356e-15, 0.608877369795318, 1.0], [0.32789713234008455, -1.934166343510878e-15, 0.6354257579712828, 1.0], [0.3314931683234675, -1.9652970946419277e-15, 0.6634658458099945, 1.0], [0.32789713234008455, -1.9964278457729776e-15, 0.6915059336487066, 1.0], [0.31710916147578433, -2.0259024775926198e-15, 0.7180543218246713, 1.0], [0.29912898155886924, -2.0520648707894474e-15, 0.7416193106751421, 1.0], [0.07761415200058784, -2.2979958109589013e-15, 0.9631342087763479, 1.0], [0.06646208112211142, -2.308809745747635e-15, 0.9728745353133372, 1.0], [0.05424444194160584, -2.31779013889465e-15, 0.9809633543594454, 1.0], [0.041174402953815824, -2.324877862306167e-15, 0.9873474080624476, 1.0], [0.027465132653487347, -2.3300137498394363e-15, 0.9919734042986579, 1.0], [0.013329662449516989, -2.3331386353517114e-15, 0.9947880509443889, 1.0], [-0.0010188391633502237, -2.334193428798176e-15, 0.995738124418879, 1.0], [-0.015300854139592514, -2.333212564493421e-15, 0.9948546403954, 1.0], [-0.029289779571291107, -2.3302503383124947e-15, 0.9921865042504789, 1.0], [-0.04285250509934764, -2.3252771101105734e-15, 0.9877070185150791, 1.0], [-0.05585592036466406, -2.318263315840767e-15, 0.9813895542630879, 1.0], [-0.068166777922293, -2.309179429505151e-15, 0.9732075168398562, 1.0], [-0.07965183032728794, -2.2979958109589013e-15, 0.9631342087763479, 1.0], [-0.30116672842849396, -2.0520648707894474e-15, 0.7416193106751421, 1.0], [-0.31914683980248454, -2.0259024775926198e-15, 0.7180543218246713, 1.0], [-0.3299348792097092, -1.9964278457729776e-15, 0.6915059336487066, 1.0], [-0.33353091519309214, -1.9652970946419277e-15, 0.6634658458099945, 1.0], [-0.3299348792097092, -1.934166343510878e-15, 0.6354257579712828, 1.0], [-0.31914683980248454, -1.9046917116912356e-15, 0.608877369795318, 1.0], [-0.30116672842849396, -1.8785292423964753e-15, 0.585312312401923, 1.0], [-0.2776017395780233, -1.858567308763746e-15, 0.5673322010279325, 1.0], [-0.2510532828591342, -1.846590179023282e-15, 0.5565441616207076, 1.0], [-0.22301319502042233, -1.8425977770771493e-15, 0.5529481256373243, 1.0], [-0.19497310718171038, -1.846590179023282e-15, 0.5565441616207076, 1.0], [-0.16842478754866996, -1.858567308763746e-15, 0.5673322010279325, 1.0], [-0.14485973015527503, -1.8785292423964753e-15, 0.585312312401923, 1.0], [-0.11225578024128156, -1.9147268221867832e-15, 0.617916193772992, 1.0], [-0.11225578024128156, -1.3515344684449868e-15, 0.11063761888309909, 1.0], [-0.6176165241077101, -1.3515344684449868e-15, 0.11063761888309909, 1.0], [-0.5850126427366411, -1.3877321243332277e-15, 0.14324156879709227, 1.0], [-0.5670325313626504, -1.4138944414321223e-15, 0.16680648910463836, 1.0], [-0.5562444234125015, -1.4433691493496976e-15, 0.19335494582352686, 1.0], [-0.5526484559720428, -1.4744999004807474e-15, 0.2213950336622399, 1.0], [-0.5562444234125015, -1.5056306516117973e-15, 0.2494351215009516, 1.0], [-0.5670325313626504, -1.5351052073335068e-15, 0.2759834411339912, 1.0], [-0.5850126427366411, -1.5612676766282671e-15, 0.29954849852738663, 1.0], [-0.5961602583250342, -1.5724513332234832e-15, 0.309621840862357, 1.0], [-0.6083467790178826, -1.581535219559099e-15, 0.3178038782855883, 1.0], [-0.6213324416657907, -1.5885490138289055e-15, 0.32412134253757907, 1.0], [-0.6348774145764392, -1.5935222420308268e-15, 0.32860082827297976, 1.0], [-0.6487420716862814, -1.5964845062607195e-15, 0.3312689986893629, 1.0], [-0.6626866498459222, -1.597465332516508e-15, 0.33215244844138025, 1.0], [-0.6769685962792402, -1.5964845062607195e-15, 0.3312689986893629, 1.0], [-0.690957590253863, -1.5935222420308268e-15, 0.32860082827297976, 1.0], [-0.704520384324844, -1.5885490138289055e-15, 0.32412134253757907, 1.0], [-0.717523731047236, -1.581535219559099e-15, 0.3178038782855883, 1.0], [-0.7298345886048648, -1.5724513332234832e-15, 0.309621840862357, 1.0], [-0.7413196410098598, -1.5612676766282671e-15, 0.29954849852738663, 1.0], [-0.9628345048396038, -1.3153368125567459e-15, 0.07803366896910546, 1.0], [-0.9808146162135943, -1.2891743432619856e-15, 0.054468611575710035, 1.0], [-0.9916026898922813, -1.2596997875402759e-15, 0.02792029194266954, 1.0], [-0.9951986916042019, -1.2285690364092262e-15, -0.00011979589604216301, 1.0], [-0.9916026898922813, -1.1974382852781761e-15, -0.02815988373475342, 1.0], [-0.9808146162135943, -1.167963577360601e-15, -0.054708340453644144, 1.0], [-0.9628345048396038, -1.1418011080658408e-15, -0.07827339784703824, 1.0], [-0.7413196410098598, -8.958702439943193e-16, -0.2997882274053203, 1.0], [-0.717754583616465, -8.759082342636575e-16, -0.3177684073222351, 1.0], [-0.6912061954405003, -8.63931180621126e-16,