{"arrow_tri_vShape": {"overrideRGBColors": false, "knots": [0.0, 1.0, 2.0, 3.0, 4.0, 5.0, 6.0], "degree": 1, "form": 3, "overrideColorRGB": [0.0, 0.0, 0.0], "cvs": [[1.0005553333228296, -9.645790481291215e-16, 0.8688155683447398, 1.0], [0.0, 9.645790481291215e-16, -0.8688155683447398, 1.0], [-1.0005553333228296, -9.645790481291215e-16, 0.8688155683447398, 1.0], [-0.22212326063207619, -9.645790481291215e-16, 0.8688155683447398, 1.0], [0.0, -5.261676985636606e-16, 0.4739297302371386, 1.0], [0.22545849175243182, -9.645790481291215e-16, 0.8688155683447398, 1.0], [1.0005553333228296, -9.645790481291215e-16, 0.8688155683447398, 1.0]], "overrideEnabled": false, "useOutlinerColor": false, "outlinerColor": [0.0, 0.0, 0.0]}}