{"arrow_tri_planeShape": {"overrideRGBColors": false, "knots": [0.0, 1.0, 2.0, 3.0, 4.0], "degree": 1, "form": 3, "overrideColorRGB": [0.0, 0.0, 0.0], "cvs": [[-0.9972878296720223, -7.720957583417654e-16, 0.695442033912463, 1.0], [0.0, -5.698450595836601e-16, 0.5132707995999779, 1.0], [0.9972878296720223, -7.720957583417654e-16, 0.695442033912463, 1.0], [0.0, 7.720957583417654e-16, -0.6954420339124632, 1.0], [-0.9972878296720223, -7.720957583417654e-16, 0.695442033912463, 1.0]], "overrideEnabled": false, "useOutlinerColor": false, "outlinerColor": [0.0, 0.0, 0.0]}}