{
    "leg_poleSelectionTrigger_L_newControl1Shape": {
        "overrideRGBColors": true,
        "knots": [
            0.0,
            0.0149960012,
            0.03760457776,
            0.9503110633,
            0.9797088773,
            1.0,
            1.032313277,
            1.083218987,
            1.898653729,
            1.94999078,
            2.0,
            2.009875911,
            2.023529711,
            2.971505944,
            2.985644675,
            3.0,
            3.014420012,
            3.029268012,
            3.967661446,
            3.983651103,
            4.0,
            4.046943178,
            4.087203172,
            4.930373217,
            4.966628191,
            5.0,
            5.022441271,
            5.045579186,
            5.957067776,
            5.98215882,
            6.0,
            6.019638842,
            6.043477112,
            6.955654644,
            6.977333421,
            7.0
        ],
        "degree": 1,
        "form": 1,
        "overrideColorRGB": [
            1.0,
            0.0,
            0.0
        ],
        "cvs": [
            [
                -0.391265575159757,
                6.661338147750943e-16,
                0.9868696253284993,
                1.0
            ],
            [
                -0.3960115101803589,
                1.991185403399376e-05,
                0.9779773191217622,
                1.0
            ],
            [
                -0.39864832287855034,
                6.661338147750942e-16,
                0.9666388034832112,
                1.0
            ],
            [
                -0.3986483228785514,
                6.661338147750943e-16,
                0.2389409840014016,
                1.0
            ],
            [
                -0.3987919774364387,
                6.661338147750943e-16,
                0.21710486106935525,
                1.0
            ],
            [
                -0.4043390906614101,
                6.661338147750943e-16,
                0.20656078639479028,
                1.0
            ],
            [
                -0.41178782976485073,
                6.661338147750943e-16,
                0.2010720623420041,
                1.0
            ],
            [
                -0.43182343247775407,
                6.661338147750943e-16,
                0.1993241614392539,
                1.0
            ],
            [
                -0.7568951247929646,
                6.661338147750943e-16,
                0.1993241614392544,
                1.0
            ],
            [
                -0.7734910707617447,
                6.661338147750943e-16,
                0.19680832635426787,
                1.0
            ],
            [
                -0.7833621087471836,
                6.661338147750943e-16,
                0.19044583481576852,
                1.0
            ],
            [
                -0.7844911603648856,
                6.661338147750943e-16,
                0.1822841143119305,
                1.0
            ],
            [
                -0.7785364861011761,
                6.661338147750943e-16,
                0.17118392195535276,
                1.0
            ],
            [
                -0.022718215272809567,
                6.661338147750943e-16,
                -0.9625434842872005,
                1.0
            ],
            [
                -0.011445452471247373,
                6.661338147750943e-16,
                -0.9753350082254536,
                1.0
            ],
            [
                5.822144322781164e-15,
                6.661338147750943e-16,
                -0.9820037982158172,
                1.0
            ],
            [
                0.011497027199383227,
                6.661338147750943e-16,
                -0.9751096810487253,
                1.0
            ],
            [
                0.023335287795585097,
                6.661338147750943e-16,
                -0.9616178755030548,
                1.0
            ],
            [
                0.7715132251242903,
                6.661338147750943e-16,
                0.1606490304899992,
                1.0
            ],
            [
                0.7806940238340153,
                6.661338147750943e-16,
                0.17491519258674285,
                1.0
            ],
            [
                0.782937432837145,
                6.661338147750943e-16,
                0.18692460759741192,
                1.0
            ],
            [
                0.7754856086572616,
                6.661338147750943e-16,
                0.19487384823210588,
                1.0
            ],
            [
                0.7625332474896354,
                6.661338147750943e-16,
                0.19932416143925213,
                1.0
            ],
            [
                0.4264049231489462,
                6.661338147750943e-16,
                0.19932416143925263,
                1.0
            ],
            [
                0.4123013829925418,
                6.661338147750943e-16,
                0.20296686391240235,
                1.0
            ],
            [
                0.40304192271346284,
                6.661338147750943e-16,
                0.20869118351797913,
                1.0
            ],
            [
                0.3989403768002929,
                6.661338147750943e-16,
                0.22073685918915706,
                1.0
            ],
            [
                0.39864832287856666,
                6.661338147750943e-16,
                0.23566429355339275,
                1.0
            ],
            [
                0.3986483228785677,
                6.661338147750943e-16,
                0.9623910890062771,
                1.0
            ],
            [
                0.3958126655517609,
                6.661338147750943e-16,
                0.9801871315314353,
                1.0
            ],
            [
                0.39074585964054326,
                6.661338147750943e-16,
                0.9891989627897376,
                1.0
            ],
            [
                0.3804402708406811,
                6.661338147750943e-16,
                0.9946800634976859,
                1.0
            ],
            [
                0.3639841673137615,
                6.661338147750943e-16,
                0.9966208071963707,
                1.0
            ],
            [
                -0.36329191928484494,
                6.661338147750943e-16,
                0.9966208071963718,
                1.0
            ],
            [
                -0.3793461913228939,
                -3.979423041766683e-05,
                0.9933557189772924,
                1.0
            ],
            [
                -0.391265575159757,
                6.661338147750943e-16,
                0.9868696253284993,
                1.0
            ]
        ],
        "overrideEnabled": true,
        "useOutlinerColor": false,
        "outlinerColor": [
            0.0,
            0.0,
            0.0
        ]
    }
}