{
    "arrow_1_circleShape1": {
        "overrideRGBColors": false,
        "knots": [
            -2.0,
            -1.0,
            0.0,
            1.0,
            2.0,
            3.0,
            4.0,
            5.0,
            6.0,
            7.0,
            8.0,
            9.0,
            10.0
        ],
        "degree": 3,
        "form": 3,
        "overrideColorRGB": [
            0.0,
            0.0,
            0.0
        ],
        "cvs": [
            [
                -0.7836116248912243,
                4.798237340988473e-17,
                -0.7836116248912248,
                1.0
            ],
            [
                -1.1081941875543877,
                6.785732323110912e-17,
                -5.599944043425693e-16,
                1.0
            ],
            [
                -0.7836116248912247,
                4.798237340988472e-17,
                0.7836116248912242,
                1.0
            ],
            [
                -5.495860634867086e-16,
                3.517735619006027e-33,
                1.1081941875543881,
                1.0
            ],
            [
                0.7836116248912242,
                -4.7982373409884725e-17,
                0.7836116248912248,
                1.0
            ],
            [
                1.1081941875543884,
                -6.785732323110917e-17,
                6.031456508074927e-16,
                1.0
            ],
            [
                0.7836116248912247,
                -4.798237340988472e-17,
                -0.7836116248912242,
                1.0
            ],
            [
                6.432611311894562e-16,
                -9.253679210110099e-33,
                -1.1081941875543881,
                1.0
            ],
            [
                -0.7836116248912243,
                4.798237340988473e-17,
                -0.7836116248912248,
                1.0
            ],
            [
                -1.1081941875543877,
                6.785732323110912e-17,
                -5.599944043425693e-16,
                1.0
            ],
            [
                -0.7836116248912247,
                4.798237340988472e-17,
                0.7836116248912242,
                1.0
            ]
        ],
        "overrideEnabled": false,
        "useOutlinerColor": false,
        "outlinerColor": [
            0.0,
            0.0,
            0.0
        ]
    },
    "arrow_1_circleShape": {
        "overrideRGBColors": false,
        "knots": [
            0.0,
            1.0,
            2.0,
            5.0,
            6.0,
            7.0,
            8.0,
            9.0,
            10.0,
            11.0,
            12.0,
            13.0,
            14.0,
            15.0,
            16.0,
            17.0,
            18.0,
            19.0,
            20.0,
            21.0,
            22.0,
            23.0,
            24.0,
            25.0,
            26.0,
            27.0,
            28.0,
            29.0,
            31.0,
            32.0,
            33.0,
            34.0,
            35.0,
            36.0,
            37.0,
            38.0,
            39.0,
            40.0,
            41.0,
            42.0,
            43.0,
            44.0,
            45.0,
            46.0,
            47.0,
            48.0,
            49.0,
            50.0,
            51.0,
            53.0,
            54.0,
            55.0,
            56.0,
            57.0,
            58.0,
            59.0,
            60.0
        ],
        "degree": 1,
        "form": 3,
        "overrideColorRGB": [
            0.0,
            0.0,
            0.0
        ],
        "cvs": [
            [
                0.5437351337661758,
                1.6022623461028115e-16,
                0.37954597473144713,
                1.0
            ],
            [
                0.5285827747573868,
                1.705662834347696e-16,
                0.38575496673584175,
                1.0
            ],
            [
                0.5008958326153177,
                1.7855470409988412e-16,
                0.3946557245393015,
                1.0
            ],
            [
                0.466301118492128,
                1.8871941710429095e-16,
                0.3966555595397965,
                1.0
            ],
            [
                0.42780858194732824,
                1.6809601772322085e-16,
                0.38427162170410306,
                1.0
            ],
            [
                0.3795427910079972,
                1.132192412298973e-16,
                0.3513192176818862,
                1.0
            ],
            [
                0.32600008165741146,
                3.45784260057623e-17,
                0.30409698486328257,
                1.0
            ],
            [
                0.27167702829742624,
                -5.733677193038686e-17,
                0.24890375137329201,
                1.0
            ],
            [
                0.22107010996246548,
                -1.5203685537843055e-16,
                0.19203824996948315,
                1.0
            ],
            [
                0.17867571031952129,
                -2.390321683195715e-16,
                0.13979930877685617,
                1.0
            ],
            [
                0.12722641146087885,
                -3.2379449065351334e-16,
                0.08890123367309616,
                1.0
            ],
            [
                0.06830783998871101,
                -3.742723074143901e-16,
                0.05859031677246154,
                1.0
            ],
            [
                0.0055987945785547005,
                -3.9052739906779215e-16,
                0.048829460144043324,
                1.0
            ],
            [
                -0.05722173535918931,
                -3.726220225353427e-16,
                0.059581279754638644,
                1.0
            ],
            [
                -0.11647485578155296,
                -3.206176406452769e-16,
                0.09080886840820307,
                1.0
            ],
            [
                -0.16848148191070328,
                -2.3457635150054027e-16,
                0.14247493743896458,
                1.0
            ],
            [
                -0.21561082685088903,
                -1.450850442220777e-16,
                0.1962126731872557,
                1.0
            ],
            [
                -0.27907232129669,
                -4.5908656345591044e-17,
                0.2557661056518551,
                1.0
            ],
            [
                -0.3513409980545027,
                4.7945717644178433e-17,
                0.3121237754821769,
                1.0
            ],
            [
                -0.4248917945632919,
                1.2147066562513426e-16,
                0.3562740325927725,
                1.0
            ],
            [
                -0.49219945752715927,
                1.596590931125352e-16,
                0.3792054176330557,
                1.0
            ],
            [
                -0.5457390197525008,
                1.4750374680296235e-16,
                0.3719063758850085,
                1.0
            ],
            [
                -0.5849314101943953,
                9.674227988387381e-17,
                0.3414251327514634,
                1.0
            ],
            [
                -0.6137930282363874,
                3.28920892868974e-17,
                0.3030843734741195,
                1.0
            ],
            [
                -0.6316921600112896,
                -4.00552351635902e-17,
                0.2592809677124008,
                1.0
            ],
            [
                -0.6379970916519145,
                -1.181081036432123e-16,
                0.21241178512573095,
                1.0
            ],
            [
                -0.6320761092910744,
