{"arrow_4way_circle2Shape": {"overrideRGBColors": true, "knots": [-2.0, -1.0, 0.0, 1.0, 2.0, 3.0, 4.0, 5.0, 6.0, 7.0, 8.0, 9.0, 10.0], "degree": 3, "form": 3, "overrideColorRGB": [0.15999996662139893, 0.2999999225139618, 0.875], "cvs": [[0.5212714534869224, 3.19186708499824e-17, -0.5212714534869225, 1.0], [4.513981720896785e-17, 4.513981720896785e-17, -0.7371891591991413, 1.0], [-0.5212714534869224, 3.191867084998239e-17, -0.5212714534869224, 1.0], [-0.7371891591991416, 2.34005609520728e-33, -3.821601619073382e-17, 1.0], [-0.5212714534869224, -3.19186708499824e-17, 0.5212714534869224, 1.0], [-7.384474226372989e-17, -4.5139817208967877e-17, 0.7371891591991419, 1.0], [0.5212714534869224, -3.191867084998239e-17, 0.5212714534869224, 1.0], [0.7371891591991416, -6.155700934918362e-33, 1.0053022535484028e-16, 1.0], [0.5212714534869224, 3.19186708499824e-17, -0.5212714534869225, 1.0], [4.513981720896785e-17, 4.513981720896785e-17, -0.7371891591991413, 1.0], [-0.5212714534869224, 3.191867084998239e-17, -0.5212714534869224, 1.0]], "overrideEnabled": true, "useOutlinerColor": false, "outlinerColor": [0.0, 0.0, 0.0]}, "arrow_4way_circle2Shape4": {"overrideRGBColors": true, "knots": [0.0, 1.0, 2.0, 3.0, 4.0, 5.0, 6.0, 7.0], "degree": 1, "form": 1, "overrideColorRGB": [0.15999996662139893, 0.2999999225139618, 0.875], "cvs": [[-0.7317382496912419, 0.0, -0.06652165906284066, 1.0], [-0.7317382496912419, 0.0, 0.06652165906283969, 1.0], [-0.8647815678169223, 0.0, 0.06652165906283959, 1.0], [-0.8647815678169223, 0.0, 0.13304331812567977, 1.0], [-0.9978248859426027, 0.0, -6.6468489775046885e-16, 1.0], [-0.8647815678169223, 0.0, -0.13304331812568088, 1.0], [-0.8647815678169223, 0.0, -0.06652165906284076, 1.0], [-0.7317382496912419, 0.0, -0.06652165906284066, 1.0]], "overrideEnabled": true, "useOutlinerColor": false, "outlinerColor": [0.0, 0.0, 0.0]}, "arrow_4way_circle2Shape1": {"overrideRGBColors": true, "knots": [0.0, 1.0, 2.0, 3.0, 4.0, 5.0, 6.0, 7.0], "degree": 1, "form": 1, "overrideColorRGB": [0.15999996662139893, 0.2999999225139618, 0.875], "cvs": [[-0.06652165906284017, 0.0, 0.7317382496912419, 1.0], [0.06652165906284017, 0.0, 0.7317382496912419, 1.0], [0.06652165906284017, 0.0, 0.8647815678169223, 1.0], [0.13304331812568035, 0.0, 0.8647815678169223, 1.0], [0.0, 0.0, 0.9978248859426027, 1.0], [-0.13304331812568035, 0.0, 0.8647815678169223, 1.0], [-0.06652165906284017, 0.0, 0.8647815678169223, 1.0], [-0.06652165906284017, 0.0, 0.7317382496912419, 1.0]], "overrideEnabled": true, "useOutlinerColor": false, "outlinerColor": [0.0, 0.0, 0.0]}, "arrow_4way_circle2Shape3": {"overrideRGBColors": true, "knots": [0.0, 1.0, 2.0, 3.0, 4.0, 5.0, 6.0, 7.0], "degree": 1, "form": 1, "overrideColorRGB": [0.15999996662139893, 0.2999999225139618, 0.875], "cvs": [[0.0665216590628405, 0.0, -0.7317382496912419, 1.0], [-0.06652165906283986, 0.0, -0.7317382496912419, 1.0], [-0.06652165906283979, 0.0, -0.8647815678169223, 1.0], [-0.13304331812567996, 0.0, -0.8647815678169223, 1.0], [4.4312326516697927e-16, 0.0, -0.9978248859426027, 1.0], [0.1330433181256807, 0.0, -0.8647815678169223, 1.0], [0.06652165906284056, 0.0, -0.8647815678169223, 1.0], [0.0665216590628405, 0.0, -0.7317382496912419, 1.0]], "overrideEnabled": true, "useOutlinerColor": false, "outlinerColor": [0.0, 0.0, 0.0]}, "arrow_4way_circle2Shape2": {"overrideRGBColors": true, "knots": [0.0, 1.0, 2.0, 3.0, 4.0, 5.0, 6.0, 7.0], "degree": 1, "form": 1, "overrideColorRGB": [0.15999996662139893, 0.2999999225139618, 0.875], "cvs": [[0.7317382496912419, 0.0, 0.06652165906284034, 1.0], [0.7317382496912419, 0.0, -0.06652165906284001, 1.0], [0.8647815678169223, 0.0, -0.06652165906283998, 1.0], [0.8647815678169223, 0.0, -0.13304331812568015, 1.0], [0.9978248859426027, 0.0, 2.2156163258348963e-16, 1.0], [0.8647815678169223, 0.0, 0.13304331812568052, 1.0], [0.8647815678169223, 0.0, 0.06652165906284037, 1.0], [0.7317382496912419, 0.0, 0.06652165906284034, 1.0]], "overrideEnabled": true, "useOutlinerColor": false, "outlinerColor": [0.0, 0.0, 0.0]}}