{"arrow_1_thinbev1Shape": {"overrideRGBColors": true, "knots": [0.0, 0.04130319527, 0.08301892593, 0.9087579747, 0.9590920145, 1.0, 1.055813631, 1.106182218, 3.910311813, 3.949630703, 4.0, 4.039468602, 4.080657454, 4.868862819, 4.930017675, 5.0, 5.01838935, 5.035769882, 5.949733429, 5.971967003, 6.0, 6.022862229, 6.046531677, 6.948641162, 6.97377342, 7.0, 7.063481026, 7.127883716, 7.909195217, 7.955552118, 8.0, 8.043504274, 8.086858585, 10.89098822, 10.9606921, 11.0], "degree": 1, "form": 1, "overrideColorRGB": [0.26800012588500977, 0.18285703659057617, 1.0], "cvs": [[0.20045455517238334, 4.6629367034256524e-17, 0.9902450208503221, 1.0], [0.18996328534917417, 4.2777483330391725e-17, 0.9976175571938914, 1.0], [0.1751320511094012, 3.8887127098297065e-17, 0.9999999999999997, 1.0], [-0.17167834937399876, -3.812025126093137e-17, 1.0000000000000002, 1.0], [-0.18963769437112094, -4.281434009323353e-17, 0.9970551909849875, 1.0], [-0.20373445452638236, -4.662936703425662e-17, 0.9894038662837406, 1.0], [-0.20888812328728476, -4.662936703425662e-17, 0.9758922700390074, 1.0], [-0.2099999999999988, -4.662936703425662e-17, 0.9620575541013335, 1.0], [-0.21000000000000005, -4.6629367034256567e-17, -0.03995142117866641, 1.0], [-0.2116576546447496, -4.6629367034256567e-17, -0.05465278253728185, 1.0], [-0.21857796621213144, -4.6629367034256567e-17, -0.06485169482322363, 1.0], [-0.2304849109202618, -5.048543469499126e-17, -0.07003192755805163, 1.0], [-0.24548927975999998, -5.450957013763966e-17, -0.07199999999999969, 1.0], [-0.5922996403600003, -1.3151693964097436e-16, -0.07199999999999926, 1.0], [-0.6167619606315934, -1.3749174621047193e-16, -0.07566691526717108, 1.0], [-0.6275028869418585, -1.4432899320127036e-16, -0.08364833124407231, 1.0], [-0.6268441593479259, -1.4167487683014463e-16, -0.0986638434693446, 1.0], [-0.621030932558579, -1.3916636214528208e-16, -0.11234275567277564, 1.0], [-0.028384288043935484, -7.254923584110112e-18, -0.9583564357357435, 1.0], [-0.013726652892737367, -4.045974233424243e-18, -0.9748639426481963, 1.0], [-1.2326877045398919e-15, 4.930380657631324e-32, -0.9814144065403821, 1.0], [0.014860448849998946, 3.299682493906968e-18, -0.9735356186563053, 1.0], [0.03024559004999878, 6.7158700933767464e-18, -0.9568186037440001, 1.0], [0.6166167553, 1.3691642382074326e-16, -0.11966100166400037, 1.0], [0.6221089329809779, 1.4054373731475774e-16, -0.10368405947869323, 1.0], [0.6239451079882568, 1.4432899320127036e-16, -0.08868078914140373, 1.0], [0.6125779706363511, 1.3812692069237188e-16, -0.07789046624822309, 1.0], [0.5937311649599997, 1.3183480195522177e-16, -0.07200000000000073, 1.0], [0.24995410452, 5.550096038753341e-17, -0.07200000000000031, 1.0], [0.23430114921520706, 5.0971908489572124e-17, -0.0694454947733503, 1.0], [0.2215185944233729, 4.662936703425658e-17, -0.06532683810608392, 1.0], [0.21463837626970222, 4.662936703425658e-17, -0.05395688553518621, 1.0], [0.20999999999999994, 4.662936703425657e-17, -0.04096253229333364, 1.0], [0.21000000000000116, 4.6629367034256524e-17, 0.9610464572799998, 1.0], [0.20707507137784392, 4.6629367034256524e-17, 0.9773790597060839, 1.0], [0.20045455517238334, 4.6629367034256524e-17, 0.9902450208503221, 1.0]], "overrideEnabled": true, "useOutlinerColor": false, "outlinerColor": [0.0, 0.0, 0.0]}}