{"spineMas_01_CON_newControlShape": {"overrideRGBColors": false, "knots": [15.74575077, 15.74575077, 15.74575077, 15.994336930000005, 15.994336930000005, 15.994336930000005, 16.994336930000003, 16.994336930000003, 16.994336930000003, 17.994336930000003, 17.994336930000003, 17.994336930000003, 18.994336930000003, 18.994336930000003, 18.994336930000003, 19.994336930000003, 19.994336930000003, 19.994336930000003, 20.253014205, 20.253014205, 20.253014205, 20.88520212, 21.502214874, 21.502214874, 21.502214874, 21.758286319, 21.758286319, 21.758286319, 22.758286319, 22.758286319, 22.758286319, 23.758286319, 23.758286319, 23.758286319, 24.758286319, 24.758286319, 24.758286319, 25.758286319, 25.758286319, 25.758286319, 26.014851715, 26.014851715, 26.014851715, 26.633484611, 27.244006169, 27.244006169, 27.244006169, 27.495894293, 27.495894293, 27.495894293, 28.495894293, 28.495894293, 28.495894293, 29.495894293, 29.495894293, 29.495894293, 30.495894293, 30.495894293, 30.495894293, 31.495894293, 31.495894293, 31.495894293, 31.758026583, 31.758026583, 31.758026583, 32.371381249, 32.991210664, 32.991210664, 32.991210664, 33.247937674, 33.247937674, 33.247937674, 34.247937674, 34.247937674, 34.247937674, 35.247937674, 35.247937674, 35.247937674, 36.247937674, 36.247937674, 36.247937674, 37.247937674, 37.247937674, 37.247937674, 37.502186904, 37.502186904, 37.502186904, 38.1210905535, 38.742038981499995, 38.742038981499995, 38.742038981499995], "degree": 3, "form": 1, "overrideColorRGB": [0.0, 0.0, 0.0], "cvs": [[-0.5404107380264986, 2.636779683484747e-16, -0.16606350042098267, 1.0], [-0.5816918259123055, 2.636779683484747e-16, -0.16606350042098267, 1.0], [-0.6229729137981161, 2.7755575615628914e-16, -0.16606350042098267, 1.0], [-0.6642540016839269, 2.7755575615628914e-16, -0.16606350042098267, 1.0], [-0.6642540016839269, 2.7755575615628914e-16, -0.22141800056131153, 1.0], [-0.6642540016839269, 2.220446049250313e-16, -0.2767725007016365, 1.0], [-0.6642540016839269, 2.636779683484747e-16, -0.33212700084196173, 1.0], [-0.7749630019645811, 3.191891195797325e-16, -0.22141800056131153, 1.0], [-0.8856720022452356, 3.191891195797325e-16, -0.11070900028065395, 1.0], [-0.9963810025258891, 4.0245584642661925e-16, 0.0, 1.0], [-0.8856720022452356, 4.163336342344337e-16, 0.11070900028065395, 1.0], [-0.7749630019645811, 4.163336342344337e-16, 0.22141800056130787, 1.0], [-0.6642540016839269, 4.579669976578771e-16, 0.33212700084196173, 1.0], [-0.6642540016839269, 4.0245584642661925e-16, 0.27677250070163656, 1.0], [-0.6642540016839269, 4.163336342344337e-16, 0.22141800056130787, 1.0], [-0.6642540016839269, 3.7470027081099033e-16, 0.16606350042097917, 1.0], [-0.6212971479180642, 3.7470027081099033e-16, 0.16606350042097917, 1.0], [-0.5783402941522042, 3.469446951953614e-16, 0.16606350042097917, 1.0], [-0.5400195923926953, 2.3592239273284576e-16, 0.16037923416840483, 1.0], [-0.5131751130079318, 3.191891195797325e-16, 0.24980500054157448, 1.0], [-0.41713983866560134, 3.7470027081099033e-16, 0.41397884510305855, 1.0], [-0.2537837998141388, 4.163336342344337e-16, 0.5108319251554069, 1.0], [-0.16606350042097914, 3.7470027081099033e-16, 0.5366816401402483, 1.0], [-0.16606350042097914, 3.191891195797325e-16, 0.5792057606548107, 1.0], [-0.16606350042097914, 4.163336342344337e-16, 0.6217298811693656, 1.0], [-0.16606350042097914, 3.191891195797325e-16, 0.6642540016839268, 1.0], [-0.22141800056131153, 3.191891195797325e-16, 0.6642540016839268, 1.0], [-0.2767725007016366, 4.163336342344337e-16, 0.6642540016839269, 1.0], [-0.3321270008419617, 4.163336342344337e-16, 0.6642540016839269, 1.0], [-0.22141800056131153, 3.191891195797325e-16, 0.7749630019645811, 1.0], [-0.11070900028065395, 5.828670879282072e-16, 0.8856720022452356, 1.0], [1.6754599701913915e-18, 4.0245584642661925e-16, 0.996381002525889, 1.0], [0.11070900028065395, 5.828670879282072e-16, 0.8856720022452356, 1.0], [0.2214180005613079, 2.220446049250313e-16, 0.7749630019645812, 1.0], [0.3321270008419617, 3.191891195797325e-16, 0.6642540016839269, 1.0], [0.2767725007016366, 3.191891195797325e-16, 0.6642540016839269, 1.0], [0.2214180005613079, 3.191891195797325e-16, 0.6642540016839269, 1.0], [0.16606350042097914, 3.191891195797325e-16, 0.6642540016839269, 1.0], [0.16606350042097914, 3.0531133177191805e-16, 0.6216478539372721, 1.0], [0.16606350042097914, 2.636779683484747e-16, 0.5790417061906168, 1.0], [0.16612263177444853, 4.579669976578771e-16, 0.5382628773917736, 1.0], [0.2533599596508539, 3.7470027081099033e-16, 0.5110830377563709, 1.0], [0.4141804960679893, 3.7470027081099033e-16, 0.4158700917962736, 1.0], [0.5098235560302729, 3.191891195797325e-16, 0.25547966938132444, 1.0], [0.538765730926185, 1.249000902703301e-16, 0.16606350042097925, 1.0], [0.5805951545120978, 1.1102230246251565e-16, 0.16606350042097925, 1.0], [0.6224245780980143, 8.326672684688674e-17, 0.16606350042097925, 1.0], [0.6642540016839269, 8.326672684688674e-17, 0.16606350042097925, 1.0], [0.6642540016839269, 1.1102230246251565e-16, 0.22141800056130787, 1.0], [0.6642540016839269, 1.6653345369377348e-16, 0.2767725007016365, 1.0], [0.6642540016839269, 1.249000902703301e-16, 0.33212700084196173, 1.0], [0.7749630019645811, 8.326672684688674e-17, 0.22141800056130787, 1.0], [0.8856720022452356, 2.7755575615628914e-17, 0.11070900028065395, 1.0], [0.9963810025258891, 1.3877787807814457e-17, 0.0, 1.0], [0.8856720022452356, -2.7755575615628914e-17, -0.11070900028065395, 1.0], [0.7749630019645811, 1.3877787807814457e-17, -0.22141800056130787, 1.0], [0.6642540016839269, -4.163336342344337e-17, -0.33212700084196173, 1.0], [0.6642540016839269, 1.3877787807814457e-17, -0.2767725007016366, 1.0], [0.6642540016839269, 1.3877787807814457e-17, -0.22141800056130787, 1.0], [0.6642540016839269, 1.3877787807814457e-17, -0.16606350042097917, 1.0], [0.6207233960331598, 1.3877787807814457e-17, -0.16606350042097917, 1.0], [0.5771927903823921, 1.3877787807814457e-17, -0.16606350042097917, 1.0], [0.5375626481365839, 1.1102230246251565e-16, -0.16835419990225625, 1.0], [0.5102641097942655, 8.326672684688674e-17, -0.25473994754230994, 1.0], [0.4144582178471754, 1.3877787807814457e-17, -0.4158069112750791, 1.0], [0.25304679675334896, -9.71445146547012e-17, -0.5112683458611144, 1.0], [0.16606350042097914, 2.7755575615628914e-17, -0.5363550438842919, 1.0], [0.16606350042097914, 6.938893903907228e-17, -0.5789880298175036, 1.0], [0.16606350042097914, -1.5265566588595902e-16, -0.6216210157507158, 1.0], [0.16606350042097914, 6.938893903907228e-17, -0.6642540016839268, 1.0], [0.22141800056131153, 6.938893903907228e-17, -0.6642540016839268, 1.0], [0.2767725007016366, -2.7755575615628914e-17, -0.6642540016839269, 1.0], [0.3321270008419617, -2.7755575615628914e-17, -0.6642540016839269, 1.0], [0.22141800056131153, 6.938893903907228e-17, -0.774963001964581, 1.0], [0.11070900028065395, -1.5265566588595902e-16, -0.8856720022452356, 1.0], [1.6754599701913915e-18, 1.3877787807814457e-17, -0.996381002525889, 1.0], [-0.11070900028065395, -1.5265566588595902e-16, -0.8856720022452356, 1.0], [-0.2214180005613079, 1.6653345369377348e-16, -0.7749630019645812, 1.0], [-0.3321270008419617, 2.7755575615628914e-17, -0.6642540016839269, 1.0], [-0.2767725007016366, 2.7755575615628914e-17, -0.6642540016839269, 1.0], [-0.2214180005613079, 2.7755575615628914e-17, -0.6642540016839269, 1.0], [-0.16606350042097914, 2.7755575615628914e-17, -0.6642540016839269, 1.0], [-0.16606350042097914, 6.938893903907228e-17, -0.6220324845707892, 1.0], [-0.16606350042097914, 8.326672684688674e-17, -0.5798109674576514, 1.0], [-0.16606350042097914, 1.1102230246251565e-16, -0.5375894503445093, 1.0], [-0.253289106607812, 1.3877787807814457e-17, -0.5111249808899947, 1.0], [-0.4155237843968215, 2.7755575615628914e-17, -0.41509785602114785, 1.0], [-0.5114415386222266, 8.326672684688674e-17, -0.25275380758869753, 1.0], [-0.5385672064181842, 1.1102230246251565e-16, -0.165142784342058, 1.0]], "overrideEnabled": true, "useOutlinerColor": false,