{"arrow_4way_circleShape1": {"overrideRGBColors": true, "knots": [0.0, 1.0], "degree": 1, "form": 1, "overrideColorRGB": [0.15999996662139893, 0.2999999225139618, 0.875], "cvs": [[-0.43159306329244723, -3.837431973541536e-28, -0.23836272929427, 1.0], [-0.5948771759623003, 0.0, -0.1982923919874333, 1.0]], "overrideEnabled": true, "useOutlinerColor": false, "outlinerColor": [0.0, 0.0, 0.0]}, "arrow_4way_circleShape2": {"overrideRGBColors": true, "knots": [0.0, 1.0, 2.0, 3.0, 4.0, 5.0], "degree": 1, "form": 1, "overrideColorRGB": [0.15999996662139893, 0.2999999225139618, 0.875], "cvs": [[-0.5948771759623003, 0.0, -0.1982923919874333, 1.0], [-0.5948771759623003, 0.0, -0.3965847839748666, 1.0], [-0.991461959937167, 0.0, 0.0, 1.0], [-0.5948771759623003, 0.0, 0.3965847839748666, 1.0], [-0.5948771759623003, 0.0, 0.1982923919874333, 1.0], [-0.4315930628157218, -3.837431973541536e-28, 0.23836272929427, 1.0]], "overrideEnabled": true, "useOutlinerColor": false, "outlinerColor": [0.0, 0.0, 0.0]}, "arrow_4way_circleShape3": {"overrideRGBColors": true, "knots": [0.0, 0.0, 0.0, 1.0, 2.0, 2.0, 2.0], "degree": 3, "form": 1, "overrideColorRGB": [0.15999996662139893, 0.2999999225139618, 0.875], "cvs": [[0.23836272943501366, -2.6427453144170662e-17, 0.4315930627865396, 1.0], [0.27891239780317867, -2.5066249644781022e-17, 0.4093629226296001, 1.0], [0.35380389440530785, -2.1664240340850192e-17, 0.3538038944053082, 1.0], [0.4093629226296, -1.707845876099257e-17, 0.2789123978031789, 1.0], [0.43159306278653947, -1.4595507682314566e-17, 0.23836272943501408, 1.0]], "overrideEnabled": true, "useOutlinerColor": false, "outlinerColor": [0.0, 0.0, 0.0]}, "arrow_4way_circleShape4": {"overrideRGBColors": true, "knots": [0.0, 0.0, 0.0, 1.0, 2.0, 2.0, 2.0], "degree": 3, "form": 1, "overrideColorRGB": [0.15999996662139893, 0.2999999225139618, 0.875], "cvs": [[-0.4315930627865397, -1.4595507682314548e-17, 0.2383627294350136, 1.0], [-0.40936292262960017, -1.707845876099255e-17, 0.2789123978031786, 1.0], [-0.35380389440530824, -2.1664240340850177e-17, 0.35380389440530813, 1.0], [-0.27891239780317884, -2.5066249644781022e-17, 0.40936292262960006, 1.0], [-0.2383627294350138, -2.6427453144170665e-17, 0.4315930627865396, 1.0]], "overrideEnabled": true, "useOutlinerColor": false, "outlinerColor": [0.0, 0.0, 0.0]}, "arrow_4way_circleShape5": {"overrideRGBColors": true, "knots": [0.0, 1.0, 2.0, 3.0, 4.0, 5.0, 6.0], "degree": 1, "form": 1, "overrideColorRGB": [0.15999996662139893, 0.2999999225139618, 0.875], "cvs": [[-0.2383627292942701, -3.837431973541536e-28, 0.4315930628157214, 1.0], [-0.1982923919874334, 0.0, 0.5948771759623, 1.0], [-0.3965847839748668, 0.0, 0.5948771759623, 1.0], [0.0, 0.0, 0.9914619599371662, 1.0], [0.3965847839748668, 0.0, 0.5948771759623, 1.0], [0.1982923919874334, 0.0, 0.5948771759623, 1.0], [0.2383627292942701, -3.837431973541536e-28, 0.43159306329244695, 1.0]], "overrideEnabled": true, "useOutlinerColor": false, "outlinerColor": [0.0, 0.0, 0.0]}, "arrow_4way_circleShape6": {"overrideRGBColors": true, "knots": [0.0, 0.0, 0.0, 1.0, 2.0, 2.0, 2.0], "degree": 3, "form": 1, "overrideColorRGB": [0.15999996662139893, 0.2999999225139618, 0.875], "cvs": [[0.4315930627865397, 1.4595507681547063e-17, -0.23836272943501358, 1.0], [0.4093629226296002, 1.7078458760225038e-17, -0.27891239780317856, 1.0], [0.3538038944053084, 2.1664240340082677e-17, -0.35380389440530774, 1.0], [0.27891239780317895, 2.5066249644013513e-17, -0.4093629226296, 1.0], [0.23836272943501408, 2.6427453143403156e-17, -0.43159306278653947, 1.0]], "overrideEnabled": true, "useOutlinerColor": false, "outlinerColor": [0.0, 0.0, 0.0]}, "arrow_4way_circleShape7": {"overrideRGBColors": true, "knots": [0.0, 1.0, 2.0, 3.0, 4.0, 5.0, 6.0], "degree": 1, "form": 1, "overrideColorRGB": [0.15999996662139893, 0.2999999225139618, 0.875], "cvs": [[0.2383627292942701, -3.837431973541536e-28, -0.43159306329244695, 1.0], [0.1982923919874334, 0.0, -0.5948771759623, 1.0], [0.3965847839748668, 0.0, -0.5948771759623, 1.0], [0.0, 0.0, -0.9914619599371662, 1.0], [-0.3965847839748668, 0.0, -0.5948771759623, 1.0], [-0.1982923919874334, 0.0, -0.5948771759623, 1.0], [-0.2383627292942701, -3.837431973541536e-28, -0.43159306329244695, 1.0]], "overrideEnabled": true, "useOutlinerColor": false, "outlinerColor": [0.0, 0.0, 0.0]}, "arrow_4way_circleShape8": {"overrideRGBColors": true, "knots": [0.0, 1.0, 2.0, 3.0, 4.0, 5.0, 6.0], "degree": 1, "form": 1, "overrideColorRGB": [0.15999996662139893, 0.2999999225139618, 0.875], "cvs": [[0.43159306329244723, -3.837431973541536e-28, 0.23836272929427, 1.0], [0.5948771759623003, 0.0, 0.1982923919874333, 1.0], [0.5948771759623003, 0.0, 0.3965847839748666, 1.0], [0.991461959937167, 0.0, 0.0, 1.0], [0.5948771759623003, 0.0, -0.3965847839748666, 1.0], [0.5948771759623003, 0.0, -0.1982923919874333, 1.0], [0.43159306329244723, -3.837431973541536e-28, -0.23836272929427, 1.0]], "overrideEnabled": true, "useOutlinerColor": false, "outlinerColor": [0.0, 0.0, 0.0]}, "arrow_4way_circleShape": {"overrideRGBColors": true, "knots": [0.0, 0.0, 0.0, 1.0, 2.0, 2.0, 2.0], "degree": 3, "form": 1, "overrideColorRGB": [0.15999996662139893, 0.2999999225139618, 0.875], "cvs": [[-0.23836272929900987, 2.6427453147968642e-17, -0.4315930628610995, 1.0], [-0.27891239771944976, 2.506624964781698e-17, -0.40936292269171554, 1.0], [-0.35380389437425047, 2.166424034264615e-17, -0.3538038944471727, 1.0], [-0.40936292262960006, 1.7078458760225053e-17, -0.2789123978031788, 1.0], [-0.4315930627865396, 1.4595507681547075e-17, -0.2383627294350138, 1.0]], "overrideEnabled": true, "useOutlinerColor": false, "outlinerColor": [0.0, 0.0, 0.0]}}