{"arrow_1_slightBevelShape": {"overrideRGBColors": false, "knots": [0.0, 1.0, 2.0, 3.0, 4.0, 5.0, 6.0, 7.0, 8.0, 9.0, 10.0, 11.0, 12.0, 13.0, 14.0, 15.0, 16.0, 17.0, 18.0, 19.0, 20.0, 21.0, 22.0, 23.0, 24.0, 25.0, 26.0, 27.0, 28.0, 29.0, 30.0, 31.0, 32.0, 33.0, 34.0, 35.0, 36.0, 37.0, 38.0, 39.0, 40.0, 41.0], "degree": 1, "form": 3, "overrideColorRGB": [0.0, 0.0, 0.0], "cvs": [[0.8290225567179733, 1.3388308643419898e-16, -0.12059116363525413, 1.0], [0.8407373012858445, 1.535553207550617e-16, -0.13831033706665097, 1.0], [0.8446422161418013, 1.7602456374687652e-16, -0.1585488319396975, 1.0], [0.8407373012858445, 1.9849380673869135e-16, -0.17878732681274445, 1.0], [0.8290225567179733, 2.1816614693867247e-16, -0.19650659561157258, 1.0], [0.040980869706254475, 1.0930680663444154e-15, -0.9845481872558597, 1.0], [0.03183789866743614, 1.1012027590116089e-15, -0.9918752670288089, 1.0], [0.021750122483354173, 1.1066800975650288e-15, -0.9968088150024415, 1.0], [0.011032539780717388, 1.1096402659574458e-15, -0.9994750976562503, 1.0], [5.3818803302796425e-08, 1.1102230246251567e-15, -1.0000000000000002, 1.0], [-0.011032432143110671, 1.1096402659574458e-15, -0.9994750976562503, 1.0], [-0.021750014845747456, 1.1066800975650288e-15, -0.9968088150024415, 1.0], [-0.03183779102982942, 1.1012027590116089e-15, -0.9918752670288089, 1.0], [-0.04098085743607949, 1.0930680663444154e-15, -0.9845481872558597, 1.0], [-0.8290224639815278, 2.1816614693867247e-16, -0.19650659561157258, 1.0], [-0.8407372782123275, 1.9849380673869135e-16, -0.17878732681274445, 1.0], [-0.8446422161418013, 1.7602456374687652e-16, -0.1585488319396975, 1.0], [-0.8407372782123275, 1.535553207550617e-16, -0.13831033706665097, 1.0], [-0.8290224639815278, 1.3388308643419898e-16, -0.12059116363525413, 1.0], [-0.6113536773365922, -1.0703193024800045e-16, 0.09640579223632773, 1.0], [-0.5936344800633379, -1.2003801527397182e-16, 0.10812063217163059, 1.0], [-0.5733959851902909, -1.2437334165625615e-16, 0.11202554702758749, 1.0], [-0.553157490317244, -1.2003801527397182e-16, 0.10812063217163059, 1.0], [-0.5354383168858475, -1.0703193024800045e-16, 0.09640579223632773, 1.0], [-0.20691966396989292, 2.5769706870791226e-16, -0.2321128845214846, 1.0], [-0.20691966396989292, -1.050553662924374e-15, 0.9462546169757842, 1.0], [-0.2026788173359818, -1.0737221580839269e-15, 0.9671229422092436, 1.0], [-0.19113196713151404, -1.092695150163219e-15, 0.9842122942209242, 1.0], [-0.17404260021867224, -1.1055147390482841e-15, 0.9957591533660886, 1.0], [-0.15317429882707068, -1.1102230246251567e-15, 1.0, 1.0], [0.15384622233686973, -1.1102230246251567e-15, 1.0, 1.0], [0.1747145237284714, -1.1055147390482841e-15, 0.9957591533660886, 1.0], [0.1918038906413132, -1.092695150163219e-15, 0.9842122942209242, 1.0], [0.2033506931620651, -1.0737221580839269e-15, 0.9671229422092436, 1.0], [0.20759158747969197, -1.050553662924374e-15, 0.9462546169757842, 1.0], [0.20759158747969197, 2.5769706870791226e-16, -0.2321128845214846, 1.0], [0.5361102642375045, -1.0703193024800045e-16, 0.09640579223632773, 1.0], [0.5538294376689011, -1.2003801527397182e-16, 0.10812063217163059, 1.0], [0.5740679325419479, -1.2437334165625615e-16, 0.11202554702758749, 1.0], [0.5943064274149948, -1.2003801527397182e-16, 0.10812063217163059, 1.0], [0.6120256008463912, -1.0703193024800045e-16, 0.09640579223632773, 1.0], [0.8290225567179733, 1.3388308643419898e-16, -0.12059116363525413, 1.0]], "overrideEnabled": false, "useOutlinerColor": false, "outlinerColor": [0.0, 0.0, 0.0]}}