{"arrow_4way_regbevShape": {"overrideRGBColors": false, "knots": [0.0, 1.0, 2.0, 3.0, 4.0, 5.0, 6.0, 7.0, 8.0, 9.0, 10.0, 11.0, 12.0, 13.0, 14.0, 15.0, 16.0, 17.0, 18.0, 19.0, 20.0, 21.0, 22.0, 23.0, 24.0, 25.0, 26.0, 27.0, 28.0, 29.0, 30.0, 31.0, 32.0, 33.0, 34.0, 35.0, 36.0, 37.0, 38.0, 39.0, 40.0, 41.0, 42.0, 43.0, 44.0, 45.0, 46.0, 47.0, 48.0, 49.0, 50.0, 51.0, 52.0, 53.0, 54.0, 55.0, 56.0, 57.0, 58.0, 59.0, 60.0, 61.0, 62.0, 63.0, 64.0, 65.0, 66.0, 67.0, 68.0, 69.0, 70.0, 71.0, 72.0, 73.0, 74.0, 75.0, 76.0, 77.0, 78.0, 79.0, 80.0, 81.0, 82.0, 83.0, 84.0, 85.0, 86.0, 87.0, 88.0, 89.0, 90.0, 91.0, 92.0, 93.0, 94.0, 95.0, 96.0, 97.0, 98.0, 99.0, 100.0, 101.0, 102.0, 103.0, 104.0, 105.0, 106.0, 107.0, 108.0, 109.0, 110.0, 111.0, 112.0, 113.0, 114.0, 115.0, 116.0, 117.0, 118.0, 119.0, 120.0], "degree": 1, "form": 3, "overrideColorRGB": [0.0, 0.0, 0.0], "cvs": [[0.6112628817325458, -8.643937874807837e-16, 0.3535767197841775, 1.0], [0.6236514925723895, -8.750042515736831e-16, 0.3631337762111797, 1.0], [0.6394788622623311, -8.768568714480058e-16, 0.36480246784631154, 1.0], [0.6548004030948504, -8.682674809068144e-16, 0.3570658326381815, 1.0], [0.9924487948184832, -4.934025151271423e-16, 0.019417488598264754, 1.0], [0.9985166430240497, -4.832973061872801e-16, 0.010315525555051774, 1.0], [1.0005393862491474, -4.718447854656915e-16, 1.1944211841807828e-08, 1.0], [0.9985166430240497, -4.603922647441029e-16, -0.01031550166662809, 1.0], [0.9924487948184832, -4.502870558042407e-16, -0.01941746470984107, 1.0], [0.6548004030948504, -7.542214296412785e-17, -0.35706576106604215, 1.0], [0.6401023745303973, -6.683269948337721e-17, -0.36480244395788786, 1.0], [0.6245954394107684, -6.868526641814077e-17, -0.3631338000064721, 1.0], [0.6123247027164325, -7.929573051104017e-17, -0.3535767435794699, 1.0], [0.6073354601627217, -9.697987262557864e-17, -0.3376482844119897, 1.0], [0.6073354601627217, -2.1674503741141637e-16, -0.22977341411169672, 1.0], [0.605076777911745, -2.2918932783512133e-16, -0.21856459376867887, 1.0], [0.5989751696353778, -2.3905122656088474e-16, -0.20968178508337587, 1.0], [0.5900418162113057, -2.45544792892773e-16, -0.20383290050085634, 1.0], [0.5792879938846454, -2.478839802557342e-16, -0.2017259478336202, 1.0], [0.22977341411169627, -2.478839802557342e-16, -0.2017259478336202, 1.0], [0.21856459376867865, -2.453763392153878e-16, -0.2039846300845971, 1.0], [0.20968178508337587, -2.3860208734060315e-16, -0.21008633372839558, 1.0], [0.20383290050085634, -2.2868407268208414e-16, -0.21901968715246767, 1.0], [0.20172594783361997, -2.1674503741141637e-16, -0.22977341411169672, 1.0], [0.20172594783361997, 1.7129409649469787e-16, -0.5792879938846456, 1.0], [0.20398463008459666, 1.8373849279752124e-16, -0.5904969095950952, 1.0], [0.21008633372839536, 1.9360039152328465e-16, -0.5993797182803977, 1.0], [0.21901968715246767, 2.0009395785517293e-16, -0.6052286028629172, 1.0], [0.22977341411169627, 2.0243303933901568e-16, -0.6073354601627221, 1.0], [0.33764828441198924, 2.0243303933901568e-16, -0.6073354601627221, 1.0], [0.35357674357946967, 2.0797221129758518e-16, -0.6123247027164327, 1.0], [0.36313380000647166, 2.2159546570474972e-16, -0.6245954394107684, 1.0], [0.36480244395788763, 2.388116221159302e-16, -0.6401023745303975, 1.0], [0.35706576106604193, 2.551297118447843e-16, -0.6548004030948507, 1.0], [0.019417464709840626, 6.299947305640156e-16, -0.9924487948184835, 1.0], [0.010315501666627869, 6.367313953517658e-16, -0.99851664302405, 1.0], [-1.1944212063852433e-08, 6.389770914531738e-16, -1.0005393862491476, 1.0], [-0.010315525555051885, 6.367313953517658e-16, -0.99851664302405, 1.0], [-0.019417488598264754, 6.299947305640156e-16, -0.9924487948184835, 1.0], [-0.3570658326381817, 2.551297118447843e-16, -0.6548004030948507, 1.0], [-0.36480246784631165, 2.388116221159302e-16, -0.6401023745303975, 1.0], [-0.3631337762111798, 2.2159546570474972e-16, -0.6245954394107684, 1.0], [-0.3535767197841778, 2.0797221129758518e-16, -0.6123247027164327, 1.0], [-0.337648355984129, 2.0243303933901568e-16, -0.6073354601627221, 1.0], [-0.22977348568383604, 2.0243303933901568e-16, -0.6073354601627221, 1.0], [-0.21856461765710267, 1.9992539829866932e-16, -0.6050767779117452, 1.0], [-0.20968176128808413, 1.9315125230300306e-16, -0.598975169635378, 1.0], [-0.20383292438928036, 1.8323323764448405e-16, -0.5900418162113059, 1.0], [-0.20172601940575985, 1.7129409649469787e-16, -0.5792879938846456, 1.0], [-0.20172601940575985, -2.1674503741141637e-16, -0.22977341411169672, 1.0], [-0.20398465397302057, -2.2918932783512133e-16, -0.21856459376867887, 1.0], [-0.21008630993310362, -2.3905122656088474e-16, -0.20968178508337587, 1.0], [-0.21901971104089168, -2.45544792892773e-16, -0.20383290050085634, 1.0], [-0.22977348568383604, -2.478839802557342e-16, -0.2017259478336202, 1.0], [-0.5792880177730695, -2.478839802557342e-16, -0.2017259478336202, 1.0], [-0.5904969334835186, -2.453763392153878e-16, -0.2039846300845971, 1.0], [-0.5993797421688214, -2.3860208734060315e-16, -0.21008633372839558, 1.0], [-0.6052285790676251, -2.2868407268208414e-16, -0.21901968715246767, 1.0], [-0.6073355078930036, -2.1674503741141637e-16, -0.22977341411169672, 1.0], [-0.6073355078930036, -9.697987262557864e-17, -0.3376482844119897, 1.0], [-0.6123247266048566, -7.929573051104017e-17, -0.3535767435794699, 1.0], [-0.6245954871410504, -6.868526641814077e-17, -0.3631338000064721, 1.0], [-0.6401024937862531, -6.683269948337721e-17, -0.36480244395788786, 1.0], [-0.6548004508251324, -7.542214296412785e-17, -0.35706576106604215, 1.0], [-0.9924487710231915, -4.502870558042407e-16, -0.01941746470984107, 1.0], [-0.9985167325707153, -4.603922647441029e-16, -0.01031550166662809, 1.0], [-1.0005393862491474, -4.718447854656915e-16, 1.1944211841807828e-08, 1.0], [-0.9985167325707153, -4.832973061872801e-16, 0.010315525555051774, 1.0], [-0.9924487710231915, -4.934025151271423e-16, 0.019417488598264754, 1.0], [-0.6548004508251324, -8.682674809068144e-16, 0.3570658326381815, 1.0], [-0.6401024937862531, -8.768568714480058e-16, 0.36480246784631154, 1.0], [-0.6245954871410504, -8.750042515736831e-16, 0.3631337762111797, 1.0], [-0.6123247266048566, -8.643937874807837e-16, 0.3535767197841775, 1.0], [-0.6073355078930036, -8.467097512453636e-16, 0.3376483559841288, 1.0], [-0.6073355078930036, -7.269445864595259e-16, 0.22977348568383582, 1.0], [-0.6050768733257428, -7.145002430962617e-16, 0.21856461765710256, 1.0], [-0.5989751935238019, -7.046382914309391e-16, 0.2096817612880839, 1.0], [-0.5900417924160137, -6.9814477803861e-16, 0.20383292438928002, 1.0], [-0.5792880177730695, -6.958056436152081e-16, 0.20172601940575952, 1.0], [-0.22977348568383604, -6.958056436152081e-16, 0.20172601940575952, 1.0], [-0.21856461765710267, -6.983132317159952e-16, 0.20398465397302035, 1.0], [-0.20968176128808413, -7.050874306512207e-16, 0.21008630993310362, 1.0], [-0.20383292438928036, -7.150054982492989e-16, 0.21901971104089135, 1.0], [-0.20172601940575985, -7.269445864595259e-16, 0.22977348568383582, 1.0], [-0.20172601940575985, -1.114983667426081e-15, 0.5792880177730693, 1.0], [-0.20398465397302057, -1.1274280637289043e-15, 0.5904969334835184, 1.0], [-0.21008630993310362, -1.1372899624546677e-15, 0.5993797421688212, 1.0], [-0.21901971104089168, -1.1437834758469968e-15, 0.6052285790676248, 1.0], [-0.22977348568383604, -1.1461226367401783e-15, 0.6073355078930034, 1.0], [-0.337648355984129, -1.1461226367401783e-15, 0.6073355078930034, 1.0], [-0.3535767197841778, -1.1516617822289682e-15, 0.6123247266048564, 1.0], [-0.3631337762111798, -1.1652850631059124e-15, 0.6245954871410502, 1.0], [-0.36480246784631165, -1.1825012989264316e-15, 0.640102493786253, 1.0], [-0.3570658326381817, -1.198819309245947e-15, 0.6548004508251322, 1.0], [-0.019417488598264754, -1.5736842485558394e-15, 0.9924487710231913, 1.0], [-0.010315525555051885, -1.5804210391784404e-15, 0.9985167325707152, 1.0], [-1.1944212063852433e-08, -1.5826666358630785e-15, 1.0005393862491472, 1.0], 