{"polyToCurve2Shape3": {"overrideRGBColors": true, "knots": [0.0, 1.0, 2.0, 3.0, 4.0, 5.0, 6.0, 7.0, 8.0, 9.0, 10.0, 11.0, 12.0, 13.0, 14.0, 15.0, 16.0, 17.0, 18.0, 19.0, 20.0], "degree": 1, "form": 3, "overrideColorRGB": [0.0, 0.0012000000569969416, 0.1168999969959259], "cvs": [[0.9623933548868415, -1.3543364964418769e-15, -0.05510582177869505, 1.0], [0.9093955657677586, -1.2954970247930557e-15, -0.10810370629715615, 1.0], [0.8389324400354494, -1.2172673461325753e-15, -0.1785667366300867, 1.0], [0.8213659800810424, -1.2053978161655913e-15, -0.18925785877736168, 1.0], [0.8024698435894859, -1.2041515192260685e-15, -0.19038042326384685, 1.0], [0.7852504465739618, -1.2121161902174152e-15, -0.1832064854020956, 1.0], [0.7727140142488942, -1.2278797758722121e-15, -0.1690079097059023, 1.0], [0.767866962627465, -1.2500302229230407e-15, -0.14905656068906215, 1.0], [0.767866962627465, -1.5823394623203818e-15, 0.15026099265526627, 1.0], [0.7727718262722487, -1.6044898034566238e-15, 0.1702122462727278, 1.0], [0.7854238826440247, -1.6202534950260074e-15, 0.18441091736829973, 1.0], [0.8027300930939589, -1.6282181660173539e-15, 0.19158485523005098, 1.0], [0.8215972281744597, -1.6269718690778312e-15, 0.1904622907435658, 1.0], [0.8389324400354494, -1.615102339110847e-15, 0.17977116859629083, 1.0], [0.988290088569465, -1.4492820388045115e-15, 0.030413520062275712, 1.0], [0.9960952841185686, -1.4372680413415208e-15, 0.019592273162764684, 1.0], [0.9999976910943635, -1.4236173457731128e-15, 0.007296819667718779, 1.0], [0.9999976910943635, -1.4094209782549793e-15, -0.005490131425217815, 1.0], [0.9960952841185686, -1.3957701767719849e-15, -0.01778568031964234, 1.0], [0.988290088569465, -1.3837562852235806e-15, -0.028606831819774747, 1.0], [0.9623933548868415, -1.3543364964418769e-15, -0.05510582177869505, 1.0]], "overrideEnabled": true, "useOutlinerColor": false, "outlinerColor": [0.0, 0.0, 0.0]}, "polyToCurve2Shape2": {"overrideRGBColors": true, "knots": [0.0, 1.0, 2.0, 3.0, 4.0, 5.0, 6.0, 7.0, 8.0, 9.0, 10.0, 11.0, 12.0, 13.0, 14.0, 15.0, 16.0, 17.0, 18.0], "degree": 1, "form": 3, "overrideColorRGB": [0.0, 0.0012000000569969416, 0.1168999969959259], "cvs": [[-0.029510139455886805, -3.1862815239736185e-16, -0.9879889642393729, 1.0], [-0.17886778798990227, -4.844484527036976e-16, -0.8386313157053573, 1.0], [-0.1895589101371767, -5.039511410062361e-16, -0.8210648557509503, 1.0], [-0.19068147462366233, -5.249300668156216e-16, -0.8021687192593938, 1.0], [-0.18350753676191092, -5.440474378524182e-16, -0.7849493222438699, 1.0], [-0.16930896106571752, -5.579656736663633e-16, -0.7724128899188023, 1.0], [-0.14935761204887715, -5.633469819780207e-16, -0.7675658382973731, 1.0], [0.1499599412954503, -5.633469819780207e-16, -0.7675658382973731, 1.0], [0.16991119491291232, -5.57901489426935e-16, -0.7724707019421566, 1.0], [0.18410986600848406, -5.438548851341338e-16, -0.7851227583139324, 1.0], [0.19128380387023558, -5.2464113182360835e-16, -0.8024289687638668, 1.0], [0.19016123938374985, -5.036944040485235e-16, -0.8212961038443676, 1.0], [0.1794701172364754, -4.844484527036976e-16, -0.8386313157053573, 1.0], [0.029510212426163293, -3.1862815239736185e-16, -0.9879889642393729, 1.0], [0.01868906092603084, -3.0996264458704515e-16, -0.9957941597884763, 1.0], [0.006393512031606335, -3.056301025110598e-16, -0.9996965667642717, 1.0], [-0.006393439061329847, -3.056301025110598e-16, -0.9996965667642717, 1.0], [-0.01868898795575435, -3.0996264458704515e-16, -0.9957941597884763, 1.0], [-0.029510139455886805, -3.1862815239736185e-16, -0.9879889642393729, 1.0]], "overrideEnabled": true, "useOutlinerColor": false, "outlinerColor": [0.0, 0.0, 0.0]}, "polyToCurve2Shape1": {"overrideRGBColors": true, "knots": [0.0, 1.0, 2.0, 3.0, 4.0, 5.0, 6.0, 7.0, 8.0, 9.0, 10.0, 11.0, 12.0, 13.0, 14.0, 15.0, 16.0, 17.0, 18.0], "degree": 1, "form": 3, "overrideColorRGB": [0.0, 0.0012000000569969416, 0.1168999969959259], "cvs": [[-0.17886778798990227, -2.3465839020130922e-15, 0.8386311874192789, 1.0], [-0.029510139455886805, -2.512404222178413e-15, 0.9879888538406778, 1.0], [-0.01868898795575435, -2.521069670411775e-15, 0.9957939957276314, 1.0], [-0.006393439061329847, -2.5254023946318883e-15, 0.9996965667642714, 1.0], [0.006393512031606335, -2.5254023946318883e-15, 0.9996965667642714, 1.0], [0.01868906092603084, -2.521069670411775e-15, 0.9957939957276314, 1.0], [0.029510212426163293, -2.512404222178413e-15, 0.9879888538406778, 1.0], [0.17886786096017865, -2.3465839020130922e-15, 0.8386311874192789, 1.0], [0.1895589831074533, -2.3270812931464937e-15, 0.8210647990144058, 1.0], [0.19068154759393882, -2.306102354097785e-15, 0.8021686505979271, 1.0], [0.1835076097321873, -2.286984863907079e-15, 0.7849491462581022, 1.0], [0.16930903403599412, -2.27306665457178e-15, 0.7724127377828793, 1.0], [0.14935768501915375, -2.2676855316106493e-15, 0.7675658531103622, 1.0], [-0.1499598683251739, -2.2676855316106493e-15, 0.7675658531103622, 1.0], [-0.1696172918569406, -2.273130865289855e-15, 0.7724705736560782, 1.0], [-0.1836376615141474, -2.2871774431040098e-15, 0.7851226061780101, 1.0], [-0.19072001597256524, -2.3063911964145347e-15, 0.8024288166279439, 1.0], [-0.1895637755054789, -2.327338056582853e-15, 0.8212960709576678, 1.0], [-0.17886778798990227, -2.3465839020130922e-15, 0.8386311874192789, 1.0]], "overrideEnabled": true, "useOutlinerColor": false, "outlinerColor": [0.0, 0.0, 0.0]}, "polyToCurve2Shape0": {"overrideRGBColors": true, "knots": [0.0, 1.0, 2.0, 3.0, 4.0, 5.0, 6.0, 7.0, 8.0, 9.0, 10.0, 11.0, 12.0, 13.0, 14.0, 15.0, 16.0, 17.0, 18.0], "degree": 1, "form": 3, "overrideColorRGB": [0.0, 0.0012000000569969416, 0.1168999969959259], "cvs": [[-0.838330063089187, -1.2172673461325753e-15, -0.1785667366300867, 1.0], [-0.9882899775884986, -1.383087646438911e-15, -0.029209088096071145, 1.0], [-0.9960951198481058, -1.3951015379873151e-15, -0.018387936595938736, 1.0], [-0.9999976910943635, -1.4087523394703097e-15, -0.0060923877015142125, 1.0], [-0.9999976910943635, -1.4229487069884432e-15, 0.006694563391421493, 1.0], [-0.9960951198481058, -1.4365995084714378e-15, 0.018990112285846017, 1.0], [-0.9882899775884986, -1.4486134000198417e-15, 0.029811263785978426, 1.0], [-0.8389323193654836, -1.6144337003261776e-15, 0.17916891231999443, 1.0], [-0.8213659309606105, -1.6263032302931614e-15, 0.1898600344672685, 1.0], [-0.8024697706192097, -1.6275495272326845e-15, 0.19098259895375458, 1.0], [-0.7852502782043069, -1.6195848562413378e-15, 0.1838086610920029, 1.0], [-0.7727138697290841, -1.6038212705865408e-15, 0.16961008539580957, 1.0], [-0.7678669850565671, -1.5816708235357122e-15, 0.14965873637896898, 1.0], [-0.7678669850565671, -1.2493615841383712e-15, -0.14965881696535854, 1.0], [-0.7724777801172094, -1.2275374599285954e-15, -0.16931624049712513, 1.0], [-0.784951558900465, -1.2119717227214085e-15, -0.1833366101543321, 1.0], [-0.8021662455716772, -1.2041087297331165e-15, -0.19041896461274987, 1.0], [-0.8209997642961886, -1.205392414521679e-15, -0.18926272414566325, 1.0], [-0.838330063089187, -1.2172673461325753e-15, -0.1785667366300867, 1.0]], "overrideEnabled": true, "useOutlinerColor": false, "outlinerColor": [0.0, 0.0, 0.0]}}