{"arrow_1_roadworkShape": {"overrideRGBColors": false, "knots": [0.0, 1.0, 2.0, 3.0, 4.0, 5.0, 6.0, 7.0, 8.0, 9.0], "degree": 1, "form": 3, "overrideColorRGB": [0.0, 0.0, 0.0], "cvs": [[0.948160981876131, -2.0263900447754012e-15, 0.7588250881892541, 1.0], [0.948160981876133, -2.0263900447754012e-15, -0.046179591318758914, 1.0], [2.315874336886173e-15, -4.473848150802834e-16, -0.9943405731948946, 1.0], [-0.948160981876133, 1.1316204146148345e-15, -0.04617959131876376, 1.0], [-0.9481609818761348, 1.1316204146148345e-15, 0.7588250881892492, 1.0], [-0.27965421202260393, 1.8333002601066165e-17, 0.08965250619146106, 1.0], [-0.27965421202260604, 1.8333002601066165e-17, 0.9912044225892677, 1.0], [0.279654212022601, -9.13102632761633e-16, 0.9912044225892691, 1.0], [0.2796542120226032, -9.13102632761633e-16, 0.09031829572980352, 1.0], [0.948160981876131, -2.0263900447754012e-15, 0.7588250881892541, 1.0]], "overrideEnabled": false, "useOutlinerColor": false, "outlinerColor": [0.0, 0.0, 0.0]}}