{"arrow_4way_smlFatShape": {"overrideRGBColors": true, "knots": [0.0, 1.0, 2.0, 3.0, 4.0, 5.0, 6.0, 7.0, 8.0, 9.0, 10.0, 11.0, 12.0, 13.0, 14.0, 15.0, 16.0, 17.0, 18.0, 19.0, 20.0, 21.0, 22.0, 23.0, 24.0, 25.0, 26.0, 27.0, 28.0, 29.0, 30.0, 31.0, 32.0, 33.0, 34.0, 35.0, 36.0, 37.0, 38.0, 39.0, 40.0, 41.0, 42.0, 43.0, 44.0, 45.0], "degree": 1, "form": 3, "overrideColorRGB": [0.0, 0.0012000000569969416, 0.1168999969959259], "cvs": [[0.08491997599973691, 0.0006999326312870407, 0.6382477407786479, 1.0], [0.08491997599973691, 0.0006999326312871642, 0.5270429961569822, 1.0], [0.08348779850438484, 0.0006999326312871722, 0.5198294747269973, 1.0], [0.07952823774060379, 0.0006999326312871789, 0.5138163793008561, 1.0], [0.07354675129180693, 0.0006999326312871835, 0.5096988690017189, 1.0], [0.06604889209277119, 0.0006999326312871852, 0.5081719122500166, 1.0], [-0.06604879060735276, 0.0006999326312871852, 0.5081719122500166, 1.0], [-0.07326240738870234, 0.0006999326312871835, 0.5096040897453686, 1.0], [-0.07927545513916118, 0.0006999326312871791, 0.5135636505091496, 1.0], [-0.08339301311398069, 0.0006999326312871725, 0.5195451369579465, 1.0], [-0.08491996986568298, 0.0006999326312871642, 0.5270429961569822, 1.0], [-0.08491996986568298, 0.0006999326312870407, 0.6382477407786479, 1.0], [-0.08825822113813811, 0.0006999326312870288, 0.6490733387621984, 1.0], [-0.09646158508338604, 0.0006999326312870215, 0.6556024042596926, 1.0], [-0.1068134059743912, 0.0006999326312870202, 0.6568239744286227, 1.0], [-0.11659645597593066, 0.0006999326312870258, 0.6517270864264805, 1.0], [-0.16647008254859352, 0.0006999326312870811, 0.6018534598538178, 1.0], [-0.17266210481028915, 0.0006999326312870857, 0.5976832917636147, 1.0], [-0.17961245647415094, 0.0006999326312870873, 0.5962932118957059, 1.0], [-0.18656271278664813, 0.0006999326312870857, 0.5976832917636147, 1.0], [-0.19275483039970828, 0.0006999326312870811, 0.6018534598538178, 1.0], [-0.2857624107211177, 0.0006999326312869779, 0.6948610401752272, 1.0], [-0.28993255497347964, 0.000699932631286971, 0.7010531339504461, 1.0], [-0.29132263484138843, 0.0006999326312869634, 0.7080034141007844, 1.0], [-0.28993255497347964, 0.0006999326312869556, 0.714953718088964, 1.0], [-0.2857624107211177, 0.0006999326312869486, 0.7211458118641829, 1.0], [-0.012805351460572888, 0.0006999326312866457, 0.9941028409549602, 1.0], [-0.006613233847512732, 0.000699932631286641, 0.9982730177981204, 1.0], [0.00033702246498443976, 0.0006999326312866394, 0.9996630768079182, 1.0], [0.007287278777481723, 0.000699932631286641, 0.9982730177981204, 1.0], [0.01347939639054188, 0.0006999326312866457, 0.9941028409549602, 1.0], [0.2864364079754044, 0.0006999326312869486, 0.7211458118641829, 1.0], [0.2906065999034485, 0.0006999326312869556, 0.714953718088964, 1.0], [0.2919966320956751, 0.0006999326312869634, 0.7080034141007844, 1.0], [0.2906065999034485, 0.000699932631286971, 0.7010531339504461, 1.0], [0.2864364079754044, 0.0006999326312869779, 0.6948610401752272, 1.0], [0.19342887532967729, 0.0006999326312870811, 0.6018534598538178, 1.0], [0.18723675771661716, 0.0006999326312870857, 0.5976832917636147, 1.0], [0.18028650140411984, 0.0006999326312870873, 0.5962932118957059, 1.0], [0.17333614974025816, 0.0006999326312870857, 0.5976832917636147, 1.0], [0.1671441274785626, 0.0006999326312870811, 0.6018534598538178, 1.0], [0.11727050090589965, 0.0006999326312870258, 0.6517270864264805, 1.0], [0.10709774987749582, 0.0006999326312870202, 0.6568239744286227, 1.0], [0.0965459771750557, 0.0006999326312870215, 0.6556024042596926, 1.0], [0.08826881127365557, 0.0006999326312870288, 0.6490733387621984, 1.0], [0.08491997599973691, 0.0006999326312870407, 0.6382477407786479, 1.0]], "overrideEnabled": true, "useOutlinerColor": false, "outlinerColor": [0.0, 0.0, 0.0]}, "arrow_4way_smlFatShape1": {"overrideRGBColors": true, "knots": [0.0, 1.0, 2.0, 3.0, 4.0, 5.0, 6.0, 7.0, 8.0, 9.0, 10.0, 11.0, 12.0, 13.0, 14.0, 15.0, 16.0, 17.0, 18.0, 19.0, 20.0, 21.0, 22.0, 23.0, 24.0, 25.0, 26.0, 27.0, 28.0, 29.0, 30.0, 31.0, 32.0, 33.0, 34.0, 35.0, 36.0, 37.0, 38.0, 39.0, 40.0, 41.0, 42.0, 43.0, 44.0, 45.0], "degree": 1, "form": 3, "overrideColorRGB": [0.0, 0.0012000000569969416, 0.1168999969959259], "cvs": [[0.6948611055372372, 0.0004999663169477941, -0.28576235689392204, 1.0], [0.6018534775401453, 0.0004999663169476908, -0.19275482424819493, 1.0], [0.5976832856121012, 0.0004999663169476839, -0.18656270663513477, 1.0], [0.5962932534198748, 0.0004999663169476762, -0.17961245032263748, 1.0], [0.5976832856121012, 0.0004999663169476685, -0.17266209865877558, 1.0], [0.6018534775401453, 0.0004999663169476616, -0.1664700763970805, 1.0], [0.6517270087614436, 0.0004999663169476062, -0.11659644982441708, 1.0], [0.6571082583704777, 0.0004999663169475949, -0.10642369879601345, 1.0], [0.6558551507377269, 0.0004999663169475832, -0.09587192609357358, 1.0], [0.6491681595427176, 0.000499966316947574, -0.08759476019217344, 1.0], [0.6382477584649757, 0.0004999663169475703, -0.08424592491825457, 1.0], [0.527042990005469, 0.0004999663169475703, -0.08424592491825457, 1.0], [0.5198294685754838, 0.0004999663169475687, -0.0828137474229025, 1.0], [0.513816420825025, 0.0004999663169475643, -0.07885418665912144, 1.0], [0.5096988628502055, 0.0004999663169475577, -0.07287270021032483, 1.0], [0.5081719060985033, 0.0004999663169475494, -0.06537484101128885, 1.0], [0.5081719060985033, 0.0004999663169474027, 0.06672284168883498, 1.0], [0.5096040835938553, 0.0004999663169473947, 0.0739364584701848, 1.0], [0.5135636443576364, 0.0004999663169473881, 0.07994950622064341, 1.0], [0.5195451308064333, 0.0004999663169473834, 0.08406706419546316, 1.0], [0.527042990005469, 0.0004999663169473818, 0.08559402094716535, 1.0], [0.6382477584649757, 0.0004999663169473818, 0.08559402094716535, 1.0], [0.6490733802863672, 0.000499966316947378, 0.0889427608697196, 1.0], [0.6556024696217028, 0.0004999663169473689, 0.09721992677111971, 1.0], [0.6568239206014271, 0.0004999663169473572, 0.10777169947355958, 1.0], [0.6517270087614436, 0.0004999663169473459, 0.11794445050196366, 1.0], [0.6018534775401453, 0.0004999663169472905, 0.16781807707462662, 1.0], [0.5976832856121012, 0.0004999663169472836, 0.17401019468768678, 1.0], [0.5962932534198748, 0.0004999663169472758, 0.18096045100018363, 1.0], [0.5976832856121012, 0.0004999663169472681, 0.18791070731268095, 1.0], [0.6018534775401453, 0.0004999663169472613, 0.1941028249257411, 1.0], [0.6948611055372372, 0.0004999663169471581, 0.2871104052471507, 1.0], [0.7010530324475682, 0.0004999663169471534, 0.29128059717519483, 1.0], [0.70800338411143, 0.0004999663169471518, 0.29267062936742116, 1.0], [0.7149537357752918, 0.0004999663169471534, 0.29128059717519483, 1.0], [0.7211458533883519, 0.0004999663169471581, 0.2871104052471507, 1.0], [0.9941028649732144, 0.000499966316947461, 0.014153345986605666, 1.0], [0.998272961549894, 0.000499966316947468, 0.007961323724910136, 1.0], [0.9996629937421205, 0.0004999663169474757, 0.001010972061048227, 1.0], [0.998272961549894, 0.0004999663169474834, -0.005939284251448612, 1.0], [0.9941028649732144, 0.0004999663169474903, -0.012131401864508768, 1.0], [0.7211458533883519, 0.0004999663169477933, -0.2850884134493717, 1.0], [0.7152380735443423, 0.0004999663169477984, -0.2896482110529154, 1.0], [0.7082560652274542, 0.0004999663169478002, -0.29123838575930616, 1.0], [0.7011478117039185, 0.0004999663169477986, -0.28992206017186706, 1.0], [0.6948611055372372, 0.0004999663169477941, -0.28576235689392204, 1.0]], "overrideEnabled": true, "useOutlinerColor": false, "outlinerColor": [0.0, 0.0, 0.0]}, "arrow_4way_smlFatShape3": {"overrideRGBColors": true, "knots": [0.0, 1.0, 2.0, 3.0, 4.0, 5.0, 6.0, 7.0, 8.0, 9.0, 10.0, 11.0, 12.0, 13.0, 14.0, 15.0, 16.0, 17.0, 18.0, 19.0, 20.0, 21.0, 22.0, 23.0, 24.0, 25.0, 26.0, 27.0, 28.0, 29.0, 30.0, 31.0, 32.0, 33.0, 34.0, 35.0, 36.0, 37.0, 38.0, 39.0, 40.0, 41.0, 42.0, 43.0, 44.0, 45.0], "degree": 1, "form": 3,