{"arrow_4way_circle2r1Shape": {"overrideRGBColors": true, "knots": [0.0, 0.90550608, 0.9551366812, 1.0, 1.035950532, 1.082137527, 1.848139081, 1.935261376, 2.0, 2.026293116, 2.059924148, 2.949309274, 2.976635066, 3.0, 3.021860506, 3.0442148, 3.952245604, 3.97585362, 4.0, 4.07073192, 4.141715521, 4.913372042, 4.946348545, 5.0, 5.046516019, 5.099751228, 6.908283281, 6.957263164, 7.0, 7.044031198, 7.092496754, 7.86434562, 7.931952953, 8.0, 8.027522385, 8.051622325, 8.960393503, 8.98059474, 9.0, 9.018991879, 9.039333865, 9.940842336, 9.972626461, 10.0, 10.06156297, 10.1462264, 10.89449938, 10.94443273, 11.0, 11.04046811, 11.09697413, 12.0], "degree": 1, "form": 1, "overrideColorRGB": [0.26800012588500977, 0.18285703659057617, 1.0], "cvs": [[-0.306084007024765, 1.0943161408502976e-21, -3.708962336308763e-08, 1.0], [-0.3060840192221448, 1.0943161408502976e-21, 0.33142369986924664, 1.0], [-0.30684625098046037, 1.0943161408502976e-21, 0.34343487627609665, 1.0], [-0.3112169212347492, 1.0943161408502976e-21, 0.3510940852154746, 1.0], [-0.3188672245577938, 1.0943161408502976e-21, 0.359284177676012, 1.0], [-0.33311384904215374, 1.0943161408502976e-21, 0.3660093766666443, 1.0], [-0.5851897445274563, 1.0943161408502976e-21, 0.3660095057616455, 1.0], [-0.6059263265238813, 1.0943161408502976e-21, 0.3689837128902773, 1.0], [-0.6120661030600867, 1.0943161408502976e-21, 0.37456436592116504, 1.0], [-0.6108148137504823, 1.0943161408502974e-21, 0.3852760259296052, 1.0], [-0.5970949093474123, 1.0943161408502976e-21, 0.40338416542185057, 1.0], [-0.032076912316064375, 1.0943161408502976e-21, 0.9580928219191271, 1.0], [-0.014717093929428498, 1.0943161408502976e-21, 0.9720858218582805, 1.0], [0.0001264286610871504, 1.0943161408502976e-21, 0.9768763276244087, 1.0], [0.014856395613505354, 1.0943161408502976e-21, 0.9730308540398233, 1.0], [0.029919085007092446, 1.0943161408502976e-21, 0.9612763673444744, 1.0], [0.6049163477658801, 1.0943161408502976e-21, 0.3957939026854168, 1.0], [0.6122983274962945, 1.0943161408502976e-21, 0.3820358388346614, 1.0], [0.6130035343896676, 1.0943161408502976e-21, 0.37285339900981485, 1.0], [0.6042067745310848, 1.0943161408502974e-21, 0.36702040742400677, 1.0], [0.588598728178362, 1.0943161408502976e-21, 0.3660095074732182, 1.0], [0.3345986603776579, 1.0943161408502976e-21, 0.36600937742441403, 1.0], [0.3200546516912614, 1.0943161408502974e-21, 0.36145019780855714, 1.0], [0.3103614385608339, 1.0943161408502976e-21, 0.35403259443208457, 1.0], [0.30643309309689354, 1.0943161408502974e-21, 0.34259230748374725, 1.0], [0.30608401985596095, 1.0943161408502976e-21, 0.3294994831232899, 1.0], [0.3060840192595577, 1.0943161408502976e-21, -0.3324402061862853, 1.0], [0.3069884328952335, 1.0943161408502976e-21, -0.34717395304528137, 1.0], [0.3129278881480026, 1.0943161408502976e-21, -0.35745455539192755, 1.0], [0.3214093490241833, 1.0943161408502974e-21, -0.36290214165924695, 1.0], [0.33652286487107347, 1.0943161408502976e-21, -0.3660094055466955, 1.0], [0.5905229945839484, 1.0943161408502976e-21, -0.366009535626731, 1.0], [0.6062059630053611, 1.0943161408502974e-21, -0.36889787547074576, 1.0], [0.6140621954080162, 1.0943161408502976e-21, -0.3768458251426575, 1.0], [0.6117615062866273, 1.0943161408502976e-21, -0.3857938532367771, 1.0], [0.6023689793380645, 1.0943161408502976e-21, -0.39820635205210225, 1.0], [0.02503520598982046, 1.0943161408502976e-21, -0.9650060460702296, 1.0], [0.012201550317355607, 1.0943161408502976e-21, -0.975647459928482, 1.0], [-0.00012642866109222568, 1.0943161408502976e-21, -0.9802982614509074, 1.0], [-0.012188544690622052, 1.0943161408502974e-21, -0.9758383442117405, 1.0], [-0.025108140240018516, 1.0943161408502976e-21, -0.9651760863817933, 1.0], [-0.5976739078929304, 1.0943161408502976e-21, -0.4029061356109808, 1.0], [-0.610494262115332, 1.0943161408502976e-21, -0.3886028983092896, 1.0], [-0.6130035343896671, 1.0943161408502976e-21, -0.3796972937965215, 1.0], [-0.6066877923330529, 1.0943161408502978e-21, -0.3721009600293208, 1.0], [-0.5871139178506314, 1.0943161408502978e-21, -0.3660095338466454, 1.0], [-0.34081082511303146, 1.0943161408502976e-21, -0.36600940773844326, 1.0], [-0.3262386322250567, 1.0943161408502976e-21, -0.3634426443920971, 1.0], [-0.31292788893070456, 1.0943161408502976e-21, -0.3557435884786779, 1.0], [-0.30869666164135484, 1.0943161408502976e-21, -0.34750792577625095, 1.0], [-0.3060840198955393, 1.0943161408502976e-21, -0.33051595139188533, 1.0], [-0.306084007024765, 1.0943161408502976e-21, -3.708962336308763e-08, 1.0]], "overrideEnabled": true, "useOutlinerColor": false, "outlinerColor": [0.0, 0.0, 0.0]}}