{"polyToCurve2Shape1": {"overrideRGBColors": true, "knots": [0.0, 1.0, 2.0, 4.0, 6.0, 8.0, 10.0, 12.0, 13.0, 14.0, 15.0, 16.0, 17.0, 18.0, 19.0, 20.0, 21.0, 22.0, 23.0, 24.0, 25.0, 26.0, 27.0, 28.0, 29.0, 30.0, 31.0, 32.0, 33.0, 34.0, 35.0, 37.0, 39.0, 41.0, 43.0, 45.0, 47.0, 48.0, 49.0, 50.0, 51.0, 52.0, 53.0, 54.0, 55.0, 56.0, 57.0, 58.0, 59.0, 60.0, 61.0, 62.0, 63.0, 64.0, 65.0, 66.0, 67.0, 68.0, 69.0, 70.0, 72.0, 74.0, 76.0, 78.0, 80.0, 82.0, 83.0, 84.0, 85.0, 86.0, 87.0, 88.0, 89.0, 90.0, 91.0, 92.0, 93.0, 94.0, 95.0, 96.0, 97.0, 98.0, 99.0, 100.0, 101.0, 102.0, 103.0, 104.0, 105.0, 106.0, 107.0, 108.0, 109.0, 110.0, 111.0, 112.0, 113.0, 114.0, 115.0, 116.0, 117.0, 118.0, 119.0, 120.0, 121.0, 122.0, 123.0, 124.0, 125.0, 126.0, 127.0, 128.0, 129.0, 130.0, 131.0, 132.0, 134.0, 136.0, 138.0, 140.0, 142.0, 144.0, 145.0, 146.0, 147.0, 148.0, 149.0, 150.0, 151.0, 152.0, 153.0, 154.0, 155.0, 156.0, 157.0, 158.0, 159.0, 160.0, 161.0, 162.0, 163.0, 164.0, 165.0, 166.0, 167.0, 168.0], "degree": 1, "form": 3, "overrideColorRGB": [0.0, 0.0012000000569969416, 0.1168999969959259], "cvs": [[0.5153434753417969, -7.03665844667932e-16, 0.20847229147329926, 1.0], [0.5075883865356445, -7.111888736680894e-16, 0.21524843359366086, 1.0], [0.49911050796508794, -7.1743632398924115e-16, 0.22087563658133158, 1.0], [0.4806537628173828, -7.259400053840823e-16, 0.22853507185354838, 1.0], [0.4613075256347656, -7.288477106733287e-16, 0.23115409994497904, 1.0], [0.44164009094238277, -7.261045944736456e-16, 0.2286833205260339, 1.0], [0.4231586456298828, -7.177655021683679e-16, 0.2211721339263022, 1.0], [0.40660438537597665, -7.03665844667932e-16, 0.20847229147329926, 1.0], [0.3940959930419923, -6.854652242138052e-16, 0.19207862997427583, 1.0], [0.3865910530090333, -6.649604623849099e-16, 0.17360958242788938, 1.0], [0.38408937454223646, -6.43303523989512e-16, 0.15410274649038946, 1.0], [0.3865910530090333, -6.21646585594114e-16, 0.1345959105528891, 1.0], [0.3940959930419923, -6.011417178861003e-16, 0.11612676763907093, 1.0], [0.40660438537597665, -5.829412033110919e-16, 0.09973320150747922, 1.0], [0.4292861938476562, -5.577593373056952e-16, 0.07705139303579944, 1.0], [0.07638425827026363, -5.577593373056952e-16, 0.07705139303579944, 1.0], [0.07638425827026363, -9.49559138678941e-16, 0.42995328092947616, 1.0], [0.09906597137451167, -9.243773256131034e-16, 0.40727152014151224, 1.0], [0.11545963287353511, -9.104902733824284e-16, 0.39476317549124373, 1.0], [0.13392877578735352, -9.02158063219847e-16, 0.3872581877745689, 1.0], [0.15343561172485343, -8.993806421858002e-16, 0.38475650930777205, 1.0], [0.17294244766235356, -9.02158063219847e-16, 0.3872581877745689, 1.0], [0.19141149520874023, -9.104902733824284e-16, 0.39476317549124373, 1.0], [0.20780515670776367, -9.243773256131034e-16, 0.40727152014151224, 1.0], [0.22031354904174805, -9.425779460672302e-16, 0.4236651816405357, 1.0], [0.22781848907470703, -9.630827608356847e-16, 0.4421342768706382, 1.0], [0.23032016754150386, -9.847396992310826e-16, 0.46164111280813813, 1.0], [0.22781848907470703, -1.0063966376264806e-15, 0.48114794874563827, 1.0], [0.22031354904174805, -1.026901452394935e-15, 0.4996170439757408, 1.0], [0.20780515670776367, -1.0451020199095027e-15, 0.5160106577910484, 1.0], [0.05370244979858407, -1.2161904462166953e-15, 0.6701134123839441, 1.0], [0.037444686889648526, -1.229960899068225e-15, 0.6825167336501183, 1.0], [0.018814945220947177, -1.238464580463066e-15, 0.6901761689223351, 1.0], [-0.0010006904602051225, -1.2413722857523125e-15, 0.6927951970137658, 1.0], [-0.02066812515258787, -1.2386291695526294e-15, 0.6903244175948204, 1.0], [-0.039149570465087935, -1.2302900772473516e-15, 0.682813230995089, 1.0], [-0.055703830718994096, -1.2161904462166953e-15, 0.6701134123839441, 1.0], [-0.20980658531188967, -1.0451020199095027e-15, 0.5160106577910484, 1.0], [-0.22231492996215818, -1.026901452394935e-15, 0.4996170439757408, 1.0], [-0.22981991767883303, -1.0063966376264806e-15, 0.48114794874563827, 1.0], [-0.23232159614562986, -9.847396992310826e-16, 0.46164111280813813, 1.0], [-0.22981991767883303, -9.630827608356847e-16, 0.4421342768706382, 1.0], [-0.22231492996215818, -9.425779460672302e-16, 0.4236651816405357, 1.0], [-0.20980658531188967, -9.243773256131034e-16, 0.40727152014151224, 1.0], [-0.193412971496582, -9.104902733824284e-16, 0.39476317549124373, 1.0], [-0.1749438285827637, -9.02158063219847e-16, 0.3872581877745689, 1.0], [-0.15543699264526367, -8.993806421858002e-16, 0.38475650930777205, 1.0], [-0.13593015670776365, -9.02158063219847e-16, 0.3872581877745689, 1.0], [-0.11746110916137698, -9.104902733824284e-16, 0.39476317549124373, 1.0], [-0.10106744766235354, -9.243773256131034e-16, 0.40727152014151224, 1.0], [-0.07838563919067387, -9.49559138678941e-16, 0.42995328092947616, 1.0], [-0.07838563919067387, -5.577593373056952e-16, 0.07705139303579944, 1.0], [-0.42995333671569824, -5.577593373056952e-16, 0.07705139303579944, 1.0], [-0.40727157592773444, -5.829412033110919e-16, 0.09973320150747922, 1.0], [-0.3947632312774658, -6.011417178861003e-16, 0.11612676763907093, 1.0], [-0.3872581958770752, -6.21646585594114e-16, 0.1345959105528891, 1.0], [-0.38475656509399414, -6.43303523989512e-16, 0.15410274649038946, 1.0], [-0.3872581958770752, -6.649604623849099e-16, 0.17360958242788938, 1.0], [-0.3947632312774658, -6.854652242138052e-16, 0.19207862997427583, 1.0], [-0.40727157592773444, -7.03665844667932e-16, 0.20847229147329926, 1.0], [-0.4235045909881592, -7.177655021683679e-16, 0.2211721339263022, 1.0], [-0.4419613361358643, -7.261045944736456e-16, 0.2286833205260339, 1.0], [-0.4613075733184815, -7.288477106733287e-16, 0.23115409994497904, 1.0], [-0.48097500801086424, -7.261045944736456e-16, 0.2286833205260339, 1.0], [-0.4994564533233643, -7.177655021683679e-16, 0.2211721339263022, 1.0], [-0.5160107135772705, -7.03665844667932e-16, 0.20847229147329926, 1.0], [-0.6701134443283081, -5.325774713002985e-16, 0.054369584564119666, 1.0], [-0.6826217889785766, -5.143768508461717e-16, 0.03797592306509623, 1.0], [-0.6901268005371094, -4.938720890172764e-16, 0.019506875518709776, 1.0], [-0.6926284551620483, -4.722151506218785e-16, 3.958120942115784e-08, 1.0], [-0.6901268005371094, -4.505582122264805e-16, -0.01950679635629049, 1.0], [-0.6826217889785766, -4.3005334451846683e-16, -0.037975939270109116, 1.0], [-0.6701134443283081, -4.1185272406434005e-16, -0.05436960076913255, 1.0], [-0.5160107135772705, -2.4076435069670657e-16, -0.2084723076783117, 1.0], [-0.49961705207824714, -2.268772455264723e-16, -0.22098070001229608, 1.0], [-0.4811479568481446, -2.1854508830345017e-16, -0.22848564004525507, 1.0], [-0.4616411209106446, -2.1576766726940332e-16, -0.23098731851205212, 1.0], [-0.44213428497314455, -2.1854508830345017e-16, -0.22848564004525507, 1.0], [-0.423665189743042, -2.268772455264723e-16, -0.22098070001229608, 1.0], [-0.40727157592773444, -2.4076435069670657e-16, -0.2084723076783117, 1.0], [-0.3947632312774658, -2.5896497115083334e-16, -0.19207864617928827, 1.0], [-0.3872581958770752, -2.7946973297972863e-16, -0.17360959863290182, 1.0], [-0.38475656509399414, -3.011266713751266e-16, -0.1541027626954019, 1.0], [-0.3872581958770752, -3.2278360977052454e-16, -0.13459592675790155, 1.0], [-0.3947632312774658, -3.4328847747853823e-16, -0.11612678384408337, 1.0], [-0.40727157592773444, -3.61489097932665e-16, -0.09973312234505993, 1.0], [-0.42995333671569824, -3.8667085805894333e-16, -0.07705140924081189, 1.0], [-0.07705144882202153, -3.8667085805894333e-16, -0.07705140924081189, 1.0], [-0.07705144882202153, 5.128996253861602e-18, -0.42995334481820446, 1.0], [-0.09973316192626958, -2.005286975153512e-17, -0.40727153634652513, 1.0], [-0.11612682342529301, -3.3939974921769374e-17, -0.39476314401254076, 1.0], [-0.1345959663391113, -4.227213214479152e-17, -0.38725820397958177, 1.0], [-0.15410280227661133, -4.504955317883837e-17, -0.3847565255127847, 1.0], [-0.17360963821411135, -4.227213214479152e-17, -0.38725820397958177, 1.0], 