{"leg_poleSelectionTrigger_L_newControl1Shape": {"overrideRGBColors": true, "knots": [0.0, 0.02548132937, 0.04862893199, 0.9452531935, 0.9686014592, 1.0, 1.06468597, 1.114240031, 1.877221097, 1.945808552, 2.0, 2.020783636, 2.056542503, 2.972894192, 2.986609347, 3.0, 3.015727031, 3.031788412, 3.941113889, 3.977623702, 4.0, 4.07800952, 4.136044271, 4.886076837, 4.945067809, 5.0, 5.031324751, 5.056400251, 5.947008961, 5.97045204, 6.0, 6.012062568, 6.023101807, 6.972353458, 6.986978332, 7.0], "degree": 1, "form": 1, "overrideColorRGB": [1.0, 0.0, 0.0], "cvs": [[0.9694948037856781, 6.661338147750943e-16, 0.9834731106129208, 1.0], [0.9770085217027683, 6.794349611199054e-16, 0.9676831460731972, 1.0], [0.9766827940872669, 6.915179119545916e-16, 0.9513710680099724, 1.0], [0.5467582270355328, 1.159551990768931e-15, 0.054746806499973016, 1.0], [0.5417153429581262, 1.171739686884145e-15, 0.03663366757832301, 1.0], [0.5438585077425808, 1.1881295926119842e-15, 0.016350043371909893, 1.0], [0.5578467408074297, 1.1543637893867007e-15, 0.005354387382677499, 1.0], [0.5752847792198321, 1.1284967787700289e-15, -2.7038148736628168e-14, 1.0], [0.9411284425580242, 7.302238837485393e-16, -2.7570353333899242e-14, 1.0], [0.9698050854918764, 6.944215218259617e-16, -0.004444704217506927, 1.0], [0.9778950489273133, 6.661338147750943e-16, -0.013233535188416645, 1.0], [0.9722835090015433, -2.6550482368930475e-08, -0.02622713462128822, 1.0], [0.943457497000007, -7.223138207467136e-08, -0.05654250300002776, 1.0], [0.03005594376911502, -1.242843683644378e-06, -0.9690426050507346, 1.0], [0.014848061847107246, -1.2603643903268264e-06, -0.9830083679072964, 1.0], [5.817228501829852e-15, -1.2774705552589361e-06, -0.9879054580034407, 1.0], [-0.015727030999994104, -1.2573797362243153e-06, -0.9825835192850034, 1.0], [-0.03178841199999417, -1.2368617949093209e-06, -0.968211588000026, 1.0], [-0.9411138889999927, -7.522527228930168e-08, -0.058886111000024915, 1.0], [-0.9713474969146079, -2.858506117947146e-08, -0.027331584072464162, 1.0], [-0.9778950489272986, 6.661338147750943e-16, -0.013233535188413737, 1.0], [-0.9661671788062509, -8.338565576245555e-16, -0.003976937491829038, 1.0], [-0.9368564484500357, -1.9497661000061894e-15, -2.4838388036262858e-14, 1.0], [-0.5887365339012823, -1.6371616509881833e-14, -2.53448093235251e-14, 1.0], [-0.5704528156816513, -1.7505912555524688e-14, 0.006096458950277666, 1.0], [-0.5592112287800448, -1.8562165146680462e-14, 0.016350043371911427, 1.0], [-0.5577860336823744, -1.7959843469559315e-14, 0.03622414818872864, 1.0], [-0.5620378649130409, -1.7477684258951325e-14, 0.05640025099997497, 1.0], [-0.975404753333689, -3.5279372539505994e-16, 0.9470089609999751, 1.0], [-0.9761270645359812, 9.797680619395631e-17, 0.9644670133638109, 1.0], [-0.9736238604564407, 6.661338147750943e-16, 0.9800919889346591, 1.0], [-0.9636915945720883, 6.661338147750943e-16, 0.9934485911941097, 1.0], [-0.9537963859999918, 6.661338147750943e-16, 0.9999999999999752, 1.0], [0.9447069160000083, 6.661338147750943e-16, 0.9999999999999725, 1.0], [0.961566822234078, 6.661338147750943e-16, 0.9922887165171085, 1.0], [0.9694948037856781, 6.661338147750943e-16, 0.9834731106129208, 1.0]], "overrideEnabled": true, "useOutlinerColor": false, "outlinerColor": [0.0, 0.0, 0.0]}}