{"arrow_4way_circlemidbevShape3": {"overrideRGBColors": false, "knots": [0.0, 1.0, 2.0, 3.0, 4.0, 5.0, 6.0, 7.0, 8.0, 9.0, 10.0, 11.0, 12.0, 13.0, 14.0, 15.0, 16.0, 17.0, 18.0, 19.0, 20.0, 21.0, 22.0, 23.0, 24.0, 25.0, 26.0, 27.0, 28.0, 29.0, 30.0, 31.0, 32.0, 33.0, 34.0, 35.0, 36.0, 37.0, 38.0, 39.0, 40.0, 41.0, 42.0, 43.0, 44.0, 45.0], "degree": 1, "form": 3, "overrideColorRGB": [0.0, 0.0, 0.0], "cvs": [[0.08493428537040026, 0.0004000000189978003, 0.6383552881889047, 1.0], [0.08493428537040026, 0.0004000000189979238, 0.5271318051032725, 1.0], [0.08350186654715808, 0.00040000001899793183, 0.519917068164796, 1.0], [0.0795416385808494, 0.0004000000189979385, 0.5139029595069591, 1.0], [0.07355914422660148, 0.0004000000189979431, 0.5097847553901378, 1.0], [0.06606002160697244, 0.0004000000189979448, 0.5082575413398447, 1.0], [-0.06605992010445327, 0.0004000000189979448, 0.5082575413398447, 1.0], [-0.07327475241036152, 0.00040000001899794316, 0.5096899601630869, 1.0], [-0.07928881338448257, 0.00040000001899793877, 0.5136501881293956, 1.0], [-0.08340706518501972, 0.00040000001899793215, 0.5196326824836435, 1.0], [-0.08493427923531272, 0.0004000000189979238, 0.5271318051032725, 1.0], [-0.08493427923531272, 0.0004000000189978003, 0.6383552881889047, 1.0], [-0.088273093017051, 0.00040000001899778833, 0.6491827103309336, 1.0], [-0.09647783926338882, 0.00040000001899778107, 0.6557128760032358, 1.0], [-0.10683140447945327, 0.0004000000189977797, 0.6569346520118418, 1.0], [-0.1166161029657814, 0.00040000001899778535, 0.6518369051627817, 1.0], [-0.16649813345284192, 0.00040000001899784075, 0.6019548746757213, 1.0], [-0.1726911990961525, 0.00040000001899784536, 0.5977840038947764, 1.0], [-0.179642721923301, 0.00040000001899784693, 0.5963936897926034, 1.0], [-0.18659414938301777, 0.00040000001899784536, 0.5977840038947764, 1.0], [-0.19278731039375996, 0.00040000001899784075, 0.6019548746757213, 1.0], [-0.28581056288094253, 0.0004000000189977375, 0.6949781271629039, 1.0], [-0.2899814098200295, 0.0004000000189977306, 0.701171264331788, 1.0], [-0.29137172392220234, 0.0004000000189977229, 0.7081227156333627, 1.0], [-0.2899814098200295, 0.00040000001899771515, 0.7150741907767955, 1.0], [-0.28581056288094253, 0.00040000001899770827, 0.7212673279456796, 1.0], [-0.012807509215781443, 0.0004000000189974052, 0.9942703514359894, 1.0], [-0.0066143482050392555, 0.00040000001899740057, 0.9984412309713664, 1.0], [0.0003370792546775192, 0.000400000018997399, 0.9998315242119136, 1.0], [0.007288506714394405, 0.00040000001899740057, 0.9984412309713664, 1.0], [0.013481667725136592, 0.0004000000189974052, 0.9942703514359894, 1.0], [0.2864846737065818, 0.00040000001899770827, 0.7212673279456796, 1.0], [0.29065556832938455, 0.00040000001899771515, 0.7150741907767955, 1.0], [0.2920458347478416, 0.0004000000189977229, 0.7081227156333627, 1.0], [0.29065556832938455, 0.0004000000189977306, 0.701171264331788, 1.0], [0.2864846737065818, 0.0004000000189977375, 0.6949781271629039, 1.0], [0.1934614689031151, 0.00040000001899784075, 0.6019548746757213, 1.0], [0.18726830789237292, 0.00040000001899784536, 0.5977840038947764, 1.0], [0.18031688043265603, 0.00040000001899784693, 0.5963936897926034, 1.0], [0.17336535760550764, 0.00040000001899784536, 0.5977840038947764, 1.0], [0.16717229196219718, 0.00040000001899784075, 0.6019548746757213, 1.0], [0.11729026147513655, 0.00040000001899778535, 0.6518369051627817, 1.0], [0.10711579629569323, 0.0004000000189977797, 0.6569346520118418, 1.0], [0.09656224557547843, 0.00040000001899778107, 0.6557128760032358, 1.0], [0.08828368493705052, 0.00040000001899778833, 0.6491827103309336, 1.0], [0.08493428537040026, 0.0004000000189978003, 0.6383552881889047, 1.0]], "overrideEnabled": false, "useOutlinerColor": false, "outlinerColor": [0.0, 0.0, 0.0]}, "arrow_4way_circlemidbevShape2": {"overrideRGBColors": false, "knots": [0.0, 1.0, 2.0, 3.0, 4.0, 5.0, 6.0, 7.0, 8.0, 9.0, 10.0, 11.0, 12.0, 13.0, 14.0, 15.0, 16.0, 17.0, 18.0, 19.0, 20.0, 21.0, 22.0, 23.0, 24.0, 25.0, 26.0, 27.0, 28.0, 29.0, 30.0, 31.0, 32.0, 33.0, 34.0, 35.0, 36.0, 37.0, 38.0, 39.0, 40.0, 41.0, 42.0, 43.0, 44.0, 45.0], "degree": 1, "form": 3, "overrideColorRGB": [0.0, 0.0, 0.0], "cvs": [[0.6949781925359275, 0.00020000000949933611, -0.28581050904467675, 1.0], [0.6019548923650291, 0.00020000000949923282, -0.19278730424121004, 1.0], [0.5977839977422263, 0.00020000000949922596, -0.18659414323046786, 1.0], [0.5963937313237695, 0.00020000000949921823, -0.17964271577075097, 1.0], [0.5977839977422263, 0.0002000000094992105, -0.17269119294360236, 1.0], [0.6019548923650291, 0.00020000000949920365, -0.16649812730029234, 1.0], [0.651836827484658, 0.00020000000949914825, -0.11661609681323126, 1.0], [0.6572189838567284, 0.00020000000949913697, -0.10644163163378817, 1.0], [0.6559656650701073, 0.00020000000949912524, -0.09588808091357359, 1.0], [0.6492775470891503, 0.00020000000949911605, -0.08760952027514568, 1.0], [0.6383553058782128, 0.00020000000949911234, -0.0842601207084952, 1.0], [0.5271317989507225, 0.00020000000949911234, -0.0842601207084952, 1.0], [0.519917062012246, 0.00020000000949911074, -0.08282770188525301, 1.0], [0.5139030010381249, 0.00020000000949910635, -0.07886747391894433, 1.0], [0.5097847492375878, 0.0002000000094990997, -0.07288497956469664, 1.0], [0.5082575351872949, 0.00020000000949909138, -0.06538585694506738, 1.0], [0.5082575351872949, 0.0002000000094989447, 0.06673408476635823, 1.0], [0.5096899540105371, 0.0002000000094989367, 0.0739489170722667, 1.0], [0.5136501819768455, 0.00020000000949893003, 0.07996297804638752, 1.0], [0.5196326763310937, 0.00020000000949892545, 0.0840812298469249, 1.0], [0.5271317989507225, 0.00020000000949892374, 0.08560844389721778, 1.0], [0.6383553058782128, 0.00020000000949892374, 0.08560844389721778, 1.0], [0.6491827518620994, 0.00020000000949892002, 0.08895774809643653, 1.0], [0.6557129413762597, 0.00020000000949891084, 0.09723630873486444, 1.0], [0.6569345981755761, 0.00020000000949889913, 0.10778985945507902, 1.0], [0.651836827484658, 0.00020000000949888782, 0.11796432463452255, 1.0], [0.6019548923650291, 0.00020000000949883245, 0.1678463551215832, 1.0], [0.5977839977422263, 0.00020000000949882556, 0.17403951613232538, 1.0], [0.5963937313237695, 0.00020000000949881784, 0.18099094359204182, 1.0], [0.5977839977422263, 0.00020000000949881014, 0.1879423710517587, 1.0], [0.6019548923650291, 0.00020000000949880326, 0.1941355320625009, 1.0], [0.6949781925359275, 0.00020000000949869999, 0.2871587845496837, 1.0], [0.7011711628118065, 0.00020000000949869535, 0.2913296791724864, 1.0], [0.7081226856389549, 0.0002000000094986938, 0.2927199455909433, 1.0], [0.7150742084661035, 0.00020000000949869535, 0.2913296791724864, 1.0], [0.7212673694768457, 0.00020000000949869999, 0.2871587845496837, 1.0], [0.9942703754582909, 0.00020000000949900307, 0.014155730884522377, 1.0], [0.9984411747136619, 0.00020000000949900996, 0.00796266524121192, 1.0], [0.999831441132119, 0.00020000000949901766, 0.001011142414063304, 1.0], [0.9984411747136619, 0.00020000000949902538, -0.0059402850456531375, 1.0], [0.9942703754582909, 0.00020000000949903227, -0.012133446056395325, 1.0], [0.7212673694768457, 0.00020000000949933536, -0.285136452037841, 1.0], [0.7153585941472558, 0.00020000000949934042, -0.28969701798632697, 1.0], [0.7083754093328025, 0.00020000000949934219, -0.29128746064379785, 1.0], [0.7012659580388574, 0.00020000000949934072, -0.289970913249999, 1.0], [0.6949781925359275, 0.00020000000949933611, -0.28581050904467675, 1.0]], "overrideEnabled": false, "useOutlinerColor": false, "outlinerColor": [0.0, 0.0, 0.0]}, "arrow_4way_circlemidbevShape1": {"overrideRGBColors": false, "knots": [0.0, 1.0, 2.0, 3.0, 4.0, 5.0, 6.0, 7.0, 8.0, 9.0, 10.0, 11.0, 12.0, 13.0, 14.0, 15.0, 16.0, 17.0, 18.0, 19.0, 20.0, 21.0, 22.0, 23.0, 24.0, 25.0, 26.0, 27.0, 28.0, 29.0, 30.0, 31.0, 32.0, 33.0, 34.0, 35.0, 36.0, 37.0, 38.0, 39.0, 40.0, 41.0, 42.0, 43.0, 44.0, 45.0], "degree": 1, "form": 3,