{"headControl_newControlShape": {"overrideRGBColors": false, "knots": [0.0, 0.0, 0.0, 1.0, 2.0, 3.0, 5.0, 6.0, 7.0, 8.0, 10.0, 11.0, 12.0, 13.0, 15.0, 16.0, 17.0, 18.0, 19.0, 20.0, 21.0, 22.0, 23.0, 24.0, 25.0, 26.0, 27.0, 29.0, 30.0, 31.0, 32.0, 34.0, 35.0, 36.0, 37.0, 39.0, 40.0, 41.0, 42.0, 43.0, 44.0, 45.0, 46.0, 47.0, 48.0, 49.0, 50.0, 51.0, 53.0, 54.0, 55.0, 56.0, 58.0, 59.0, 60.0, 61.0, 63.0, 64.0, 65.0, 66.0, 67.0, 68.0, 69.0, 70.0, 71.0, 72.0, 73.0, 74.0, 75.0, 77.0, 78.0, 79.0, 80.0, 82.0, 83.0, 84.0, 85.0, 87.0, 88.0, 89.0, 90.0, 91.0, 92.0, 93.0, 94.0, 94.0, 94.0], "degree": 3, "form": 1, "overrideColorRGB": [0.0, 0.0, 0.0], "cvs": [[0.4337063727095979, 1.0660427085448282e-05, -0.2354990007290756, 1.0], [0.5927454071860242, 9.630501773736149e-06, -0.23553553407365202, 1.0], [0.656331742140529, 9.017803330285094e-06, -0.2355490537301766, 1.0], [0.6563130573062975, 8.335675192587991e-06, -0.30612510849639696, 1.0], [0.6973669952820744, 6.81144460492915e-06, -0.3414176064108485, 1.0], [0.7384396179119476, 6.095110719754855e-06, -0.30613472996045404, 1.0], [0.9622281195524133, -5.688593400514252e-07, -0.05748526382378909, 1.0], [1.0008609145470073, -2.7794309257720878e-06, -0.024289975974089023, 1.0], [1.0008784903654968, -2.777511315097648e-06, 0.04209712240357417, 1.0], [0.9622632711893914, -5.65019207571899e-07, 0.0752889329266074, 1.0], [0.7386064119546834, 6.113331668288437e-06, 0.3240117465992914, 1.0], [0.697552475133111, 6.831705911610937e-06, 0.35930860415452026, 1.0], [0.6564798513490354, 8.353894930281006e-06, 0.3240213680698989, 1.0], [0.6564611645666669, 9.03194114084106e-06, 0.253437954831421, 1.0], [0.5928748296121618, 9.644639826460346e-06, 0.2534514744866347, 1.0], [0.4338357099358219, 1.0674555751801722e-05, 0.25303148599159964, 1.0], [0.3961100099485486, 1.0885848897363594e-05, 0.25304033069147525, 1.0], [0.3194697220763903, 1.1315112111921003e-05, 0.25305829872451857, 1.0], [0.2428294346194869, 1.1454447132057012e-05, 0.2530778352539671, 1.0], [0.24284985078675653, 1.1292732261563402e-05, 0.33019345327354843, 1.0], [0.24287026733781367, 1.0863059930423294e-05, 0.4073105209290111, 1.0], [0.24287960631109953, 1.0666518647461263e-05, 0.4425855403338419, 1.0], [0.24292068831474634, 9.668623705690876e-06, 0.5977598224907879, 1.0], [0.24293854818305147, 9.02058238729965e-06, 0.665219829254125, 1.0], [0.3130840455077464, 8.344687022400067e-06, 0.6652049149678176, 1.0], [0.3481676672666533, 6.823141531125259e-06, 0.7062671429371169, 1.0], [0.3131057915127359, 6.108842187079358e-06, 0.7473435745918442, 1.0], [0.06602236907017524, -5.48703760032474e-07, 0.9711676961034669, 1.0], [0.03304327000337237, -2.7557209008708606e-06, 1.0098123767320322, 1.0], [-0.032935385671270016, -2.755578244342477e-06, 1.0098298436445714, 1.0], [-0.06593494227886038, -5.485924284908438e-07, 0.9712026308697769, 1.0], [-0.3131637460544081, 6.108884323302524e-06, 0.747509341996708, 1.0], [-0.34824736665712197, 6.823184636020995e-06, 0.7064514811817071, 1.0], [-0.3131854920593813, 8.344717776721055e-06, 0.6653706824342568, 1.0], [-0.2430399966708159, 9.020613141620697e-06, 0.6653484550306299, 1.0], [-0.2430578565391213, 9.668654702180136e-06, 0.5978884482659818, 1.0], [-0.2426452254472567, 1.0666540563676868e-05, 0.4427140817018558, 1.0], [-0.24265456442054262, 1.0863081846639076e-05, 0.4074390622970255, 1.0], [-0.24267498097159976, 1.1292754192914666e-05, 0.33032199464148054, 1.0], [-0.24269539713883798, 1.1454447132057012e-05, 0.25320637674054675, 1.0], [-0.3193356841966065, 1.131510920590345e-05, 0.2532274208760941, 1.0], [-0.3959759708391639, 1.0885874506643334e-05, 0.25325003333806007, 1.0], [-0.4337016702211783, 1.0674580937287147e-05, 0.25326116421001715, 1.0], [-0.5971231465144591, 9.60243270415323e-06, 0.2533102299041155, 1.0], [-0.656327034946708, 9.031929393331064e-06, 0.25332899037907486, 1.0], [-0.6563083481643394, 8.35388294060282e-06, 0.32391240361886336, 1.0], [-0.697362281776819, 6.83169319542851e-06, 0.35922138250836955, 1.0], [-0.7384349023518022, 6.113318467769726e-06, 0.3239462677567154, 1.0], [-0.9622233848824594, -5.650325365170266e-07, 0.07536898288087635, 1.0], [-1.0008561735420318, -2.7775237329121285e-06, 0.042197623570056284, 1.0], [-1.000873749360521, -2.77944334358649e-06, -0.024189474807606977, 1.0], [-0.9622585365194397, -5.688708467352579e-07, -0.05740521387937872, 1.0], [-0.7386016963945373, 6.095097519236064e-06, -0.3062002088030299, 1.0], [-0.6975477616278536, 6.811430920073938e-06, -0.34150482805175864, 1.0], [-0.6564751422070727, 8.335660781228673e-06, -0.3062340729343313, 1.0], [-0.6564564573728411, 9.017788676757586e-06, -0.23565801816680093, 1.0], [-0.5972525689405918, 9.588291503243272e-06, -0.23567677863913974, 1.0], [-0.43383100744741154, 1.0660457780258731e-05, -0.23526932254046307, 1.0], [-0.39610530806539546, 1.0871750986362728e-05, -0.2352804534104552, 1.0], [-0.31946502142283845, 1.1300986048875093e-05, -0.23530306587438576, 1.0], [-0.24282473436506585, 1.144032106901106e-05, -0.2353241099942123, 1.0], [-0.2428451500627356, 1.1274164903173535e-05, -0.3124379542485937, 1.0], [-0.24286556537659162, 1.0840032932453862e-05, -0.3895503487678519, 1.0], [-0.24287490378395377, 1.0641451303671353e-05, -0.424823230578346, 1.0], [-0.24291409575683806, 9.703490162681423e-06, -0.5728585190057546, 1.0], [-0.24293384092263057, 8.982653329043924e-06, -0.6474396410588429, 1.0], [-0.313079336311196, 8.306757964144282e-06, -0.6474174136552153, 1.0], [-0.3481629537081907, 6.782850099924914e-06, -0.6884631658807566, 1.0], [-0.3131010759047312, 6.066175063687019e-06, -0.7295318560387474, 1.0], [-0.06601763437292868, -6.042397562226082e-07, -0.9532838739780003, 1.0], [-0.03303852898088162, -2.8134592303066733e-06, -0.9919046629968945, 1.0], [0.03294012669376075, -2.8136018868351553e-06, -0.9919221299094341, 1.0], [0.06593967697610688, -6.043510877642972e-07, -0.9533188087443106, 1.0], [0.31316846166241247, 6.066132927463852e-06, -0.7296976234436102, 1.0], [0.3482520802155844, 6.78280699502912e-06, -0.6886475041253463, 1.0], [0.3131902012559313, 8.306727209823351e-06, -0.647583181121654, 1.0], [0.24304470393123662, 8.982622574722915e-06, -0.6475682668353456, 1.0], [0.24306444909702915, 9.703459408360141e-06, -0.5729871447822574, 1.0], [0.2426499279743914, 1.0641437136835758e-05, -0.4249517719882832, 1.0], [0.24265926638175467, 1.084001797857184e-05, -0.3896788901735318, 1.0], [0.24267968169561022, 1.1274150297408455e-05, -0.3125664956561569, 1.0], [0.24270009739325904, 1.144032106901108e-05, -0.23545265148079172, 1.0], [0.3193403848501624, 1.1300986048875093e-05, -0.23547218801024036, 1.0], [0.39598067272232074, 1.0871722834317722e-05, -0.2354901560432836, 1.0], [0.4337063727095979, 1.0660427085448282e-05, -0.2354990007290756, 1.0]], "overrideEnabled": true, "useOutlinerColor": false, "outlinerColor": [0.0, 0.0, 0.0]}}