{"leg_poleSelectionTrigger_L_newControlShape": {"overrideRGBColors": false, "knots": [0.0, 0.0, 0.0, 1.0, 2.0, 3.0, 4.0, 5.0, 6.0, 7.0, 8.0, 9.0, 10.0, 11.0, 12.0, 13.0, 13.0, 13.0], "degree": 3, "form": 1, "overrideColorRGB": [0.0, 0.0, 0.0], "cvs": [[0.19648197612915227, -1.7718162763051081e-06, -1.2337752611543549, 1.0], [0.20953833791484275, -1.9593270953988875e-06, -1.2058781614194403, 1.0], [0.1924264178634485, -1.7545095227061933e-06, -1.177969137474572, 1.0], [0.1728903891749604, -1.5004500187984508e-06, -1.1779614157319487, 1.0], [0.1453665096175558, -1.1425111921594114e-06, -1.1779505367392256, 1.0], [-0.1462919310592644, 2.650409038944911e-06, -1.1778352326074166, 1.0], [-0.17381581061667178, 3.0083478655826197e-06, -1.1778243536146924, 1.0], [-0.19335183930515656, 3.2624073694911955e-06, -1.1778166318720693, 1.0], [-0.21048568099842743, 3.5029444478620745e-06, -1.2057121199564853, 1.0], [-0.19745124085461893, 3.3511531344504888e-06, -1.2336195322508525, 1.0], [-0.0446831883459362, 1.4872033246047454e-06, -1.4269909660953075, 1.0], [-0.022625508508673477, 1.2062032245248972e-06, -1.436216804100729, 1.0], [-0.0005669504222480689, 9.237720899365634e-07, -1.4432069397684653, 1.0], [0.021497092672155486, 6.324035876679652e-07, -1.436234243846321, 1.0], [0.043562014015723294, 3.3960405088971295e-07, -1.4270258455864915, 1.0], [0.19648197612915227, -1.7718162763051081e-06, -1.2337752611543549, 1.0]], "overrideEnabled": true, "useOutlinerColor": false, "outlinerColor": [0.0, 0.0, 0.0]}, "leg_poleSelectionTrigger_L_newControlShape1": {"overrideRGBColors": false, "knots": [0.0, 0.0, 0.0, 1.0, 2.0, 3.0, 4.0, 5.0, 6.0, 7.0, 8.0, 9.0, 10.0, 11.0, 12.0, 13.0, 13.0, 13.0], "degree": 3, "form": 1, "overrideColorRGB": [0.0, 0.0, 0.0], "cvs": [[0.1975116244721186, -3.4495432476907003e-06, 1.3873342187312678, 1.0], [0.21056798435895996, -3.6370509727685904e-06, 1.4152264846914338, 1.0], [0.1934560624087194, -3.432230306058838e-06, 1.4431306748615533, 1.0], [0.173920033720233, -3.1781708021539314e-06, 1.4431383966041758, 1.0], [0.14639615416282703, -2.820231975513726e-06, 1.4431492755968987, 1.0], [-0.1452622865139952, 9.72688255590868e-07, 1.4432645797245114, 1.0], [-0.17278616607140238, 1.3306270822307428e-06, 1.4432754587172352, 1.0], [-0.19232219475988918, 1.5846865861376512e-06, 1.4432831804598585, 1.0], [-0.20945603455431133, 1.8252205704934803e-06, 1.4153925261501927, 1.0], [-0.19642159251165414, 1.6734261630646687e-06, 1.3874899476305738, 1.0], [-0.04365352684746858, -1.9054508258476079e-07, 1.1941520029037378, 1.0], [-0.021595846382947537, -4.7154620472992795e-07, 1.1849277616678673, 1.0], [0.00046271217858721077, -7.539781134714235e-07, 1.1779388354575822, 1.0], [0.022526754797882277, -1.0453458415880237e-06, 1.1849103219222765, 1.0], [0.04459167551419172, -1.338144356298963e-06, 1.1941171234125525, 1.0], [0.1975116244721186, -3.4495432476907003e-06, 1.3873342187312678, 1.0]], "overrideEnabled": true, "useOutlinerColor": false, "outlinerColor": [0.0, 0.0, 0.0]}}