{"arrow_1_curvedShape": {"overrideRGBColors": false, "knots": [0.0, 1.0, 2.0, 3.0, 4.0, 5.0, 6.0, 7.0, 8.0, 9.0, 10.0, 11.0, 12.0, 13.0, 14.0, 15.0, 16.0, 17.0, 18.0, 19.0, 20.0, 21.0, 22.0, 23.0, 24.0, 25.0, 26.0, 27.0, 28.0, 29.0, 30.0, 47.0, 48.0, 49.0, 50.0, 51.0, 52.0, 53.0, 54.0, 55.0, 56.0, 57.0, 58.0, 75.0, 76.0, 77.0, 78.0, 79.0, 80.0, 81.0, 82.0, 83.0, 84.0, 85.0, 86.0, 87.0, 88.0, 89.0, 90.0, 91.0, 92.0, 93.0, 94.0, 95.0, 96.0, 97.0, 98.0, 99.0, 100.0, 101.0, 102.0, 103.0, 104.0, 105.0, 107.0, 110.0, 112.0, 114.0, 116.0, 118.0, 119.0, 120.0], "degree": 1, "form": 3, "overrideColorRGB": [0.0, 0.0, 0.0], "cvs": [[0.6797209658987523, -1.0247126423572824e-15, 0.9060299815612116, 1.0], [0.6366728574153967, -9.524031866556365e-16, 0.8578485273057599, 1.0], [0.5807927876827307, -8.800592011265002e-16, 0.7926868580514568, 1.0], [0.5299213200923988, -8.076661009213129e-16, 0.7274809502298016, 1.0], [0.4839975148555823, -7.352092614868447e-16, 0.6622176312142987, 1.0], [0.4429602414485999, -6.626740979745352e-16, 0.5968837641412397, 1.0], [0.4067487508174964, -5.900459461264848e-16, 0.5314661406213421, 1.0], [0.37530191243859, -5.173102740336924e-16, 0.4659516714746137, 1.0], [0.348558691155631, -4.444524703778177e-16, 0.4003271959954877, 1.0], [0.32645814717980104, -3.714578709009615e-16, 0.3345795057946819, 1.0], [0.30893924535484973, -2.9831191722434277e-16, 0.268695487850346, 1.0], [0.29594114125939075, -2.249999980296214e-16, 0.2026619814569135, 1.0], [0.28740260900231074, -1.5150744905889805e-16, 0.13646577822510197, 1.0], [0.28326289952965455, -7.781981781251019e-17, 0.0700938605004926, 1.0], [0.28346078695030885, -3.922334153440079e-18, 0.0035329245263713283, 1.0], [0.287935426842887, 7.019950735753401e-17, -0.06323009503539634, 1.0], [0.3399888783809729, 6.783829713794425e-17, -0.06110330594237867, 1.0], [0.38888385595055286, 6.49127512172463e-17, -0.058468208438716474, 1.0], [0.4343680173275061, 6.183463348692417e-17, -0.055695686466060046, 1.0], [0.4761889249202794, 5.901528432198823e-17, -0.05315624249633366, 1.0], [0.5140943318721839, 5.686646761392248e-17, -0.05122076047118718, 1.0], [0.5478318005916664, 5.57998413750925e-17, -0.05026002896483961, 1.0], [0.5771490842220374, 5.622695773874548e-17, -0.0506447411840778, 1.0], [0.601793840539176, 5.855947471724701e-17, -0.05274568570312077, 1.0], [0.6215136319515296, 6.320883856472587e-17, -0.05693346036132407, 1.0], [0.6360562116024085, 7.058681317266604e-17, -0.06357894910033757, 1.0], [0.64516914190026, 8.110495067431472e-17, -0.07305284512694898, 1.0], [0.6486000806209632, 9.51749090820375e-17, -0.08572593701537645, 1.0], [0.6460967809078283, 1.1320824052908156e-16, -0.1019689179724077, 1.0], [0.637406805169303, 1.3561649714869407e-16, -0.12215248120482958, 1.0], [0.6222778111812658, 1.6281144283235904e-16, -0.14664751065429282, 1.0], [0.006580522668082289, 1.0819634221938507e-15, -0.9745460130041463, 1.0], [-0.000500509131234117, 1.092187321625447e-15, -0.9837548829382285, 1.0], [-0.00772502123145391, 1.0999812952896073e-15, -0.990775070316158, 1.0], [-0.01506316362647342, 1.1054450813158712e-15, -0.9956964112585407, 1.0], [-0.02248503862647344, 1.1086782060755409e-15, -0.9986085511511189, 1.0], [-0.029960700857918687, 1.1097801959399187e-15, -0.9996011353796348, 1.0], [-0.03746030031470582, 1.108850789038544e-15, -0.9987640000646931, 1.0], [-0.04495389162329955, 1.105989511742719e-15, -0.996186790592037, 1.0], [-0.05241162477759642, 1.1012956786655092e-15, -0.9919589616125446, 1.0], [-0.05980360208777713, 1.0948694514529276e-15, -0.9861707307165486, 1.0], [-0.06709987818030638, 1.0868097212015662e-15, -0.9789111710852012, 1.0], [-0.07427060304908084, 1.0772166495574376e-15, -0.9702705003088337, 1.0], [-0.6814557552221232, 1.5310211591621981e-16, -0.13790212643798405, 1.0], [-0.6962655864539556, 1.2928111421970553e-16, -0.1164460755651815, 1.0], [-0.7043541861581617, 1.0955752852641552e-16, -0.09868064892943895, 1.0], [-0.706104257714469, 9.356766406462247e-17, -0.08427825940307176, 1.0], [-0.7018985047820024, 8.094761430436224e-17, -0.07291112912353093, 1.0], [-0.6921196311595851, 7.133368447390752e-17, -0.06425167096313089, 1.0], [-0.6771503388765269, 6.436196804329419e-17, -0.057972107059321765, 1.0], [-0.6573733329656535, 5.966877024079493e-17, -0.053744850284419776, 1.0], [-0.6331713169696741, 5.68901845364456e-17, -0.05124212277587503, 1.0], [-0.6049270003917627, 5.566241027940049e-17, -0.05013624203856981, 1.0], [-0.573023065913003, 5.562175269793229e-17, -0.050099620944820344, 1.0], [-0.5378422468784266, 5.640419938295845e-17, -0.05080438626464456, 1.0], [-0.49976722894934944, 5.764616144187006e-17, -0.051923046237789094, 1.0], [-0.4591807097080164, 5.89836264655846e-17, -0.0531277276342732, 1.0], [-0.41646539865760135, 6.005289968237475e-17, -0.054090843326411786, 1.0], [-0.372004029143136, 6.049018044139478e-17, -0.05448471081908757, 1.0], [-0.37088620363501834, -6.620773725948258e-17, 0.05963462817017007, 1.0], [-0.35782324968604373, -1.865657192292799e-16, 0.16804346072021903, 1.0], [-0.3335889547946863, -3.003976299778381e-16, 0.2705741308862346, 1.0], [-0.2989570826175624, -4.0751765165235317e-16, 0.36705926882568773, 1.0], [-0.2547013968112879, -5.077399134604621e-16, 0.45733145701233324, 1.0], [-0.20159566103247928, -6.008785446098017e-16, 0.5412232779199262, 1.0], [-0.14041373430518433, -6.867476478382292e-16, 0.6185672901803632, 1.0], [-0.0719293326023035, -7.651612994138225e-16, 0.6891960285836833, 1.0], [0.003083780419547044, -8.359336550139978e-16, 0.7529420994454998, 1.0], [0.0838517457363196, -8.98878790906833e-16, 0.8096380375558514, 1.0], [0.1696008473751135, -9.53810836299965e-16, 0.8591164253884931, 1.0], [0.25955732167931267, -1.0005439071661406e-15, 0.9012098334962506, 1.0], [0.35294740499230104, -1.0388921128606623e-15, 0.9357508264714856, 1.0], [0.4489971906063147, -1.0686695660475546e-15, 0.9625719718867916, 1.0], [0.546933057915885, -1.0896903744277584e-15, 0.9815058328444142, 1.0], [0.592595182750066, -1.097700810504876e-15, 0.9904915524505742, 1.0], [0.6454992085811683, -1.1078642242153357e-15, 0.9978753814706582, 1.0], [0.6730881482479162, -1.1097801959399187e-15, 0.9996011353796352, 1.0], [0.6928220540401525, -1.104908608418215e-15, 0.9952131994301456, 1.0], [0.7039739400264807, -1.09076387619184e-15, 0.982472757273354, 1.0], [0.7058164388057776, -1.0648604158703601e-15, 0.9591409944230693, 1.0], [0.6991364170079938, -1.046722416297326e-15, 0.9349858421792399, 1.0], [0.6797209658987523, -1.0247126423572824e-15, 0.9060299815612116, 1.0]], "overrideEnabled": false, "useOutlinerColor": false, "outlinerColor": [0.0, 0.0, 0.0]}}