{"root_ctrl_newControlShape": {"overrideRGBColors": true, "knots": [0.0, 1.0, 1.204045552, 1.462168806, 1.752544862, 1.872557529, 2.0, 3.0, 3.040380545, 3.074755157, 4.0, 4.038374985, 4.949215639, 4.96984944, 5.0, 6.0, 6.132516895, 6.251878403, 6.523693639, 6.805320195, 7.0, 8.0, 8.228498993, 8.522125139, 8.77534901, 8.881942217, 9.0, 10.0, 10.02590906, 10.05038923, 10.93174588, 11.0, 11.94427588, 11.96588105, 12.0, 13.0, 13.11274971, 13.19622036, 13.49846623, 13.76229243, 14.0, 15.0, 15.25642977, 15.54828442, 15.84992059, 15.91314932, 16.0, 17.0, 17.0242843, 17.0443938, 18.0, 18.04496888, 18.96087588, 18.98156786, 19.0, 20.0, 20.09519452, 20.18276407, 20.46178819, 20.76241458, 21.0, 22.0, 22.18651772, 22.48585202, 22.80815421, 22.89725218, 23.0, 23.8810066, 23.94844859, 24.0, 24.92579747, 25.0, 26.0, 26.05546826, 26.12256106, 27.0, 27.14412711, 27.27252252, 27.52591103, 27.84040991, 28.0], "degree": 1, "form": 1, "overrideColorRGB": [1.0, 1.0, 0.0], "cvs": [[-0.4856764563511306, 0.0, -0.24283822817556502, 1.0], [-0.2428382281755653, 0.0, -0.4856764563511303, 1.0], [-0.23238733130125316, 0.0, -0.5026429244454632, 1.0], [-0.21688959686763162, 0.0, -0.5341232995766065, 1.0], [-0.20987625053505007, 0.0, -0.5695371843402857, 1.0], [-0.2129559315882906, 0.0, -0.5829109380269332, 1.0], [-0.22617522259066933, 0.0, -0.5971126407219638, 1.0], [-0.4326224990016971, 0.0, -0.6545935583649223, 1.0], [-0.4374744264729263, 0.0, -0.668502473948344, 1.0], [-0.43262249857717877, 0.0, -0.6803426701745433, 1.0], [-0.008351239658298627, 0.0, -0.994152725106612, 1.0], [0.008395438997268323, 0.0, -0.994152704406217, 1.0], [0.44308325101082874, 0.0, -0.6716024752655013, 1.0], [0.44798309188039037, 0.0, -0.6646917137704008, 1.0], [0.4430832433721835, 0.0, -0.6545935583649223, 1.0], [0.22617522259066833, 0.0, -0.5971126407219638, 1.0], [0.2128769087284853, 0.0, -0.5823454635784933, 1.0], [0.21006999255547934, 0.0, -0.5690442725662246, 1.0], [0.21590849921535155, 0.0, -0.5372942768078642, 1.0], [0.23194284647038108, 0.0, -0.5043982475417136, 1.0], [0.24283822817556502, 0.0, -0.4856764563511303, 1.0], [0.4856764563511303, 0.0, -0.24283822817556502, 1.0], [0.5087712386466138, 0.0, -0.2298572331603829, 1.0], [0.5427634389804503, 0.0, -0.21124931287601087, 1.0], [0.5720783915812366, 0.0, -0.20887741331690687, 1.0], [0.5839567318491676, 0.0, -0.21242149266755972, 1.0], [0.597112640721968, 0.0, -0.22139876854995175, 1.0], [0.654593558364919, 0.0, -0.436395705576617, 1.0], [0.663418033311002, 0.0, -0.4407672456255753, 1.0], [0.6717558366446951, 0.0, -0.4375319614173033, 1.0], [0.9942424835160242, 0.0, -0.012918714039265918, 1.0], [0.995187734536613, 0.0, 0.013697443893254306, 1.0], [0.6735728691092118, 0.0, 0.43520383833157256, 1.0], [0.666214274032012, 0.0, 0.4389821562325341, 1.0], [0.654593558364919, 0.0, 0.4363957055766099, 1.0], [0.597112640721968, 0.0, 0.22139876854995305, 1.0], [0.5845482432506495, 0.0, 0.211091256611203, 1.0], [0.5752465925076958, 0.0, 0.20763213235402248, 1.0], [0.5389135763854723, 0.0, 0.21140688718772768, 1.0], [0.507198993889887, 0.0, 0.22845441400821687, 1.0], [0.4856764563511303, 0.0, 0.2428382281755653, 1.0], [0.24283822817556502, 0.0, 0.4856764563511305, 1.0], [0.22663974249399912, 0.0, 0.5102799508202922, 1.0], [0.20892800161292374, 0.0, 0.5447564173087913, 1.0], [0.20561112730965828, 0.0, 0.580388363918942, 1.0], [0.20991585208790042, 0.0, 0.587434332332756, 1.0], [0.22679103570206371, 0.0, 0.5971126407219687, 1.0], [0.43639570557661395, 0.0, 0.6460996732074237, 1.0], [0.4424119271418477, 0.0, 0.6590407069378279, 1.0], [0.4371403295699965, 0.0, 0.6697570017374124, 1.0], [0.01783895079589723, 0.0, 0.9949633553442954, 1.0], [-0.014372847068064232, 0.0, 0.9961117352435943, 1.0], [-0.4394399952917634, 0.0, 0.6678758321503976, 1.0], [-0.4418989031353183, 0.0, 0.6563588486291119, 1.0], [-0.4363957055766179, 0.0, 0.6460996732074237, 1.0], [-0.2267910357020647, 0.0, 0.5971126407219687, 1.0], [-0.21188652495767576, 0.0, 0.5865045266401553, 1.0], [-0.20704273768467996, 0.0, 0.5767461101210838, 1.0], [-0.2102800426467146, 0.0, 0.5429135735458538, 1.0], [-0.2290800757980154, 0.0, 0.5064616949944424, 1.0], [-0.2428382281755653, 0.0, 0.4856764563511305, 1.0], [-0.4856764563511306, 0.0, 0.2428382281755653, 1.0], [-0.5031095302633302, 0.0, 0.22897825094733495, 1.0], [-0.5380801577576537, 0.0, 0.21386743368196542, 1.0], [-0.5757340778967587, 0.0, 0.20744052320776682, 1.0], [-0.587736638100236, 0.0, 0.21252593734085293, 1.0], [-0.5971126407219673, 0.0, 0.2237125931566561, 1.0], [-0.637915249785759, 0.0, 0.43757571521877037, 1.0], [-0.6532524991599971, 0.0, 0.44189771980435755, 1.0], [-0.6649760089609911, 0.0, 0.4363957055766099, 1.0], [-0.9951877301565409, 0.0, 0.014308579461468749, 1.0], [-0.9951877345366126, 0.0, -0.012432674938175023, 1.0], [-0.6649760089609911, 0.0, -0.436395705576617, 1.0], [-0.6526294355825198, 0.0, -0.4403514748590018, 1.0], [-0.6376953781888492, 0.0, -0.4367289020104191, 1.0], [-0.5971126407219673, 0.0, -0.2237125931566548, 1.0], [-0.5810516655191715, 0.0, -0.21450399581802684, 1.0], [-0.5667437709380425, 0.0, -0.21097421894426, 1.0], [-0.5378317781277342, 0.0, -0.21475771832670085, 1.0], [-0.5019470043571712, 0.0, -0.23007648385151722, 1.0], [-0.4856764563511306, 0.0, -0.24283822817556502, 1.0]], "overrideEnabled": true, "useOutlinerColor": false, "outlinerColor": [0.0, 0.0, 0.0]}}