{"arrow_dbl_roundedShape1": {"overrideRGBColors": false, "knots": [0.0, 1.0, 2.0, 3.0, 4.0, 5.0, 6.0, 7.0, 8.0, 9.0, 10.0, 11.0, 12.0, 13.0, 14.0, 15.0, 16.0, 17.0, 18.0, 19.0, 20.0, 21.0, 22.0, 23.0, 24.0, 25.0, 26.0, 27.0, 28.0, 29.0, 30.0, 31.0, 32.0, 33.0, 34.0, 35.0, 36.0, 37.0, 38.0, 39.0, 40.0], "degree": 1, "form": 3, "overrideColorRGB": [0.0, 0.0, 0.0], "cvs": [[-0.9235716623777976, 0.00010000000474999044, -0.14730206899694429, 1.0], [-0.951692834269487, 0.00010000000474992905, -0.1104413168912318, 1.0], [-0.9685655375535123, 0.00010000000474985991, -0.06892157964757935, 1.0], [-0.9741897719388353, 0.00010000000474978694, -0.025100244808712157, 1.0], [-0.9685655375535125, 0.00010000000474971405, 0.018665490817508498, 1.0], [-0.9516928342694875, 0.00010000000474964518, 0.06001814432092648, 1.0], [-0.9235716623777983, 0.00010000000474958425, 0.0966004235262489, 1.0], [-0.8867109639162658, 0.00010000000474953744, 0.12472160882898331, 1.0], [-0.8451912385935425, 0.00010000000474950933, 0.14159430093713776, 1.0], [-0.8013698560709595, 0.00010000000474949995, 0.1472184998507121, 1.0], [-0.7576041562075255, 0.00010000000474950933, 0.14159430093713793, 1.0], [-0.7162515027041076, 0.00010000000474953744, 0.12472160882898368, 1.0], [-0.6796692234987851, 0.00010000000474958425, 0.09660042352624934, 1.0], [-8.352823206014826e-05, 0.00010000000475071599, -0.5829853194241887, 1.0], [0.6795021193509463, 0.00010000000474958425, 0.09660042352625206, 1.0], [0.7163629668240907, 0.00010000000474953744, 0.12472160882898649, 1.0], [0.7578825133328797, 0.00010000000474950933, 0.14159430093714093, 1.0], [0.8017040389066104, 0.00010000000474949995, 0.14721849985071525, 1.0], [0.8454696791653995, 0.00010000000474950933, 0.1415943009371411, 1.0], [0.8868223326688174, 0.00010000000474953744, 0.12472160882898686, 1.0], [0.9234047072415712, 0.00010000000474958425, 0.09660042352625262, 1.0], [0.9387676375394229, 0.00010000000474961358, 0.07900379724451431, 1.0], [0.9514206068997746, 0.00010000000474964548, 0.0598480088228834, 1.0], [0.9613264220242863, 0.00010000000474967941, 0.039467130374397266, 1.0], [0.9684480803494817, 0.00010000000474971484, 0.018195234012092512, 1.0], [0.9727481978421575, 0.00010000000474975119, -0.0036335127835618753, 1.0], [0.9741897719388373, 0.00010000000474978792, -0.025684942532097122, 1.0], [0.9727945464139349, 0.00010000000474982456, -0.04769002370885493, 1.0], [0.9685964720731146, 0.00010000000474986075, -0.06941663198522212, 1.0], [0.9615770476346381, 0.00010000000474989598, -0.09058638982823956, 1.0], [0.9517175810819039, 0.00010000000474992987, -0.11092082433751685, 1.0], [0.9389995711331736, 0.00010000000474996185, -0.13014165334752661, 1.0], [0.9234047072415721, 0.00010000000474999156, -0.14797030859044671, 1.0], [0.12153359823278453, 0.00010000000475132694, -0.9498413222318056, 1.0], [0.08495437078527468, 0.00010000000475137329, -0.9776809828763369, 1.0], [0.0436233656888394, 0.00010000000475140107, -0.9943649428372745, 1.0], [-8.352823205903803e-05, 0.00010000000475141026, -0.9998747008328801, 1.0], [-0.043790422152957476, 0.0001000000047514008, -0.9941917555814155, 1.0], [-0.0851214272493932, 0.00010000000475137267, -0.9772974150662788, 1.0], [-0.12170065469690305, 0.00010000000475132583, -0.9491729872708687, 1.0], [-0.9235716623777976, 0.00010000000474999044, -0.14730206899694429, 1.0]], "overrideEnabled": false, "useOutlinerColor": false, "outlinerColor": [0.0, 0.0, 0.0]}, "arrow_dbl_roundedShape": {"overrideRGBColors": false, "knots": [0.0, 1.0, 2.0, 3.0, 4.0, 5.0, 6.0, 7.0, 8.0, 9.0, 10.0, 11.0, 12.0, 13.0, 14.0, 15.0, 16.0, 17.0, 18.0, 19.0, 20.0, 21.0, 22.0, 23.0, 24.0, 25.0, 26.0, 27.0, 28.0, 29.0, 30.0, 31.0, 32.0, 33.0, 34.0, 35.0, 36.0, 37.0, 38.0, 39.0, 40.0], "degree": 1, "form": 3, "overrideColorRGB": [0.0, 0.0, 0.0], "cvs": [[-0.9235716623777996, -0.00010000000475091867, 0.7046859366411782, 1.0], [-0.951692834269489, -0.00010000000475098005, 0.7415466172213172, 1.0], [-0.968565537553514, -0.0001000000047510492, 0.7830663544649696, 1.0], [-0.974189771938837, -0.00010000000475112218, 0.8268877369875525, 1.0], [-0.9685655375535143, -0.00010000000475119506, 0.8706534368509864, 1.0], [-0.9516928342694893, -0.00010000000475126392, 0.9120060963148688, 1.0], [-0.9235716623778001, -0.00010000000475132484, 0.9485883635992622, 1.0], [-0.8867109639162676, -0.00010000000475137168, 0.9767095369810679, 1.0], [-0.8451912385935441, -0.00010000000475139977, 0.9935822410101509, 1.0], [-0.8013698560709612, -0.00010000000475140914, 0.9992064749414542, 1.0], [-0.7576041562075273, -0.00010000000475139977, 0.9935822410101511, 1.0], [-0.7162515027041092, -0.00010000000475137168, 0.9767095369810681, 1.0], [-0.6796692234987869, -0.00010000000475132484, 0.9485883635992627, 1.0], [-8.352823206170257e-05, -0.00010000000475019422, 0.2696709019655817, 1.0], [0.6795021193509445, -0.00010000000475132597, 0.9492565912718423, 1.0], [0.716362966824089, -0.00010000000475137279, 0.9773777631635316, 1.0], [0.7578825133328779, -0.00010000000475140088, 0.9942504664475571, 1.0], [0.8017040389066086, -0.00010000000475141025, 0.9998747008328799, 1.0], [0.8454696791653977, -0.00010000000475140088, 0.9942504664475571, 1.0], [0.8868223326688156, -0.00010000000475137279, 0.9773777631635321, 1.0], [0.9234047072415699, -0.00010000000475132597, 0.9492565912718427, 1.0], [0.9387676375394212, -0.00010000000475129665, 0.9316599769110334, 1.0], [0.9514206068997728, -0.00010000000475126475, 0.9125041706080093, 1.0], [0.9613264220242845, -0.00010000000475123081, 0.8921232802385939, 1.0], [0.9684480803494799, -0.00010000000475119539, 0.8708514196390762, 1.0], [0.9727481978421557, -0.00010000000475115904, 0.8490227086062088, 1.0], [0.9741897719388355, -0.00010000000475112231, 0.8269712550158157, 1.0], [0.9727945464139331, -0.00010000000475108567, 0.8049662096018448, 1.0], [0.9685964720731128, -0.00010000000475104948, 0.7832395894045485, 1.0], [0.9615770476346364, -0.00010000000475101423, 0.7620698315615311, 1.0], [0.9517175810819021, -0.00010000000475098036, 0.7417353493685379, 1.0], [0.9389995711331718, -0.00010000000475094835, 0.7225145680422438, 1.0], [0.9234047072415703, -0.00010000000475091867, 0.7046859366411817, 1.0], [0.12153359823278276, -0.00010000000474958329, -0.097185148525751, 1.0], [0.0849543707852729, -0.00010000000474953691, -0.12502786092809468, 1.0], [0.04362336568883762, -0.0001000000047495091, -0.1417334692960149, 1.0], [-8.352823206081439e-05, -0.00010000000474949982, -0.14730206899694248, 1.0], [-0.04379042215295925, -0.0001000000047495091, -0.14173346929601507, 1.0], [-0.08512142724939498, -0.00010000000474953691, -0.12502786092809506, 1.0], [-0.12170065469690483, -0.00010000000474958329, -0.09718514852575155, 1.0], [-0.9235716623777996, -0.00010000000475091867, 0.7046859366411782, 1.0]], "overrideEnabled": false, "useOutlinerColor": false, "outlinerColor": [0.0, 0.0, 0.0]}}