{"arrow_1_wideShape": {"overrideRGBColors": false, "knots": [0.0, 1.0, 2.0, 3.0, 4.0, 5.0, 6.0, 7.0, 8.0, 9.0, 10.0, 11.0, 12.0, 13.0, 14.0, 15.0, 16.0, 17.0, 18.0, 19.0, 20.0, 21.0, 22.0, 23.0, 24.0, 25.0, 26.0, 27.0, 28.0, 29.0, 30.0, 31.0, 32.0, 33.0, 34.0, 35.0, 36.0, 37.0, 38.0, 39.0, 40.0, 41.0, 42.0, 43.0, 44.0, 45.0, 46.0, 47.0, 48.0, 49.0, 50.0, 51.0, 52.0, 53.0, 54.0, 55.0, 56.0, 57.0, 58.0, 59.0, 60.0, 61.0, 62.0], "degree": 1, "form": 3, "overrideColorRGB": [0.0, 0.0, 0.0], "cvs": [[-0.016031310695689138, 1.1083431772479416e-15, -0.9983067840104924, 1.0], [-0.03194966091541568, 1.1050549953467004e-15, -0.9953450530534607, 1.0], [-0.047796199459116895, 1.100123357769549e-15, -0.9909030288225038, 1.0], [-0.06322121395496655, 1.0935982394603755e-15, -0.9850257247453555, 1.0], [-0.07787470592884344, 1.0855296153630679e-15, -0.97775815424975, 1.0], [-0.09140686764148992, 1.0759668251468037e-15, -0.9691447585588318, 1.0], [-0.10346789135364814, 1.0649600555137076e-15, -0.9592307418351993, 1.0], [-0.9532114989939147, 1.767816358135824e-16, -0.15923074183519947, 1.0], [-0.9721933342400007, 1.4786784852170165e-16, -0.1331875175004824, 1.0], [-0.9868244163575584, 1.1404412887194293e-16, -0.10272181925829482, 1.0], [-0.9962704811128789, 7.709316358092133e-17, -0.06943934855516964, 1.0], [-0.9996972583350725, 3.879763936525194e-17, -0.0349458068376407, 1.0], [-0.9962704811128789, 9.403488206682384e-19, -0.0008469909196717751, 1.0], [-0.985155881184619, -3.4696021336214686e-17, 0.031251397752203314, 1.0], [-0.9655191905680114, -6.632867850966335e-17, 0.059743562364019454, 1.0], [-0.9388839222374372, -9.049516376953897e-17, 0.08151079716626564, 1.0], [-0.9076646663132124, -1.064252065294322e-16, 0.09585930409375587, 1.0], [-0.8736824609222822, -1.1417862849124284e-16, 0.10284296574536711, 1.0], [-0.8387583352508956, -1.1381503959863393e-16, 0.10251547398511329, 1.0], [-0.8047133304062299, -1.0539436743262371e-16, 0.09493080677930266, 1.0], [-0.7733684755745345, -8.897632781599361e-17, 0.08014275135938087, 1.0], [-0.7465448357048445, -6.462063657152505e-17, 0.05820509495679316, 1.0], [-0.150134608882945, 5.599509655476949e-16, -0.5043589919572695, 1.0], [-0.150134608882945, -9.43689574265955e-16, 0.8500000030035155, 1.0], [-0.14617256893543523, -9.819402719098688e-16, 0.8844531685346739, 1.0], [-0.13489050640491768, -1.0169840432584739e-15, 0.9160177916521208, 1.0], [-0.11719441189197827, -1.0478448747459615e-15, 0.9438147574895994, 1.0], [-0.09399046673206607, -1.0735467395716336e-15, 0.9669649392599242, 1.0], [-0.066184470790904, -1.0931136225153203e-15, 0.9845892206067222, 1.0], [-0.034682700771372754, -1.1055694996714556e-15, 0.9958084773505109, 1.0], [-0.0003909565391950198, -1.1099383520458582e-15, 0.9997435897355902, 1.0], [0.033900692325550985, -1.10553962149414e-15, 0.9957815654808657, 1.0], [0.06540255771251396, -1.0930140283152077e-15, 0.9844995141262189, 1.0], [0.09320845828624452, -1.0733674696805587e-15, 0.9668034672969954, 1.0], [0.11641249881358823, -1.0476058460187133e-15, 0.9435994595522064, 1.0], [0.1341084979590959, -1.0167350618940954e-15, 0.9157935291761534, 1.0], [0.14539056048961357, -9.817610053275163e-16, 0.8842916995519774, 1.0], [0.14935260043712334, -9.43689574265955e-16, 0.8500000030035155, 1.0], [0.14935260043712334, 5.599509655476949e-16, -0.5043589919572695, 1.0], [0.7462756656226701, -6.462063657152505e-17, 0.05820509495679316, 1.0], [0.7715922854957171, -8.607820458696302e-17, 0.07753235402051373, 1.0], [0.8022464297828265, -1.0131103335214754e-16, 0.09125286641065045, 1.0], [0.8362285159644671, -1.0981143249431807e-16, 0.09890934529248652, 1.0], [0.8715295337256976, -1.1107128812424044e-16, 0.10004412236157822, 1.0], [0.9061397098121233, -1.0458269811091728e-16, 0.09419972004834576, 1.0], [0.9380496524390765, -8.983786620246964e-17, 0.08091875615064081, 1.0], [0.965249969821889, -6.632867850966335e-17, 0.059743562364019454, 1.0], [0.9848060153541156, -3.5293603080502594e-17, 0.03178965153638291, 1.0], [0.9960462115821429, 3.4276707638032947e-19, -0.0003087371354921764, 1.0], [0.9996972583350725, 3.855856431588941e-17, -0.03473046717699635, 1.0], [0.996485664707143, 7.733213275116545e-17, -0.06965459284838271, 1.0], [0.9871383212623186, 1.1464171061623084e-16, -0.10326007304247486, 1.0], [0.9723817370948382, 1.4846543026598956e-16, -0.133725771284662, 1.0], [0.9529424212989397, 1.767816358135824e-16, -0.15923074183519947, 1.0], [0.1031987689551897, 1.0649600555137076e-15, -0.9592307418351993, 1.0], [0.0903827212867328, 1.0769527714974077e-15, -0.9700328200822694, 1.0], [0.07696566806407651, 1.0870733329094388e-15, -0.9791486114030703, 1.0], [0.06291165576549257, 1.0953312688704578e-15, -0.9865866988664491, 1.0], [0.04818492160411553, 1.1017367437758317e-15, -0.9923562377458435, 1.0], [0.032749512058217134, 1.1062999220209274e-15, -0.9964663833146914, 1.0], [0.016569473606068696, 1.1090303327264016e-15, -0.9989257186418401, 1.0], [-0.0003909565391950198, 1.1099383520458582e-15, -0.9997435897355897, 1.0], [-0.016031310695689138, 1.1083431772479416e-15, -0.9983067840104924, 1.0]], "overrideEnabled": false, "useOutlinerColor": false, "outlinerColor": [0.0, 0.0, 0.0]}}