{"arrow_4way_trilrgbevShape2": {"overrideRGBColors": false, "knots": [0.0, 1.0, 2.0, 3.0, 4.0, 5.0, 6.0, 7.0, 8.0, 9.0, 10.0, 11.0, 12.0, 13.0, 14.0, 15.0, 16.0, 17.0, 18.0, 19.0, 20.0, 21.0], "degree": 1, "form": 3, "overrideColorRGB": [0.0, 0.0, 0.0], "cvs": [[-0.5758727676409763, -9.999999310798506e-05, 0.25129624672117656, 1.0], [-0.5758727676409763, -9.999999310742708e-05, -0.2512962215405423, 1.0], [-0.5830388195056002, -9.999999310738797e-05, -0.2865313404065093, 1.0], [-0.6020918495196383, -9.999999310735769e-05, -0.31379698447999527, 1.0], [-0.6293639308947603, -9.999999310733796e-05, -0.3315762393933257, 1.0], [-0.661187232210068, -9.999999310733042e-05, -0.3383518093090969, 1.0], [-0.6938938982028049, -9.99999931073368e-05, -0.33260677985963394, 1.0], [-0.7238160736102144, -9.999999310735878e-05, -0.31282404594239743, 1.0], [-0.9754579580563585, -9.999999310763815e-05, -0.06118210487184106, 1.0], [-0.9895724884408992, -9.999999310765872e-05, -0.04265726737794484, 1.0], [-0.9980412057775538, -9.999999310768192e-05, -0.021751105115981773, 1.0], [-1.0008641117077786, -9.999999310770645e-05, 0.00034571953001449884, 1.0], [-0.9980412057775538, -9.999999310773098e-05, 0.02244244880857904, 1.0], [-0.9895724884408992, -9.999999310775421e-05, 0.043348611070541665, 1.0], [-0.9754579580563585, -9.999999310777476e-05, 0.061873543931870056, 1.0], [-0.7245073921221774, -9.999999310805337e-05, 0.3128240711230319, 1.0], [-0.6945340282458345, -9.999999310807535e-05, 0.3326068050402684, 1.0], [-0.6616993314761201, -9.999999310808172e-05, 0.3383518344897314, 1.0], [-0.6297095901507419, -9.999999310807419e-05, 0.3315762168902441, 1.0], [-0.6022710926074069, -9.999999310805445e-05, 0.3137970573443454, 1.0], [-0.5830900318163912, -9.999999310802418e-05, 0.2865313655871433, 1.0], [-0.5758727676409763, -9.999999310798506e-05, 0.25129624672117656, 1.0]], "overrideEnabled": false, "useOutlinerColor": false, "outlinerColor": [0.0, 0.0, 0.0]}, "arrow_4way_trilrgbevShape": {"overrideRGBColors": false, "knots": [0.0, 1.0, 2.0, 3.0, 4.0, 5.0, 6.0, 7.0, 8.0, 9.0, 10.0, 11.0, 12.0, 13.0, 14.0, 15.0, 16.0, 17.0, 18.0, 19.0, 20.0, 21.0], "degree": 1, "form": 3, "overrideColorRGB": [0.0, 0.0, 0.0], "cvs": [[0.06152790717897011, 0.00030000000260712835, 0.9744210279721304, 1.0], [0.3131697528820952, 0.00030000000260740775, 0.7227791435259863, 1.0], [0.3329524867993315, 0.00030000000260744093, 0.6928569681185766, 1.0], [0.33869751624879446, 0.00030000000260747725, 0.6601503021258397, 1.0], [0.331921946333023, 0.0003000000026075126, 0.6283270008105322, 1.0], [0.3141426914196928, 0.00030000000260754284, 0.60105491943541, 1.0], [0.2868770473462066, 0.000300000002607564, 0.5820018894213719, 1.0], [0.25164192848023964, 0.000300000002607572, 0.5748358375567479, 1.0], [-0.250950539781479, 0.000300000002607572, 0.5748358375567479, 1.0], [-0.2861856586474459, 0.000300000002607564, 0.5820018894213719, 1.0], [-0.31345135040464805, 0.00030000000260754284, 0.60105491943541, 1.0], [-0.3312305099505464, 0.0003000000026075126, 0.6283270008105322, 1.0], [-0.33800612755003373, 0.00030000000260747725, 0.6601503021258397, 1.0], [-0.33226109810057086, 0.00030000000260744093, 0.6928569681185766, 1.0], [-0.3124783641833346, 0.00030000000260740775, 0.7227791435259863, 1.0], [-0.06083642311277787, 0.00030000000260712835, 0.9744210279721304, 1.0], [-0.04260283775511192, 0.00030000000260711263, 0.9885355583566708, 1.0], [-0.02189189262571739, 0.0003000000026071033, 0.9970042756933255, 1.0], [8.64856701810468e-05, 0.00030000000260710016, 0.9998271816235502, 1.0], [0.022122370527358826, 0.0003000000026071033, 0.9970042756933255, 1.0], [0.043006121442886125, 0.00030000000260711263, 0.9885355583566708, 1.0], [0.06152790717897011, 0.00030000000260712835, 0.9744210279721304, 1.0]], "overrideEnabled": false, "useOutlinerColor": false, "outlinerColor": [0.0, 0.0, 0.0]}, "arrow_4way_trilrgbevShape1": {"overrideRGBColors": false, "knots": [0.0, 1.0, 2.0, 3.0, 4.0, 5.0, 6.0, 7.0, 8.0, 9.0, 10.0, 11.0, 12.0, 13.0, 14.0, 15.0, 16.0, 17.0, 18.0, 19.0, 20.0, 21.0], "degree": 1, "form": 3, "overrideColorRGB": [0.0, 0.0, 0.0], "cvs": [[0.5758728855114896, -0.0003000000026069173, -0.2512962215405423, 1.0], [0.5758728855114896, -0.00030000000260747535, 0.25129624672117656, 1.0], [0.5830388896923979, -0.00030000000260751444, 0.2865313655871433, 1.0], [0.6020918720227202, -0.00030000000260754474, 0.3137970573443454, 1.0], [0.6293640964489897, -0.0003000000026075645, 0.3315762168902441, 1.0], [0.6611872547131499, -0.00030000000260757196, 0.3383518344897314, 1.0], [0.6938938968640287, -0.0003000000026075656, 0.3326068050402684, 1.0], [0.723816191480728, -0.00030000000260754366, 0.3128240711230319, 1.0], [0.975458037183853, -0.00030000000260726426, 0.061182130052475525, 1.0], [0.9895726078015288, -0.0003000000026072437, 0.04265729255857886, 1.0], [0.9980412357312163, -0.00030000000260722046, 0.02175113029661624, 1.0], [1.0008641117077786, -0.00030000000260719595, -0.0003456943493800324, 1.0], [0.9980412357312163, -0.0003000000026071714, -0.022442423627944574, 1.0], [0.9895726078015288, -0.0003000000026071482, -0.0433485858899072, 1.0], [0.975458037183853, -0.00030000000260712765, -0.06187351875123559, 1.0], [0.723816191480728, -0.00030000000260684825, -0.3135153644543607, 1.0], [0.6938938968640287, -0.0003000000026068266, -0.33300684623536636, 1.0], [0.6611872547131499, -0.00030000000260682044, -0.33855665855226125, 1.0], [0.6293640964489897, -0.00030000000260682814, -0.33166264228639175, 1.0], [0.6020918720227202, -0.0003000000026068479, -0.31382263831910695, 1.0], [0.5830388896923979, -0.00030000000260687823, -0.28653448753175326, 1.0], [0.5758728855114896, -0.0003000000026069173, -0.2512962215405423, 1.0]], "overrideEnabled": false, "useOutlinerColor": false, "outlinerColor": [0.0, 0.0, 0.0]}, "arrow_4way_trilrgbevShape3": {"overrideRGBColors": false, "knots": [0.0, 1.0, 2.0, 3.0, 4.0, 5.0, 6.0, 7.0, 8.0, 9.0, 10.0, 11.0, 12.0, 13.0, 14.0, 15.0, 16.0, 17.0, 18.0, 19.0, 20.0, 21.0], "degree": 1, "form": 3, "overrideColorRGB": [0.0, 0.0, 0.0], "cvs": [[-0.25164185829344193, 0.0001000000163924224, -0.5748357646923976, 1.0], [0.25095060996827684, 0.0001000000163924224, -0.5748357646923976, 1.0], [0.2861857288342436, 0.00010000001639243032, -0.5820018642407376, 1.0], [0.31345137290773, 0.00010000001639245152, -0.6010549419384912, 1.0], [0.33123062782106, 0.00010000001639248176, -0.6283269756298977, 1.0], [0.33800619773683144, 0.00010000001639251711, -0.6601503246289209, 1.0], [0.3322611682873687, 0.00010000001639255343, -0.6928569667798001, 1.0], [0.3124784343701324, 0.00010000001639258666, -0.7227790706616357, 1.0], [0.06152790717897011, 0.000100000016392866, -0.9744209163647612, 1.0], [0.04300297431764194, 0.00010000001639288167, -0.9885354869824368, 1.0], [0.022096812055679094, 0.0001000000163928911, -0.9970043056469873, 1.0], [8.277711477377991e-08, 0.0001000000163928942, -0.9998271816235498, 1.0], [-0.022096741868881387, 0.0001000000163928911, -0.9970043056469873, 1.0], [-0.043002904130844344, 0.00010000001639288167, -0.9885354869824368, 1.0], [-0.061527741624740784, 0.000100000016392866, -0.9744209163647612, 1.0], [-0.3131696826952974, 0.00010000001639258742, -0.7234704845410302, 1.0], [-0.3329524166125338, 0.00010000001639255413, -0.6934970729809722, 1.0], [-0.33869744606199664, 0.00010000001639251765, -0.660662447736831, 1.0], [-0.33192182846250934, 0.00010000001639248214, -0.6286725872021632, 1.0], [-0.31414266891661086, 0.00010000001639245168, -0.6012340419751125, 1.0], [-0.2868769771594088, 0.00010000001639243037, -0.5820530765515288, 1.0], [-0.25164185829344193, 0.0001000000163924224, -0.5748357646923976, 1.0]], "overrideEnabled": false, "useOutlinerColor": false, "outlinerColor": [0.0, 0.0, 0.0]}}