{"arrow_4way_squaremidShape1": {"overrideRGBColors": false, "knots": [0.0, 1.0, 3.0, 7.0, 11.0, 12.0, 13.0, 14.0, 15.0, 16.0, 17.0, 18.0, 19.0, 20.0, 21.0, 22.0, 23.0, 24.0, 25.0, 26.0, 27.0, 28.0, 29.0, 36.0, 40.0, 43.0, 46.0, 48.0, 50.0, 53.0, 58.0, 59.0, 64.0, 66.0, 70.0, 74.0, 77.0], "degree": 1, "form": 3, "overrideColorRGB": [0.0, 0.0, 0.0], "cvs": [[0.008669511671179906, 0.0008000000379974984, 0.9986661911010744, 1.0], [0.010670225019568932, 0.0008000000379975007, 0.9979993820190431, 1.0], [0.014671556348914367, 0.0008000000379975051, 0.9966407775878907, 1.0], [0.02180971323978341, 0.000800000037997513, 0.9924665451049806, 1.0], [0.025811044569129284, 0.0008000000379975175, 0.988317108154297, 1.0], [0.3347782534314329, 0.0008000000379978605, 0.5978659629821773, 1.0], [0.3413236063672242, 0.0008000000379978678, 0.5830215454101558, 1.0], [0.34001459300052483, 0.0008000000379978663, 0.5671396255493159, 1.0], [0.3333097873853207, 0.0008000000379978569, 0.5520648374096496, 1.0], [0.3242315691662961, 0.0008000000379978488, 0.5429587364196772, 1.0], [0.313758890028113, 0.0008000000379978371, 0.535845279693603, 1.0], [0.3007668894482785, 0.0008000000379978227, 0.5331777572631832, 1.0], [0.1673891466809448, 0.0008000000379976747, 0.5331777572631834, 1.0], [0.16738914668094457, 0.0008000000379976747, 0.3997999191284178, 1.0], [0.16289381205570067, 0.0008000000379976697, 0.38285598754882794, 1.0], [0.15098861872684322, 0.0008000000379976565, 0.3709507942199705, 1.0], [0.13404468714725334, 0.0008000000379976376, 0.3664554595947265, 1.0], [-0.1327108937548467, 0.0008000000379973415, 0.3664554595947269, 1.0], [-0.14965482533443653, 0.0008000000379973227, 0.37095079421997107, 1.0], [-0.16156001866329392, 0.0008000000379973094, 0.3828559875488285, 1.0], [-0.16605535328853777, 0.0008000000379973045, 0.39979991912841834, 1.0], [-0.16605535328853754, 0.0008000000379973045, 0.5331777572631841, 1.0], [-0.29943314373958735, 0.0008000000379971563, 0.5331777572631843, 1.0], [-0.3121040421770875, 0.0008000000379971424, 0.5360181808471686, 1.0], [-0.31943980038631586, 0.0008000000379971342, 0.539179706573487, 1.0], [-0.32541709721553963, 0.0008000000379971275, 0.5457004547119148, 1.0], [-0.32944312870968007, 0.0008000000379971231, 0.5518506050109869, 1.0], [-0.33235770047176516, 0.0008000000379971198, 0.5607424736022956, 1.0], [-0.33253060162532966, 0.0008000000379971196, 0.5698566436767584, 1.0], [-0.32944312870968, 0.0008000000379971231, 0.579193019866944, 1.0], [-0.3254417973803346, 0.0008000000379971275, 0.5865288734436042, 1.0], [-0.025341756944542684, 0.0008000000379974607, 0.9866622924804689, 1.0], [-0.018672903184777226, 0.0008000000379974681, 0.9926641464233399, 1.0], [-0.01467157185543134, 0.0008000000379974725, 0.9951589584350586, 1.0], [-0.006668909196740016, 0.0008000000379974814, 0.9986661911010744, 1.0], [0.0013337534619517477, 0.0008000000379974903, 1.0, 1.0], [0.008669511671179906, 0.0008000000379974984, 0.9986661911010744, 1.0]], "overrideEnabled": false, "useOutlinerColor": false, "outlinerColor": [0.0, 0.0, 0.0]}, "arrow_4way_squaremidShape2": {"overrideRGBColors": false, "knots": [0.0, 1.0, 3.0, 7.0, 11.0, 12.0, 13.0, 14.0, 15.0, 16.0, 17.0, 18.0, 19.0, 20.0, 21.0, 22.0, 23.0, 24.0, 25.0, 26.0, 27.0, 28.0, 29.0, 36.0, 40.0, 43.0, 46.0, 48.0, 50.0, 53.0, 58.0, 59.0, 64.0, 66.0, 70.0, 74.0, 77.0], "degree": 1, "form": 3, "overrideColorRGB": [0.0, 0.0, 0.0], "cvs": [[-0.9986661911010744, 0.0008000000379974984, 0.008669511671176236, 1.0], [-0.9979993820190431, 0.0008000000379975007, 0.010670225019565265, 1.0], [-0.9966407775878907, 0.0008000000379975051, 0.014671556348910703, 1.0], [-0.9924665451049806, 0.000800000037997513, 0.021809713239779763, 1.0], [-0.988317108154297, 0.0008000000379975175, 0.02581104456912565, 1.0], [-0.5978659629821785, 0.0008000000379978605, 0.33477825343143075, 1.0], [-0.583021545410157, 0.0008000000379978678, 0.34132360636722203, 1.0], [-0.5671396255493171, 0.0008000000379978663, 0.3400145930005228, 1.0], [-0.5520648374096508, 0.0008000000379978569, 0.33330978738531863, 1.0], [-0.5429587364196784, 0.0008000000379978488, 0.3242315691662941, 1.0], [-0.5358452796936041, 0.0008000000379978371, 0.3137588900281111, 1.0], [-0.5331777572631843, 0.0008000000379978227, 0.30076688944827656, 1.0], [-0.5331777572631841, 0.0008000000379976747, 0.16738914668094285, 1.0], [-0.3997999191284184, 0.0008000000379976747, 0.1673891466809431, 1.0], [-0.38285598754882855, 0.0008000000379976697, 0.16289381205569925, 1.0], [-0.37095079421997107, 0.0008000000379976565, 0.15098861872684186, 1.0], [-0.366455459594727, 0.0008000000379976376, 0.134044687147252, 1.0], [-0.3664554595947264, 0.0008000000379973415, -0.13271089375484804, 1.0], [-0.3709507942199705, 0.0008000000379973227, -0.14965482533443789, 1.0], [-0.3828559875488279, 0.0008000000379973094, -0.16156001866329534, 1.0], [-0.3997999191284177, 0.0008000000379973045, -0.16605535328853924, 1.0], [-0.5331777572631834, 0.0008000000379973045, -0.1660553532885395, 1.0], [-0.5331777572631832, 0.0008000000379971563, -0.2994331437395893, 1.0], [-0.5360181808471675, 0.0008000000379971424, -0.3121040421770894, 1.0], [-0.5391797065734859, 0.0008000000379971342, -0.3194398003863178, 1.0], [-0.5457004547119135, 0.0008000000379971275, -0.32541709721554163, 1.0], [-0.5518506050109857, 0.0008000000379971231, -0.3294431287096821, 1.0], [-0.5607424736022943, 0.0008000000379971198, -0.3323577004717672, 1.0], [-0.5698566436767571, 0.0008000000379971196, -0.3325306016253317, 1.0], [-0.5791930198669428, 0.0008000000379971231, -0.3294431287096822, 1.0], [-0.5865288734436029, 0.0008000000379971275, -0.32544179738033674, 1.0], [-0.9866622924804689, 0.0008000000379974607, -0.02534175694454631, 1.0], [-0.9926641464233399, 0.0008000000379974681, -0.018672903184780872, 1.0], [-0.9951589584350586, 0.0008000000379974725, -0.014671571855434997, 1.0], [-0.9986661911010744, 0.0008000000379974814, -0.006668909196743686, 1.0], [-1.0, 0.0008000000379974903, 0.0013337534619480725, 1.0], [-0.9986661911010744, 0.0008000000379974984, 0.008669511671176236, 1.0]], "overrideEnabled": false, "useOutlinerColor": false, "outlinerColor": [0.0, 0.0, 0.0]}, "arrow_4way_squaremidShape3": {"overrideRGBColors": false, "knots": [0.0, 1.0, 3.0, 7.0, 11.0, 12.0, 13.0, 14.0, 15.0, 16.0, 17.0, 18.0, 19.0, 20.0, 21.0, 22.0, 23.0, 24.0, 25.0, 26.0, 27.0, 28.0, 29.0, 36.0, 40.0, 43.0, 46.0, 48.0, 50.0, 53.0, 58.0, 59.0, 64.0, 66.0, 70.0, 74.0, 77.0], "degree": 1, "form": 3, "overrideColorRGB": [0.0, 0.0, 0.0],