{"arrow_4way_circlejoinShape": {"overrideRGBColors": false, "knots": [0.0, 1.0, 2.0, 3.0, 4.0, 5.0, 6.0, 7.0, 8.0, 9.0, 10.0, 11.0, 12.0, 13.0, 14.0, 15.0, 16.0, 17.0, 18.0, 19.0, 20.0, 21.0, 22.0, 23.0, 24.0, 25.0, 26.0, 27.0, 28.0, 29.0, 30.0, 31.0, 32.0, 33.0, 34.0, 35.0, 36.0, 37.0, 38.0, 39.0, 40.0, 41.0, 42.0, 43.0, 44.0, 45.0, 46.0, 47.0, 48.0, 49.0, 50.0, 51.0, 52.0, 53.0, 54.0, 55.0, 56.0, 57.0, 58.0, 59.0, 60.0, 61.0, 62.0, 63.0, 64.0, 65.0, 66.0, 67.0, 68.0], "degree": 1, "form": 3, "overrideColorRGB": [0.0, 0.0, 0.0], "cvs": [[0.7656564712524414, -2.116713100573631e-16, -0.2343434333801273, 1.0], [0.6949495315551759, -2.901718883891683e-16, -0.16363639831542987, 1.0], [0.8094276428222658, -4.17268123333492e-16, -0.04915828704834002, 1.0], [0.4983164787292482, -4.17268123333492e-16, -0.04915828704834002, 1.0], [0.4845335006713869, -3.319660821934716e-16, -0.12599153518676776, 1.0], [0.4595326423645021, -2.5170971044112663e-16, -0.1982800483703615, 1.0], [0.4242673873901368, -1.775574816231698e-16, -0.26507043838500977, 1.0], [0.3796908378601076, -1.105675516489585e-16, -0.32540960311889666, 1.0], [0.3267563819885255, -5.179849994432382e-17, -0.3783440589904785, 1.0], [0.26641721725463885, -2.3085882977415956e-18, -0.42292060852050817, 1.0], [0.19962682723999037, 3.684370974407552e-17, -0.4581858634948732, 1.0], [0.12733831405639662, 6.46002382717701e-17, -0.4831867218017578, 1.0], [0.05050506591796888, 7.990241785951107e-17, -0.49696969985961914, 1.0], [0.05050506591796888, 4.2530519545351444e-16, -0.8080808639526369, 1.0], [0.16498317718505873, 2.9820896050919074e-16, -0.693602752685547, 1.0], [0.23569021224975595, 3.7670943296187753e-16, -0.7643096923828123, 1.0], [0.0, 6.38378239159465e-16, -1.0, 1.0], [-0.2350168228149414, 3.7670943296187753e-16, -0.7643096923828123, 1.0], [-0.16363639831542964, 2.9895646708514266e-16, -0.6942760467529299, 1.0], [-0.0491582870483398, 4.2605270202946636e-16, -0.8087541580200197, 1.0], [-0.0491582870483398, 8.139764276965172e-17, -0.4983164787292482, 1.0], [-0.12599153518676753, 6.609546318191075e-17, -0.4845335006713869, 1.0], [-0.19828004837036128, 3.8338934654216176e-17, -0.4595326423645023, 1.0], [-0.26507043838500977, -8.133633876009419e-19, -0.4242673873901368, 1.0], [-0.3254095554351806, -5.030327503418317e-17, -0.3796908378601076, 1.0], [-0.37834401130676265, -1.0907232673881785e-16, -0.32675638198852575, 1.0], [-0.42292056083679197, -1.7606225671302914e-16, -0.26641721725463885, 1.0], [-0.458185863494873, -2.50214485530986e-16, -0.1996268272399906, 1.0], [-0.48318667411804195, -3.3047085728333094e-16, -0.12733831405639684, 1.0], [-0.49696969985961914, -4.1577289842335136e-16, -0.050505065917969105, 1.0], [-0.8080808043479919, -4.1577289842335136e-16, -0.050505065917969105, 1.0], [-0.693602705001831, -2.8867666347902766e-16, -0.16498317718505895, 1.0], [-0.7643097639083862, -2.1017608514722246e-16, -0.23569021224975595, 1.0], [-1.0, -4.718447854656915e-16, 0.0, 1.0], [-0.7643097639083862, -7.327658733290903e-16, 0.2350168228149414, 1.0], [-0.6942760944366455, -6.535176825422147e-16, 0.16363639831542987, 1.0], [-0.8087542057037354, -5.2642144759789105e-16, 0.04915828704834002, 1.0], [-0.498316478729248, -5.2642144759789105e-16, 0.04915828704834002, 1.0], [-0.4845335006713867, -6.117234887379115e-16, 0.12599153518676776, 1.0], [-0.45953269004821773, -6.919798604902564e-16, 0.1982800483703615, 1.0], [-0.4242673873901367, -7.661320893082133e-16, 0.26507043838500977, 1.0], [-0.3796908378601074, -8.331219663428654e-16, 0.3254095554351806, 1.0], [-0.3267563819885253, -8.918910180475e-16, 0.37834401130676265, 1.0], [-0.2664172649383545, -9.413809296940823e-16, 0.4229205608367921, 1.0], [-0.19962682723999015, -9.805332806754586e-16, 0.458185863494873, 1.0], [-0.1273383140563964, -1.008289756263594e-15, 0.48318667411804195, 1.0], [-0.05050506591796866, -1.0235919887908941e-15, 0.49696969985961914, 1.0], [-0.05050506591796866, -1.3689947002104485e-15, 0.8080808043479919, 1.0], [-0.1649831771850585, -1.2418984785010146e-15, 0.693602705001831, 1.0], [-0.23569021224975584, -1.3203990833025994e-15, 0.7643097639083862, 1.0], [0.0, -1.582067810090848e-15, 1.0, 1.0], [0.2350168228149414, -1.3218943346825197e-15, 0.7656565666198731, 1.0], [0.16430978775024419, -1.2433937034111552e-15, 0.69494948387146, 1.0], [0.04983167648315434, -1.3704899515903687e-15, 0.8094276070594788, 1.0], [0.04983167648315434, -1.0250872137010348e-15, 0.498316478729248, 1.0], [0.12666492462158208, -1.0097850341132938e-15, 0.4845335006713867, 1.0], [0.19895343780517583, -9.820285585251584e-16, 0.45953269004821773, 1.0], [0.2657438278198243, -9.428762075437821e-16, 0.4242673873901368, 1.0], [0.326082992553711, -8.933862958971999e-16, 0.3796908378601074, 1.0], [0.37901744842529306, -8.346172441925652e-16, 0.3267563819885253, 1.0], [0.42359399795532227, -7.676273671579131e-16, 0.2664172649383545, 1.0], [0.45885925292968754, -6.934750854003971e-16, 0.19962682723999015, 1.0], [0.48386011123657235, -6.132187136480521e-16, 0.1273383140563964, 1.0], [0.4976430892944337, -5.279166725080317e-16, 0.05050506591796866, 1.0], [0.8087541580200197, -5.279166725080317e-16, 0.05050506591796866, 1.0], [0.6942760467529299, -6.550129074523554e-16, 0.1649831771850585, 1.0], [0.7643096923828125, -7.335134857841606e-16, 0.23569021224975595, 1.0], [1.0, -4.718447854656915e-16, 0.0, 1.0], [0.7656564712524414, -2.116713100573631e-16, -0.2343434333801273, 1.0]], "overrideEnabled": false, "useOutlinerColor": false, "outlinerColor": [0.0, 0.0, 0.0]}}