{"leg_poleSelectionTrigger_L_newControl1Shape4": {"overrideRGBColors": true, "knots": [-2.0, -1.0, 0.0, 1.0, 2.0, 3.0, 4.0, 5.0, 6.0, 7.0, 8.0, 9.0, 10.0], "degree": 3, "form": 3, "overrideColorRGB": [1.0, 0.0, 0.0], "cvs": [[0.6208187748316705, 2.1757891289684602e-16, -0.6208187748317404, 1.0], [5.551115123125783e-16, 2.33324904413455e-16, -0.8779703311428662, 1.0], [-0.6208187748316695, 2.1757891289684602e-16, -0.6208187748317402, 1.0], [-0.8779703311427958, 1.79564726624437e-16, -7.016609515630989e-14, 1.0], [-0.6208187748316695, 1.415505403520272e-16, 0.6208187748315999, 1.0], [4.440892098500626e-16, 1.258045488354186e-16, 0.8779703311427263, 1.0], [0.6208187748316705, 1.415505403520272e-16, 0.6208187748315999, 1.0], [0.8779703311427969, 1.79564726624437e-16, -7.005507285384738e-14, 1.0], [0.6208187748316705, 2.1757891289684602e-16, -0.6208187748317404, 1.0], [5.551115123125783e-16, 2.33324904413455e-16, -0.8779703311428662, 1.0], [-0.6208187748316695, 2.1757891289684602e-16, -0.6208187748317402, 1.0]], "overrideEnabled": true, "useOutlinerColor": false, "outlinerColor": [0.0, 0.0, 0.0]}, "leg_poleSelectionTrigger_L_newControl1Shape5": {"overrideRGBColors": true, "knots": [0.0, 1.0, 2.0, 5.0, 22.0, 23.0, 24.0, 25.0, 26.0, 27.0, 28.0, 29.0, 31.0, 32.0, 33.0, 34.0, 35.0, 36.0, 37.0, 38.0, 39.0, 40.0, 41.0, 42.0, 43.0, 44.0, 45.0, 46.0, 47.0, 48.0, 49.0, 50.0, 51.0, 53.0, 54.0, 55.0, 56.0, 57.0, 58.0, 59.0, 60.0], "degree": 1, "form": 3, "overrideColorRGB": [1.0, 0.0, 0.0], "cvs": [[-0.8719949839638068, 3.1530846579708635e-15, 0.07222639171546508, 1.0], [-0.8710522236156666, 3.1530846579708635e-15, 0.07005193364772722, 1.0], [-0.8696833123010879, 3.1530846579708635e-15, 0.06607153874299532, 1.0], [-0.8692927997709559, 3.1530846579708635e-15, 0.061072688691019894, 1.0], [-0.869015991455423, 3.1530846579708635e-15, -0.0776779163507254, 1.0], [-0.8699156843477256, 3.1530846579708635e-15, -0.08544730957973745, 1.0], [-0.8742118767080351, 3.1530846579708635e-15, -0.09120771249214832, 1.0], [-0.8796755724200112, 3.132226226891328e-15, -0.09549610873000958, 1.0], [-0.8859617812774041, 3.1113677958117922e-15, -0.09821016766252688, 1.0], [-0.8927255130739622, 3.1113677958117922e-15, -0.0992437848369796, 1.0], [-0.8996217776034356, 3.1113677958117922e-15, -0.09848978727218483, 1.0], [-0.9063055846595733, 3.1113677958117922e-15, -0.09584021864317138, 1.0], [-0.9121592044310283, 3.1113677958117922e-15, -0.09234380678533138, 1.0], [-0.9182378919666008, 3.1113677958117922e-15, -0.08855220274513653, 1.0], [-0.9257752985780854, 3.069650933652721e-15, -0.08359245440937535, 1.0], [-0.9342895395929758, 3.069650933652721e-15, -0.07761875181840916, 1.0], [-0.9432987013447511, 3.0487925025731853e-15, -0.07079731262572464, 1.0], [-0.957384750280001, 3.0070756404141137e-15, -0.05914440326148984, 1.0], [-0.9694145810166097, 3.0070756404141137e-15, -0.0478933937411431, 1.0], [-0.9791801780560114, 2.986217209334578e-15, -0.03698625114331444, 1.0], [-0.9864735060358925, 2.9653587782550424e-15, -0.026335179671636233, 1.0], [-0.9910865293151576, 2.9653587782550424e-15, -0.01583784102892183, 1.0], [-0.9928112119739347, 2.9653587782550424e-15, -0.005391246962910157, 1.0], [-0.9915076507034737, 2.9653587782550424e-15, 0.005008546519143842, 1.0], [-0.9873174872889783, 2.9653587782550424e-15, 0.015443936854791174, 1.0], [-0.9804521243454627, 2.986217209334578e-15, 0.02597824728548892, 1.0], [-0.971122965463675, 3.0070756404141137e-15, 0.03667554677566376, 1.0], [-0.9595414136768026, 3.0070756404141137e-15, 0.04761456278609044, 1.0], [-0.9459188518755044, 3.0487925025731853e-15, 0.05890401925627875, 1.0], [-0.9371877496812089, 3.069650933652721e-15, 0.06551423017982794, 1.0], [-0.9289269440448014, 3.069650933652721e-15, 0.071353549519795, 1.0], [-0.9216036346241687, 3.1113677958117922e-15, 0.07626014686856064, 1.0], [-0.9156850348772592, 3.1113677958117922e-15, 0.08006030655999807, 1.0], [-0.9099307776725654, 3.1113677958117922e-15, 0.0836122054846733, 1.0], [-0.903316290461426, 3.1113677958117922e-15, 0.0863907823095913, 1.0], [-0.8964300890519707, 3.1113677958117922e-15, 0.08733297333240198, 1.0], [-0.8896209518615994, 3.1113677958117922e-15, 0.08651884092194084, 1.0], [-0.8832376849078267, 3.132226226891328e-15, 0.08402932255266693, 1.0], [-0.8776290942081673, 3.1530846579708635e-15, 0.0799465165468971, 1.0], [-0.8731439442405722, 3.1530846579708635e-15, 0.07435633712533707, 1.0], [-0.8719949839638068, 3.1530846579708635e-15, 0.07222639171546508, 1.0]], "overrideEnabled": true, "useOutlinerColor": false, "outlinerColor": [0.0, 0.0, 0.0]}, "leg_poleSelectionTrigger_L_newControl1Shape6": {"overrideRGBColors": true, "knots": [0.0, 1.0, 2.0, 5.0, 22.0, 23.0, 24.0, 25.0, 26.0, 27.0, 28.0, 29.0, 31.0, 32.0, 33.0, 34.0, 35.0, 36.0, 37.0, 38.0, 39.0, 40.0, 41.0, 42.0, 43.0, 44.0, 45.0, 46.0, 47.0, 48.0, 49.0, 50.0, 51.0, 53.0, 54.0, 55.0, 56.0, 57.0, 58.0, 59.0, 60.0], "degree": 1, "form": 3, "overrideColorRGB": [1.0, 0.0, 0.0], "cvs": [[0.8719949839638068, 3.1530846579708635e-15, 0.07222639171546441, 1.0], [0.8710522236156664, 3.1530846579708635e-15, 0.07005193364772633, 1.0], [0.869683312301088, 3.1530846579708635e-15, 0.06607153874299465, 1.0], [0.8692927997709557, 3.1530846579708635e-15, 0.06107268869101912, 1.0], [0.8690159914554226, 3.1530846579708635e-15, -0.07767791635072607, 1.0], [0.8699156843477254, 3.1530846579708635e-15, -0.08544730957973834, 1.0], [0.8742118767080349, 3.1530846579708635e-15, -0.0912077124921492, 1.0], [0.8796755724200109, 3.132226226891328e-15, -0.09549610873001024, 1.0], [0.885961781277404, 3.1113677958117922e-15, -0.09821016766252755, 1.0], [0.8927255130739619, 3.1113677958117922e-15, -0.09924378483698026, 1.0], [0.8996217776034354, 3.1113677958117922e-15, -0.0984897872721856, 1.0], [0.9063055846595729, 3.1113677958117922e-15, -0.09584021864317227, 1.0], [0.9121592044310279, 3.1113677958117922e-15, -0.09234380678533238, 1.0], [0.9182378919666006, 3.1113677958117922e-15, -0.0885522027451372, 1.0], [0.925775298578085, 3.069650933652721e-15, -0.08359245440937624, 1.0], [0.9342895395929756, 3.069650933652721e-15, -0.07761875181841005, 1.0], [0.9432987013447508, 3.0487925025731853e-15, -0.07079731262572553, 1.0], [0.9573847502800006, 3.0070756404141137e-15, -0.05914440326149062, 1.0], [0.9694145810166096, 3.0070756404141137e-15, -0.047893393741143986, 1.0], [0.9791801780560113, 2.986217209334578e-15, -0.03698625114331544, 1.0], [0.9864735060358923, 2.9653587782550424e-15, -0.02633517967163712, 1.0], [0.9910865293151575, 2.9653587782550424e-15, -0.015837841028922828, 1.0], [0.9928112119739346, 2.9653587782550424e-15, -0.005391246962911045, 1.0], [0.9915076507034735, 2.9653587782550424e-15, 0.0050085465191430645, 1.0], [0.9873174872889783, 2.9653587782550424e-15, 0.015443936854790175, 1.0], [0.9804521243454626, 2.986217209334578e-15, 0.025978247285488143, 1.0], [0.971122965463675, 3.0070756404141137e-15, 0.03667554677566309, 1.0], [0.9595414136768025, 3.0070756404141137e-15, 0.047614562786089554, 1.0], [0.9459188518755042, 3.0487925025731853e-15, 0.058904019256278084, 1.0], [0.9371877496812089, 3.069650933652721e-15, 0.06551423017982705, 1.0], [0.928926944044801, 3.069650933652721e-15, 0.07135354951979411, 1.0], [0.9216036346241685, 3.1113677958117922e-15, 0.07626014686855997, 1.0], [0.9156850348772589, 3.1113677958117922e-15, 0.08006030655999741, 1.0], [0.9099307776725654, 3.1113677958117922e-15, 0.08361220548467241, 1.0], [0.9033162904614258, 3.1113677958117922e-15, 0.08639078230959041, 1.0], [0.8964300890519705, 3.1113677958117922e-15, 0.08733297333240131, 1.0], [0.8896209518615994, 3.1113677958117922e-15, 0.08651884092193995, 1.0], [0.8832376849078266, 3.132226226891328e-15, 0.08402932255266604, 1.0], [0.8776290942081673, 3.1530846579708635e-15, 0.07994651654689644, 1.0], [0.8731439442405721, 3.1530846579708635e-15, 0.07435633712533618, 1.0], [0.8719949839638068, 3.1530846579708635e-15, 0.07222639171546441, 1.0]], "overrideEnabled": true,