{"arrow_tri_road_circleShape": {"overrideRGBColors": false, "knots": [-2.0, -1.0, 0.0, 1.0, 2.0, 3.0, 4.0, 5.0, 6.0, 7.0, 8.0, 9.0, 10.0], "degree": 3, "form": 3, "overrideColorRGB": [0.0, 0.0, 0.0], "cvs": [[0.7836116248912245, 4.798237340988473e-17, -0.7836116248912246, 1.0], [6.785732323110912e-17, 6.785732323110912e-17, -1.1081941875543877, 1.0], [-0.7836116248912245, 4.798237340988472e-17, -0.7836116248912244, 1.0], [-1.1081941875543881, 3.517735619006027e-33, -5.74489823752483e-17, 1.0], [-0.7836116248912245, -4.7982373409884725e-17, 0.7836116248912245, 1.0], [-1.1100856969603225e-16, -6.785732323110917e-17, 1.1081941875543884, 1.0], [0.7836116248912245, -4.798237340988472e-17, 0.7836116248912244, 1.0], [1.1081941875543881, -9.253679210110099e-33, 1.511240500779959e-16, 1.0], [0.7836116248912245, 4.798237340988473e-17, -0.7836116248912246, 1.0], [6.785732323110912e-17, 6.785732323110912e-17, -1.1081941875543877, 1.0], [-0.7836116248912245, 4.798237340988472e-17, -0.7836116248912244, 1.0]], "overrideEnabled": false, "useOutlinerColor": false, "outlinerColor": [0.0, 0.0, 0.0]}, "arrow_tri_road_circleShape1": {"overrideRGBColors": false, "knots": [0.0, 1.0, 2.0, 3.0, 4.0, 5.0, 6.0], "degree": 1, "form": 3, "overrideColorRGB": [0.0, 0.0, 0.0], "cvs": [[0.0006644219750076672, -4.094218672060643e-17, -0.006814756659718084, 1.0], [0.6418664175175803, -6.156077713344071e-16, 0.5107979858861541, 1.0], [0.6418664175175803, 4.094213400920175e-17, -0.08056959592496839, 1.0], [1.1869553186539129e-08, 6.156077713344071e-16, -0.5981823859490526, 1.0], [-0.6418664175175803, 4.094213400920175e-17, -0.08056959592496839, 1.0], [-0.6418664175175803, -6.156077713344071e-16, 0.5107979858861541, 1.0], [0.0006644219750076672, -4.094218672060643e-17, -0.006814756659718084, 1.0]], "overrideEnabled": false, "useOutlinerColor": false, "outlinerColor": [0.0, 0.0, 0.0]}}