{"axisShape1": {"overrideRGBColors": true, "knots": [236.786735, 275.825888, 281.188457, 282.599522, 287.962091, 293.32466, 294.735726, 300.098295, 305.460864, 306.871929, 308.282994, 309.69406, 315.056629, 320.419198, 321.830263, 323.241328, 328.603897, 333.966466], "degree": 1, "form": 1, "overrideColorRGB": [0.0, 1.0, 0.0], "cvs": [[0.0041442242484827745, 0.004114692240993987, 0.004114692240993987, 1.0], [0.004144224248482837, 0.15896936589793817, 0.004114692240993987, 1.0], [0.004144224248482821, 0.13009958210564426, -0.0037593630267827977, 1.0], [0.010963355380087738, 0.13009958210564426, 0.00017766739721634218, 1.0], [0.004144224248482837, 0.15896936589793817, 0.004114692240993987, 1.0], [0.010963355380087738, 0.13009958210564426, 0.00017766739721634218, 1.0], [0.010963355380087742, 0.13009958210564426, 0.008051722664993148, 1.0], [0.004144224248482837, 0.15896936589793817, 0.004114692240993987, 1.0], [0.004144222997687338, 0.13009958210564426, 0.011988747508770735, 1.0], [0.010963355380087742, 0.13009958210564426, 0.008051722664993148, 1.0], [0.004144222997687338, 0.13009958210564426, 0.011988747508770735, 1.0], [-0.0026749124633435716, 0.13009958210564426, 0.008051717084771632, 1.0], [0.004144224248482837, 0.15896936589793817, 0.004114692240993987, 1.0], [-0.0026749124633435716, 0.13009958210564426, 0.008051717084771632, 1.0], [-0.0026749068831220637, 0.13009958210564426, 0.00017766181699483037, 1.0], [0.004144224248482821, 0.13009958210564426, -0.0037593630267827977, 1.0], [0.004144224248482837, 0.15896936589793817, 0.004114692240993987, 1.0], [-0.0026749068831220637, 0.13009958210564426, 0.00017766181699483037, 1.0]], "overrideEnabled": true, "useOutlinerColor": false, "outlinerColor": [0.0, 0.0, 0.0], "matrix": [6.26237434511154, 0.0, 0.0, 0.0, 0.0, 6.26237434511154, 0.0, 0.0, 0.0, 0.0, 6.26237434511154, 0.0, 0.0, 0.0, 0.0, 1.0]}, "axisShape2": {"overrideRGBColors": true, "knots": [95.205283, 219.853955, 225.498215, 231.142475, 236.786735, 253.719516, 275.825888, 281.188457, 282.599522, 287.962091, 293.32466, 294.735726, 300.098295, 305.460864, 306.871929, 308.282994, 309.69406, 315.056629, 320.419198, 321.830263, 323.241328, 328.603897, 333.966466], "degree": 1, "form": 1, "overrideColorRGB": [0.0, 0.0, 1.0], "cvs": [[0.004345784436698059, 0.004314816087726157, 0.004314816087726157, 1.0], [0.004345784436698059, 0.03581103715883331, 0.004314816087726157, 1.0], [0.004345784436698073, 0.03581103715883331, 0.03581103715883331, 1.0], [0.004345784436698073, 0.004314816087726157, 0.03581103715883331, 1.0], [0.004345784436698059, 0.004314816087726157, 0.004314816087726157, 1.0], [0.004345784436698073, 0.004314816087726157, 0.03581103715883331, 1.0], [0.00434578443669813, 0.004314816087726157, 0.15916948974467013, 1.0], [0.004345784436698118, 0.012188871355502987, 0.130299705952376, 1.0], [0.011164915568303017, 0.008251840931503796, 0.130299705952376, 1.0], [0.00434578443669813, 0.004314816087726157, 0.15916948974467013, 1.0], [0.011164915568303017, 0.008251840931503796, 0.130299705952376, 1.0], [0.011164915568303017, 0.0003777856637269995, 0.130299705952376, 1.0], [0.00434578443669813, 0.004314816087726157, 0.15916948974467013, 1.0], [0.0043457831859026255, -0.003559239180050637, 0.130299705952376, 1.0], [0.011164915568303017, 0.0003777856637269995, 0.130299705952376, 1.0], [0.0043457831859026255, -0.003559239180050637, 0.130299705952376, 1.0], [-0.0024733522751282902, 0.0003777912439485127, 0.130299705952376, 1.0], [0.00434578443669813, 0.004314816087726157, 0.15916948974467013, 1.0], [-0.0024733522751282902, 0.0003777912439485127, 0.130299705952376, 1.0], [-0.00247334669490676, 0.00825184651172531, 0.130299705952376, 1.0], [0.004345784436698118, 0.012188871355502987, 0.130299705952376, 1.0], [0.00434578443669813, 0.004314816087726157, 0.15916948974467013, 1.0], [-0.00247334669490676, 0.00825184651172531, 0.130299705952376, 1.0]], "overrideEnabled": true, "useOutlinerColor": false, "outlinerColor": [0.0, 0.0, 0.0], "matrix": [6.26237434511154, 0.0, 0.0, 0.0, 0.0, 6.26237434511154, 0.0, 0.0, 0.0, 0.0, 6.26237434511154, 0.0, 0.0, 0.0, 0.0, 1.0]}, "axisShape": {"overrideRGBColors": true, "knots": [95.205283, 219.853955, 225.498215, 231.142475, 236.786735, 253.719516, 275.825888, 281.188457, 282.599522, 287.962091, 293.32466, 294.735726, 300.098295, 305.460864, 306.871929, 308.282994, 309.69406, 315.056629, 320.419198, 321.830263, 323.241328, 328.603897, 333.966466], "degree": 1, "form": 1, "overrideColorRGB": [1.0, 0.0, 0.0], "cvs": [[0.004144224248483072, 0.0041146922409942875, 0.0041146922409942875, 1.0], [0.004144224248483072, 0.03561091331210134, 0.0041146922409942875, 1.0], [0.035640445319590174, 0.03561091331210134, 0.0041146922409942875, 1.0], [0.035640445319590174, 0.0041146922409942875, 0.0041146922409942875, 1.0], [0.004144224248483072, 0.0041146922409942875, 0.0041146922409942875, 1.0], [0.035640445319590174, 0.0041146922409942875, 0.0041146922409942875, 1.0], [0.15899889790542668, 0.0041146922409942875, 0.0041146922409942875, 1.0], [0.1301291141131337, 0.011988747508771064, 0.0041146922409942875, 1.0], [0.1301291141131337, 0.008051717084771952, -0.002704438890610608, 1.0], [0.15899889790542668, 0.0041146922409942875, 0.0041146922409942875, 1.0], [0.1301291141131337, 0.008051717084771952, -0.002704438890610608, 1.0], [0.1301291141131337, 0.00017766181699513083, -0.002704438890610608, 1.0], [0.15899889790542668, 0.0041146922409942875, 0.0041146922409942875, 1.0], [0.1301291141131337, -0.003759363026782497, 0.004114693491789778, 1.0], [0.1301291141131337, 0.00017766181699513083, -0.002704438890610608, 1.0], [0.1301291141131337, -0.003759363026782497, 0.004114693491789778, 1.0], [0.1301291141131337, 0.0001776673972166401, 0.010933828952820671, 1.0], [0.15899889790542668, 0.0041146922409942875, 0.0041146922409942875, 1.0], [0.1301291141131337, 0.0001776673972166401, 0.010933828952820671, 1.0], [0.1301291141131337, 0.008051722664993452, 0.010933823372599186, 1.0], [0.1301291141131337, 0.011988747508771064, 0.0041146922409942875, 1.0], [0.15899889790542668, 0.0041146922409942875, 0.0041146922409942875, 1.0], [0.1301291141131337, 0.008051722664993452, 0.010933823372599186, 1.0]], "overrideEnabled": true, "useOutlinerColor": false, "outlinerColor": [0.0, 0.0, 0.0], "matrix": [6.26237434511154, 0.0, 0.0, 0.0, 0.0, 6.26237434511154, 0.0, 0.0, 0.0, 0.0, 6.26237434511154, 0.0, 0.0, 0.0, 0.0, 1.0]}}