{"nurbsCircleShape2": {"overrideRGBColors": true, "knots": [-2.0, -1.0, 0.0, 1.0, 2.0, 3.0, 4.0, 5.0, 6.0, 7.0, 8.0], "degree": 3, "form": 3, "overrideColorRGB": [0.0, 0.0, 1.0], "cvs": [[1.0392304845413272, -0.25999999999999995, -0.5999999999999991, 1.0], [-1.485657969761901e-16, -0.25999999999999995, -1.2000000000000002, 1.0], [-1.0392304845413263, -0.25999999999999995, -0.6000000000000001, 1.0], [-1.0392304845413267, -0.26000000000000006, 0.5999999999999995, 1.0], [-4.880777187072981e-16, -0.26000000000000006, 1.2, 1.0], [1.039230484541326, -0.26000000000000006, 0.6000000000000006, 1.0], [1.0392304845413272, -0.25999999999999995, -0.5999999999999991, 1.0], [-1.485657969761901e-16, -0.25999999999999995, -1.2000000000000002, 1.0], [-1.0392304845413263, -0.25999999999999995, -0.6000000000000001, 1.0]], "overrideEnabled": true, "useOutlinerColor": false, "outlinerColor": [0.0, 0.0, 0.0], "matrix": [1.0, 0.0, 0.0, 0.0, 0.0, 1.0, 0.0, 0.0, 0.0, 0.0, 1.0, 0.0, 0.0, 0.0, 0.0, 1.0]}, "nurbsCircleShape1": {"overrideRGBColors": true, "knots": [-2.0, -1.0, 0.0, 1.0, 2.0, 3.0, 4.0, 5.0, 6.0, 7.0, 8.0], "degree": 3, "form": 3, "overrideColorRGB": [0.0, 0.0, 1.0], "cvs": [[1.0392304845413272, 0.26000000000000006, -0.5999999999999991, 1.0], [-1.4856579697619013e-16, 0.26000000000000006, -1.2000000000000002, 1.0], [-1.0392304845413263, 0.26000000000000006, -0.6000000000000001, 1.0], [-1.0392304845413267, 0.25999999999999995, 0.5999999999999995, 1.0], [-4.880777187072981e-16, 0.25999999999999995, 1.2, 1.0], [1.039230484541326, 0.25999999999999995, 0.6000000000000006, 1.0], [1.0392304845413272, 0.26000000000000006, -0.5999999999999991, 1.0], [-1.4856579697619013e-16, 0.26000000000000006, -1.2000000000000002, 1.0], [-1.0392304845413263, 0.26000000000000006, -0.6000000000000001, 1.0]], "overrideEnabled": true, "useOutlinerColor": false, "outlinerColor": [0.0, 0.0, 0.0]}}