{"barbellShape": {"overrideRGBColors": true, "knots": [0.0, 10.0, 11.0, 12.0, 22.0], "degree": 1, "form": 1, "overrideColorRGB": [0.26800012588500977, 0.18285703659057617, 1.0], "cvs": [[-8.237492480009303e-18, 2.6661935463674765e-16, -0.6009949550085721, 1.0], [-8.237492480009303e-18, 2.6661935463674765e-16, -0.6009949550085721, 1.0], [6.528704538409849e-17, -9.861186535490508e-32, -0.0006215419126625044, 1.0], [6.528704538409849e-17, -2.6661935463674784e-16, 0.5997518711832472, 1.0], [6.528704538409849e-17, -2.6661935463674784e-16, 0.5997518711832472, 1.0]], "overrideEnabled": true, "useOutlinerColor": false, "outlinerColor": [0.0, 0.0, 0.0]}, "barbellShape4": {"overrideRGBColors": true, "knots": [-2.0, -1.0, 0.0, 1.0, 2.0, 3.0, 4.0, 5.0, 6.0, 7.0, 8.0, 9.0, 10.0], "degree": 3, "form": 3, "overrideColorRGB": [0.26800012588500977, 0.18285703659057617, 1.0], "cvs": [[0.15654362770186192, 9.585532629600008e-18, 0.6444835756705801, 1.0], [1.3555990247350162e-17, 1.3555990247350162e-17, 0.5796410819733844, 1.0], [-0.15654362770186192, 9.585532629600005e-18, 0.6444835756705801, 1.0], [-0.2213861213990577, 7.027449282311244e-34, 0.801027203372442, 1.0], [-0.15654362770186192, -9.585532629600007e-18, 0.957570831074304, 1.0], [-2.2176399193444983e-17, -1.3555990247350171e-17, 1.0224133247714997, 1.0], [0.15654362770186192, -9.585532629600005e-18, 0.957570831074304, 1.0], [0.2213861213990577, -1.8486256037115584e-33, 0.801027203372442, 1.0], [0.15654362770186192, 9.585532629600008e-18, 0.6444835756705801, 1.0], [1.3555990247350162e-17, 1.3555990247350162e-17, 0.5796410819733844, 1.0], [-0.15654362770186192, 9.585532629600005e-18, 0.6444835756705801, 1.0]], "overrideEnabled": true, "useOutlinerColor": false, "outlinerColor": [0.0, 0.0, 0.0]}, "barbellShape3": {"overrideRGBColors": true, "knots": [-2.0, -1.0, 0.0, 1.0, 2.0, 3.0, 4.0, 5.0, 6.0, 7.0, 8.0, 9.0, 10.0], "degree": 3, "form": 3, "overrideColorRGB": [0.26800012588500977, 0.18285703659057617, 1.0], "cvs": [[0.15654362770186192, 9.585532629600008e-18, -0.9569623904893384, 1.0], [1.3555990247350162e-17, 1.3555990247350162e-17, -1.0218048841865337, 1.0], [-0.15654362770186192, 9.585532629600005e-18, -0.9569623904893382, 1.0], [-0.2213861213990577, 7.027449282311244e-34, -0.8004187627874765, 1.0], [-0.15654362770186192, -9.585532629600007e-18, -0.6438751350856143, 1.0], [-2.2176399193444983e-17, -1.3555990247350171e-17, -0.5790326413884187, 1.0], [0.15654362770186192, -9.585532629600005e-18, -0.6438751350856143, 1.0], [0.2213861213990577, -1.8486256037115584e-33, -0.8004187627874765, 1.0], [0.15654362770186192, 9.585532629600008e-18, -0.9569623904893384, 1.0], [1.3555990247350162e-17, 1.3555990247350162e-17, -1.0218048841865337, 1.0], [-0.15654362770186192, 9.585532629600005e-18, -0.9569623904893382, 1.0]], "overrideEnabled": true, "useOutlinerColor": false, "outlinerColor": [0.0, 0.0, 0.0]}}