{"basket_simpleShape": {"overrideRGBColors": true, "knots": [0.0, 1.0, 2.0, 3.0, 4.0, 5.0, 6.0, 7.0, 8.0, 9.0, 10.0, 11.0, 12.0, 13.0, 14.0, 15.0, 16.0, 17.0, 18.0, 19.0, 20.0, 21.0, 22.0, 23.0, 24.0, 25.0, 26.0, 27.0, 28.0, 29.0, 30.0, 31.0, 32.0, 33.0, 34.0, 35.0, 36.0, 37.0, 38.0, 39.0, 40.0, 41.0, 42.0, 43.0, 44.0, 45.0, 46.0, 47.0, 48.0, 49.0, 50.0, 51.0, 52.0, 53.0, 54.0, 55.0], "degree": 1, "form": 1, "overrideColorRGB": [0.15999996662139893, 0.2999999225139618, 0.875], "cvs": [[0.9967861291403817, 0.023940233342700568, 1.0082900172940174e-08, 1.0], [0.99487679581508, -0.005994588891234498, -0.17843000306041581, 1.0], [0.9821354625353427, -0.0836396333660594, -0.34300150588313183, 1.0], [0.950907729333368, -0.19226812229745205, -0.4892175083910159, 1.0], [0.896081062897328, -0.3198480556807043, -0.6159645105649694, 1.0], [0.8144970632405087, -0.4573878112900758, -0.7228830123988262, 1.0], [0.7058293303642831, -0.5972180335670102, -0.8107120139052615, 1.0], [0.5729653309231716, -0.732665766953341, -0.8828355151423175, 1.0], [0.41345813159413386, -0.8562172781127948, -0.9401610161255595, 1.0], [0.22355839905960817, -0.9547637448180202, -0.98077051682209, 1.0], [0.0, -0.9980215003905015, -0.9968735170982873, 1.0], [-0.22355839905960817, -0.9547637448180202, -0.98077051682209, 1.0], [-0.41345813159413386, -0.8562172781127948, -0.9401610161255595, 1.0], [-0.5729653309231716, -0.732665766953341, -0.8828355151423175, 1.0], [-0.7058293303642831, -0.5972180335670102, -0.8107120139052615, 1.0], [-0.8144970632405087, -0.4573878112900758, -0.7228830123988262, 1.0], [-0.896081062897328, -0.3198480556807043, -0.6159645105649694, 1.0], [-0.950907729333368, -0.19226812229745205, -0.4892175083910159, 1.0], [-0.9821354625353427, -0.0836396333660594, -0.34300150588313183, 1.0], [-0.99487679581508, -0.005994588891234498, -0.17843000306041581, 1.0], [-0.9967861291403817, 0.023940233342700568, 1.0082900172940174e-08, 1.0], [-0.9787434625496111, 0.22737712231118934, -8.470329472543003e-22, 1.0], [-0.9141023961548551, 0.42217854460963267, -8.470329472543003e-22, 1.0], [-0.8095103965948184, 0.5995628113457052, -8.470329472543003e-22, 1.0], [-0.6695381305169409, 0.751779100294153, -8.470329472543003e-22, 1.0], [-0.5003050645621481, 0.8721722114523707, -8.470329472543003e-22, 1.0], [-0.3092053320326702, 0.9554823225960791, -8.470329472543003e-22, 1.0], [-0.10459210622670305, 0.9980685003905196, -8.470329472543003e-22, 1.0], [0.10459210622670305, 0.9980685003905196, -8.470329472543003e-22, 1.0], [0.3092053320326702, 0.9554823225960791, -8.470329472543003e-22, 1.0], [0.5003050645621481, 0.8721722114523707, -8.470329472543003e-22, 1.0], [0.6695381305169409, 0.751779100294153, -8.470329472543003e-22, 1.0], [0.8095103965948184, 0.5995628113457052, -8.470329472543003e-22, 1.0], [0.9141023961548551, 0.42217854460963267, -8.470329472543003e-22, 1.0], [0.9787434625496111, 0.22737712231118934, -8.470329472543003e-22, 1.0], [0.9967861291403817, 0.023940233342700568, 1.0082900172940174e-08, 1.0], [0.99487679581508, -0.005994588891234498, 0.17843000306041581, 1.0], [0.9821354625353427, -0.08364067781050455, 0.34300150588313183, 1.0], [0.950907729333368, -0.19226707785300734, 0.4892175083910159, 1.0], [0.896081062897328, -0.3198480556807043, 0.615965010564978, 1.0], [0.8144970632405087, -0.45738676684563095, 0.7228825123988176, 1.0], [0.7058293303642831, -0.597219078011455, 0.8107130139052787, 1.0], [0.5729653309231716, -0.7326626336200064, 0.8828345151423003, 1.0], [0.41345813159413386, -0.8562235447794639, 0.9401630161255937, 1.0], [0.22355839905960817, -0.9547553892624614, 0.9807680168220472, 1.0], [0.0, -0.9980685003905199, 0.9968875170985275, 1.0], [-0.22355839905960817, -0.9547553892624614, 0.9807680168220472, 1.0], [-0.41345813159413386, -0.8562235447794639, 0.9401630161255937, 1.0], [-0.5729653309231716, -0.7326626336200064, 0.8828345151423003, 1.0], [-0.7058293303642831, -0.597219078011455, 0.8107130139052787, 1.0], [-0.8144970632405087, -0.45738676684563095, 0.7228825123988176, 1.0], [-0.896081062897328, -0.3198480556807043, 0.615965010564978, 1.0], [-0.950907729333368, -0.19226707785300734, 0.4892175083910159, 1.0], [-0.9821354625353427, -0.08364067781050455, 0.34300150588313183, 1.0], [-0.99487679581508, -0.005994588891234498, 0.17843000306041581, 1.0], [-0.9967861291403817, 0.023940233342700568, 1.0082900172940174e-08, 1.0]], "overrideEnabled": true, "useOutlinerColor": false, "outlinerColor": [0.0, 0.0, 0.0]}}