{"newControl_ctrl1Shape1": {"overrideRGBColors": true, "knots": [-2.0, -1.0, 0.0, 1.0, 2.0, 3.0, 4.0, 5.0, 6.0, 7.0, 8.0, 9.0, 10.0], "degree": 3, "form": 3, "overrideColorRGB": [0.8275706768035889, 0.31854677200317383, 1.0], "cvs": [[-0.32188542798248215, 0.1299928417648002, 0.956145119062028, 1.0], [-8.040262202445635e-05, 0.1331399136346508, 1.017066500178149, 1.0], [0.3234991191135339, 0.13001662804745018, 0.9595020380135361, 1.0], [0.43817599182777905, -0.0005370857291181172, 0.8919054372248966, 1.0], [0.32632759200083206, -0.12420015186552263, 0.9593564947963134, 1.0], [-7.995977307394547e-05, -0.12222844627227981, 1.0151596909992793, 1.0], [-0.3205720266800952, -0.1241117728213824, 0.9548789714765152, 1.0], [-0.4376551538409997, -0.0005370731396842397, 0.8919059306105132, 1.0], [-0.32188542798248215, 0.1299928417648002, 0.956145119062028, 1.0], [-8.040262202445635e-05, 0.1331399136346508, 1.017066500178149, 1.0], [0.3234991191135339, 0.13001662804745018, 0.9595020380135361, 1.0]], "overrideEnabled": true, "useOutlinerColor": false, "outlinerColor": [0.0, 0.0, 0.0]}}