{"spine_2_fkControl_newControlShape0": {"overrideRGBColors": false, "knots": [-2.0, -1.0, 0.0, 1.0, 2.0, 3.0, 4.0, 5.0, 6.0, 7.0, 8.0, 9.0, 10.0], "degree": 3, "form": 3, "overrideColorRGB": [0.0, 0.0, 0.0], "cvs": [[-0.32188542798248165, 0.1299928417648002, -0.9561451190620228, 1.0], [-8.040262202388012e-05, 0.1331399136346508, -1.0170665001781434, 1.0], [0.3234991191135345, 0.13001662804745018, -0.9595020380135305, 1.0], [0.4381759918277796, -0.0005370857291181172, -0.8919054372248908, 1.0], [0.3263275920008326, -0.12420015186552263, -0.9593564947963078, 1.0], [-7.995977307337035e-05, -0.12222844627227981, -1.0151596909992737, 1.0], [-0.3205720266800947, -0.1241117728213824, -0.95487897147651, 1.0], [-0.4376551538409992, -0.0005370731396842397, -0.8919059306105079, 1.0], [-0.32188542798248165, 0.1299928417648002, -0.9561451190620228, 1.0], [-8.040262202388012e-05, 0.1331399136346508, -1.0170665001781434, 1.0], [0.3234991191135345, 0.13001662804745018, -0.9595020380135305, 1.0]], "overrideEnabled": true, "useOutlinerColor": false, "outlinerColor": [0.0, 0.0, 0.0]}, "spine_2_fkControl_newControlShape1": {"overrideRGBColors": false, "knots": [-2.0, -1.0, 0.0, 1.0, 2.0, 3.0, 4.0, 5.0, 6.0, 7.0, 8.0, 9.0, 10.0], "degree": 3, "form": 3, "overrideColorRGB": [0.0, 0.0, 0.0], "cvs": [[-0.32188542798248215, 0.1299928417648002, 0.956145119062028, 1.0], [-8.040262202445635e-05, 0.1331399136346508, 1.017066500178149, 1.0], [0.3234991191135339, 0.13001662804745018, 0.9595020380135361, 1.0], [0.43817599182777905, -0.0005370857291181172, 0.8919054372248966, 1.0], [0.32632759200083206, -0.12420015186552263, 0.9593564947963134, 1.0], [-7.995977307394547e-05, -0.12222844627227981, 1.0151596909992793, 1.0], [-0.3205720266800952, -0.1241117728213824, 0.9548789714765152, 1.0], [-0.4376551538409997, -0.0005370731396842397, 0.8919059306105132, 1.0], [-0.32188542798248215, 0.1299928417648002, 0.956145119062028, 1.0], [-8.040262202445635e-05, 0.1331399136346508, 1.017066500178149, 1.0], [0.3234991191135339, 0.13001662804745018, 0.9595020380135361, 1.0]], "overrideEnabled": true, "useOutlinerColor": false, "outlinerColor": [0.0, 0.0, 0.0]}, "spine_2_fkControl_newControlShape2": {"overrideRGBColors": false, "knots": [-2.0, -1.0, 0.0, 1.0, 2.0, 3.0, 4.0, 5.0, 6.0, 7.0, 8.0, 9.0, 10.0], "degree": 3, "form": 3, "overrideColorRGB": [0.0, 0.0, 0.0], "cvs": [[-0.9561451190620257, 0.1299928417648002, 0.321885427982484, 1.0], [-1.0170665001781463, 0.1331399136346508, 8.040262202622207e-05, 1.0], [-0.9595020380135332, 0.13001662804745018, -0.3234991191135322, 1.0], [-0.8919054372248933, -0.0005370857291181172, -0.4381759918277772, 1.0], [-0.9593564947963105, -0.12420015186552263, -0.3263275920008303, 1.0], [-1.0151596909992766, -0.12222844627227981, 7.995977307571313e-05, 1.0], [-0.9548789714765129, -0.1241117728213824, 0.32057202668009704, 1.0], [-0.8919059306105109, -0.0005370731396842397, 0.43765515384100157, 1.0], [-0.9561451190620257, 0.1299928417648002, 0.321885427982484, 1.0], [-1.0170665001781463, 0.1331399136346508, 8.040262202622207e-05, 1.0], [-0.9595020380135332, 0.13001662804745018, -0.3234991191135322, 1.0]], "overrideEnabled": true, "useOutlinerColor": false, "outlinerColor": [0.0, 0.0, 0.0]}, "spine_2_fkControl_newControlShape3": {"overrideRGBColors": false, "knots": [-2.0, -1.0, 0.0, 1.0, 2.0, 3.0, 4.0, 5.0, 6.0, 7.0, 8.0, 9.0, 10.0], "degree": 3, "form": 3, "overrideColorRGB": [0.0, 0.0, 0.0], "cvs": [[0.9561451190620252, 0.1299928417648002, 0.3218854279824854, 1.0], [1.017066500178146, 0.1331399136346508, 8.040262202770162e-05, 1.0], [0.9595020380135334, 0.13001662804745018, -0.3234991191135307, 1.0], [0.891905437224894, -0.0005370857291181172, -0.4381759918277759, 1.0], [0.9593564947963107, -0.12420015186552263, -0.32632759200082884, 1.0], [1.0151596909992764, -0.12222844627227981, 7.995977307718991e-05, 1.0], [0.9548789714765124, -0.1241117728213824, 0.32057202668009843, 1.0], [0.8919059306105102, -0.0005370731396842397, 0.43765515384100284, 1.0], [0.9561451190620252, 0.1299928417648002, 0.3218854279824854, 1.0], [1.017066500178146, 0.1331399136346508, 8.040262202770162e-05, 1.0], [0.9595020380135334, 0.13001662804745018, -0.3234991191135307, 1.0]], "overrideEnabled": true, "useOutlinerColor": false, "outlinerColor": [0.0, 0.0, 0.0]}}