{"fk00_guide_shapeShape0": {"overrideEnabled": true, "overrideColorRGB": [0.0, 0.4413827955722809, 1.0], "overrideRGBColors": true, "useOutlinerColor": false, "outlinerColor": [0.0, 0.0, 0.0], "knots": [-2.0, -1.0, 0.0, 1.0, 2.0, 3.0, 4.0, 5.0, 6.0, 7.0, 8.0, 9.0, 10.0], "cvs": [[-0.7832578188795193, 1.1002638916535326e-14, 0.783257818879521, 1.0], [-1.1076938302941863, 1.1002638916535326e-14, 9.382988722706794e-16, 1.0], [-0.7832578188795206, 1.1002638916535326e-14, -0.7832578188795182, 1.0], [-9.538449028967874e-16, 1.1002638916535326e-14, -1.107693830294186, 1.0], [0.7832578188795193, 1.1002638916535326e-14, -0.7832578188795204, 1.0], [1.1076938302941863, 1.1002638916535326e-14, -1.1012992575457335e-15, 1.0], [0.7832578188795206, 1.1002638916535326e-14, 0.7832578188795196, 1.0], [8.110240823318871e-16, 1.1002638916535326e-14, 1.1076938302941877, 1.0], [-0.7832578188795193, 1.1002638916535326e-14, 0.783257818879521, 1.0], [-1.1076938302941863, 1.1002638916535326e-14, 9.382988722706794e-16, 1.0], [-0.7832578188795206, 1.1002638916535326e-14, -0.7832578188795182, 1.0]], "degree": 3, "form": 3}, "fk00_guide_shapeShape1": {"overrideEnabled": true, "overrideColorRGB": [0.0, 0.4413827955722809, 1.0], "overrideRGBColors": true, "useOutlinerColor": false, "outlinerColor": [0.0, 0.0, 0.0], "knots": [0.0, 0.0, 0.0, 0.08333333333333333, 0.16666666666666666, 0.25, 0.3333333333333333, 0.4166666666666667, 0.5, 0.5833333333333334, 0.6666666666666666, 0.75, 0.8333333333333334, 0.9166666666666666, 1.0, 1.0, 1.0], "cvs": [[0.9834314859653835, 1.1002638916535326e-14, 0.17433388564332913, 1.0], [0.9688874266295394, 1.1002638916535326e-14, 0.2555774251411254, 1.0], [0.9201648836500383, -0.013308354571627127, 0.4128380169621471, 1.0], [0.7874026583856982, -0.07161025006461198, 0.6318098495623222, 1.0], [0.6127673227751, -0.15356647460643566, 0.8013793970585196, 1.0], [0.40591484484036083, -0.2205475631622284, 0.922583334415311, 1.0], [0.1657745049922397, -0.23930523099823878, 0.9959445215036339, 1.0], [-0.08788082297939526, -0.23889656180880017, 1.0064379004519124, 1.0], [-0.3346237229994018, -0.23143662301602355, 0.950976636164071, 1.0], [-0.5529414376252095, -0.17810263219871952, 0.8430694701406395, 1.0], [-0.7482951904322018, -0.09337726077793158, 0.6805225408946828, 1.0], [-0.891578407976927, -0.02328797488387581, 0.46874155297907677, 1.0], [-0.9788939396458611, 0.0027733224544553123, 0.24396792758737082, 1.0], [-0.9998096729752324, 1.1002638916535326e-14, 0.07547574566534422, 1.0], [-0.9995211618630392, 1.1002638916535326e-14, -1.942890293094024e-16, 1.0]], "degree": 3, "form": 1}}