{"circle_squiggleShape": {"overrideRGBColors": true, "knots": [-2.0, -1.0, 0.0, 1.0, 2.0, 3.0, 4.0, 5.0, 6.0, 7.0, 8.0, 9.0, 10.0], "degree": 3, "form": 3, "overrideColorRGB": [0.15999996662139893, 0.2999999225139618, 0.875], "cvs": [[0.783611624891224, 0.2999999999999996, -0.783611624891225, 1.0], [1.108194187554388, -0.3000000000000005, 1.2643170607829326e-16, 1.0], [0.7836116248912245, 0.2999999999999997, 0.7836116248912243, 1.0], [2.989224902312199e-16, -0.29999999999999993, 1.108194187554388, 1.0], [-0.7836116248912238, 0.3000000000000004, 0.7836116248912245, 1.0], [-1.1081941875543884, -0.2999999999999995, 3.3392053635905195e-16, 1.0], [-0.7836116248912242, 0.30000000000000027, -0.7836116248912238, 1.0], [-6.174177204205617e-16, -0.30000000000000004, -1.108194187554388, 1.0], [0.783611624891224, 0.2999999999999996, -0.783611624891225, 1.0], [1.108194187554388, -0.3000000000000005, 1.2643170607829326e-16, 1.0], [0.7836116248912245, 0.2999999999999997, 0.7836116248912243, 1.0]], "overrideEnabled": true, "useOutlinerColor": false, "outlinerColor": [0.0, 0.0, 0.0]}}