{"eyeBulge_jnt_L_newControlShape": {"overrideRGBColors": true, "knots": [0.0, 0.0, 0.0, 1.0, 2.0, 3.0, 4.0, 5.0, 6.0, 7.0, 8.0, 9.0, 10.0, 11.0, 12.0, 13.0, 13.0, 13.0], "degree": 3, "form": 1, "overrideColorRGB": [0.005036348942667246, 0.061464954167604446, 0.0], "cvs": [[0.0, 0.0, 1.467020705409233, 1.0], [0.3470067529455985, 0.0, 0.9675048857437812, 1.0], [0.3470067529455985, 0.0, 0.9675048857437812, 1.0], [0.3470067529455985, 0.0, 0.9675048857437812, 1.0], [0.8969383997486204, 0.0, 0.6080867962679595, 1.0], [1.0305849436302588, 0.0, 0.0035904552122311417, 1.0], [0.907350864491163, 0.0, -0.5405518311616282, 1.0], [0.36766471952017393, 0.0, -1.021450965622893, 1.0], [-0.36766471952017393, 0.0, -1.021450965622893, 1.0], [-0.907350864491163, 0.0, -0.5405518311616282, 1.0], [-1.0305849436302588, 0.0, 0.0035904552122311417, 1.0], [-0.8969383997486204, 0.0, 0.6080867962679595, 1.0], [-0.3470067529455985, 0.0, 0.9675048857437812, 1.0], [-0.3470067529455985, 0.0, 0.9675048857437812, 1.0], [-0.3470067529455985, 0.0, 0.9675048857437812, 1.0], [0.0, 0.0, 1.467020705409233, 1.0]], "overrideEnabled": true, "useOutlinerColor": false, "outlinerColor": [0.0, 0.0, 0.0]}}