{"newControl_ctrlShape": {"overrideRGBColors": true, "knots": [-0.125, -0.0625, 0.0, 0.0625, 0.125, 0.1875, 0.2317762539, 0.2317762539, 0.2350435555, 0.25, 0.2624999997, 0.2668747839, 0.2679684806, 0.3125, 0.375, 0.4375, 0.5, 0.5625, 0.625, 0.6875, 0.7366036946, 0.7369530006, 0.7401559125, 0.75, 0.7600163858, 0.7634234614, 0.7634234614, 0.8125, 0.875, 0.9375000000000001, 1.0, 1.0625, 1.125], "degree": 3, "form": 3, "overrideColorRGB": [0.15999996662139893, 0.2999999225139618, 0.875], "cvs": [[0.39188745264935354, 0.18134895220417035, 0.9452388807692865, 1.0], [-1.6547430836345983e-16, 0.18134895220417035, 1.0260750342509912, 1.0], [-0.3918874526493524, 0.18134895220417035, 0.9452388807692865, 1.0], [-0.7260815917852713, 0.18134895220417035, 0.7252636343764394, 1.0], [-0.9247156848949486, 0.18134895220417035, 0.41902756428404714, 1.0], [-0.9822556361896005, 0.18134895220417035, 0.19447725578888259, 1.0], [-0.9939546507978635, 0.18134900677000884, 0.08887524107741969, 1.0], [-0.9980451825009723, 0.1633612964465479, 1.1507759910267534e-07, 1.0], [-1.0012109573788632, 9.435743248908128e-19, -1.1507759910441007e-07, 1.0], [-0.9984697562445745, -0.16041791220877677, 1.0296761303492385e-07, 1.0], [-0.9948908259929301, -0.17840567997061885, 0.08887520928811443, 1.0], [-0.9831180815164613, -0.17840560347155532, 0.19447723961752642, 1.0], [-0.9250152214804216, -0.17840560347155532, 0.4190275765188911, 1.0], [-0.7260815917852698, -0.17840560347155532, 0.7252636506838522, 1.0], [-0.3918874526493536, -0.17840560347155532, 0.9452388980243338, 1.0], [-1.8119015146894454e-16, -0.17840560347155532, 1.0260750494116062, 1.0], [0.39188745264935315, -0.17840560347155532, 0.9452388980243338, 1.0], [0.7260815917852709, -0.17840560347155532, 0.7252636506838522, 1.0], [0.9303803560073647, -0.17840560347155532, 0.41902749502761416, 1.0], [0.9874982140098254, -0.17840560347155532, 0.19447706720955607, 1.0], [0.996951520620994, -0.17840551831607573, 0.08887497902746999, 1.0], [0.9990381196831473, -0.160417777292611, -3.2545325939423164e-08, 1.0], [1.0006022611125074, 0.0, -6.733670220027133e-08, 1.0], [0.9989966543796539, 0.16336118208348005, -3.130331504945516e-08, 1.0], [0.9968563004385187, 0.18134891290730543, 0.08887497942891276, 1.0], [0.9872922857531357, 0.18134895220417035, 0.1944770588779765, 1.0], [0.9303484903008157, 0.18134895220417035, 0.41902747871357515, 1.0], [0.7260815917852699, 0.18134895220417035, 0.7252636343764394, 1.0], [0.39188745264935354, 0.18134895220417035, 0.9452388807692865, 1.0], [-1.6547430836345983e-16, 0.18134895220417035, 1.0260750342509912, 1.0], [-0.3918874526493524, 0.18134895220417035, 0.9452388807692865, 1.0]], "overrideEnabled": true, "useOutlinerColor": false, "outlinerColor": [0.0, 0.0, 0.0, 1.0]}}