{"newControl_ctrlShape1": {"overrideRGBColors": true, "knots": [22.0, 23.0, 24.0, 25.0, 26.0, 27.0, 28.0], "degree": 1, "form": 1, "overrideColorRGB": [0.15999996662139893, 0.2999999225139618, 0.875], "cvs": [[-4.440892098500626e-16, 0.0, -1.0, 1.0], [1.8848410337581573e-08, 0.22061975057506134, -1.1135707134386177, 1.0], [1.8848410309817017e-08, 0.19623755399473897, -1.176090929900206, 1.0], [1.8848410289678392e-08, 0.28510171070010526, -1.2214390849011085, 1.0], [1.884841035199575e-08, 0.3409366239392324, -1.0811128712712827, 1.0], [1.884841037047114e-08, 0.2510501098645319, -1.0395099920330422, 1.0], [1.8848410338177417e-08, 0.2212397730711888, -1.1122289922712927, 1.0]], "overrideEnabled": true, "useOutlinerColor": false, "outlinerColor": [0.0, 0.0, 0.0]}, "newControl_ctrlShape0": {"overrideRGBColors": true, "knots": [-2.0, -1.0, 0.0, 1.0, 2.0, 3.0, 4.0, 5.0, 6.0, 7.0, 8.0, 9.0, 10.0], "degree": 3, "form": 3, "overrideColorRGB": [0.15999996662139893, 0.2999999225139618, 0.875], "cvs": [[0.7836116248912249, 4.798237340988473e-17, 0.7836116248912242, 1.0], [1.1081941875543877, 6.785732323110912e-17, -4.24279757880351e-16, 1.0], [0.783611624891224, 4.798237340988472e-17, -0.7836116248912248, 1.0], [-4.34688098736212e-16, 3.517735619006027e-33, -1.1081941875543881, 1.0], [-0.7836116248912248, -4.7982373409884725e-17, -0.7836116248912242, 1.0], [-1.1081941875543884, -6.785732323110917e-17, 3.811285114154282e-16, 1.0], [-0.783611624891224, -4.798237340988472e-17, 0.7836116248912248, 1.0], [3.4101303103346443e-16, -9.253679210110099e-33, 1.1081941875543881, 1.0], [0.7836116248912249, 4.798237340988473e-17, 0.7836116248912242, 1.0], [1.1081941875543877, 6.785732323110912e-17, -4.24279757880351e-16, 1.0], [0.783611624891224, 4.798237340988472e-17, -0.7836116248912248, 1.0]], "overrideEnabled": true, "useOutlinerColor": false, "outlinerColor": [0.0, 0.0, 0.0]}}