{"circle_qtrd_thick_ctrl1Shape1": {"overrideRGBColors": true, "knots": [0.0, 1.0, 2.0, 5.0, 6.0, 7.0, 8.0, 9.0, 10.0, 11.0, 12.0, 13.0, 14.0, 15.0, 16.0, 17.0, 18.0, 19.0, 20.0, 21.0, 22.0, 23.0, 24.0, 25.0, 26.0, 27.0, 28.0, 29.0, 31.0, 32.0, 33.0, 34.0, 35.0, 36.0, 37.0, 38.0, 39.0, 40.0, 41.0, 42.0, 43.0, 44.0, 45.0, 46.0, 47.0, 48.0, 49.0, 50.0, 51.0, 53.0, 54.0, 55.0, 56.0, 57.0, 58.0, 59.0, 60.0], "degree": 1, "form": 3, "overrideColorRGB": [0.15999996662139893, 0.2999999225139618, 0.875], "cvs": [[0.08375337700861238, -6.245004513516506e-16, -1.128776757001953, 1.0], [0.08139036534670789, -6.245004513516506e-16, -1.127808464176621, 1.0], [0.0770725843908692, -6.245004513516506e-16, -1.126420390248518, 1.0], [0.07167753581355343, -6.245004513516506e-16, -1.1261085158119821, 1.0], [0.06567462150173672, -6.245004513516506e-16, -1.128039791959087, 1.0], [0.05814756734505251, -6.245004513516506e-16, -1.1331787221380194, 1.0], [0.04979757731828484, -6.38378239159465e-16, -1.1405430333180013, 1.0], [0.04132589257761569, -6.661338147750939e-16, -1.149150422723137, 1.0], [0.033433739406667856, -6.661338147750939e-16, -1.1580186024500894, 1.0], [0.026822329216505094, -6.661338147750939e-16, -1.1661652697229614, 1.0], [0.018798806732035364, -6.661338147750939e-16, -1.1741028288164927, 1.0], [0.009610450555236573, -6.661338147750939e-16, -1.1788298188566353, 1.0], [-0.00016903035101297707, -6.661338147750939e-16, -1.1803520252688349, 1.0], [-0.009965897278716945, -6.661338147750939e-16, -1.178675278096214, 1.0], [-0.01920642639243811, -6.661338147750939e-16, -1.1738053330190994, 1.0], [-0.02731686411162099, -6.661338147750939e-16, -1.1657480052080544, 1.0], [-0.03466668941915071, -6.661338147750939e-16, -1.157367600798161, 1.0], [-0.04456351481579847, -6.661338147750939e-16, -1.1480802379961936, 1.0], [-0.05583382103478753, -6.38378239159465e-16, -1.1392912546458414, 1.0], [-0.06730407393678202, -6.245004513516506e-16, -1.1324060183359113, 1.0], [-0.07780070963732834, -6.245004513516506e-16, -1.1288298669100916, 1.0], [-0.08615020886964937, -6.245004513516506e-16, -1.1299681530846306, 1.0], [-0.09226226545558341, -6.245004513516506e-16, -1.1347217055151226, 1.0], [-0.09676323721681879, -6.38378239159465e-16, -1.140700950149313, 1.0], [-0.09955460832263276, -6.661338147750939e-16, -1.1475320949622123, 1.0], [-0.10053786294230392, -6.661338147750939e-16, -1.154841347928828, 1.0], [-0.09961448524510966, -6.661338147750939e-16, -1.1622549170241712, 1.0], [-0.09668595940032831, -6.661338147750939e-16, -1.1693990102232499, 1.0], [-0.09288814735538392, -6.661338147750939e-16, -1.1756308355266971, 1.0], [-0.08879718230027002, -6.661338147750939e-16, -1.1820992981161673, 1.0], [-0.08348053991401604, -7.077671781985375e-16, -1.1901150868699648, 1.0], [-0.0771149359424913, -7.077671781985375e-16, -1.1991624363150188, 1.0], [-0.06987716049436098, -7.355227538141662e-16, -1.2087255512331427, 1.0], [-0.05753570283209456, -7.771561172376096e-16, -1.2236570129888351, 1.0], [-0.045591208641718915, -7.771561172376096e-16, -1.236380472328651, 1.0], [-0.033953877412077615, -8.049116928532385e-16, -1.2466699332825248, 1.0], [-0.02253386401433729, -8.326672684688674e-16, -1.2542993775715479, 1.0], [-0.01124133819222337, -8.326672684688674e-16, -1.2590427869168104, 1.0], [1.3515437979387069e-05, -8.326672684688674e-16, -1.260674143039407, 1.0], [0.011224896578266523, -8.326672684688674e-16, -1.2590427869168104, 1.0], [0.022491350804478175, -8.326672684688674e-16, -1.2542993775715476, 1.0], [0.033902671191491277, -8.049116928532385e-16, -1.2466699332825248, 1.0], [0.04554870286813925, -7.771561172376096e-16, -1.236380472328651, 1.0], [0.05751926121813747, -7.771561172376096e-16, -1.2236570129888344, 1.0], [0.06990419137031943, -7.355227538141662e-16, -1.2087255512331423, 1.0], [0.07714196681844986, -7.077671781985375e-16, -1.1991696792512445, 1.0], [0.08350756335369476, -7.077671781985375e-16, -1.1901382731894232, 1.0], [0.08882422061250776, -6.661338147750939e-16, -1.1821384129462997, 1.0], [0.09291517823134218, -6.661338147750939e-16, -1.175677193293055, 1.0], [0.09671299771256575, -6.661338147750939e-16, -1.1693990102232497, 1.0], [0.09963380469923368, -6.661338147750939e-16, -1.1622114594068143, 1.0], [0.10053786294230521, -6.661338147750939e-16, -1.154771818715569, 1.0], [0.09952948857050702, -6.661338147750939e-16, -1.1474538653019462, 1.0], [0.09671299771256563, -6.38378239159465e-16, -1.1406314060634952, 1.0], [0.09219270649720783, -6.245004513516506e-16, -1.1346782478977655, 1.0], [0.08607292361688076, -6.245004513516506e-16, -1.1299681530846306, 1.0], [0.08375337700861238, -6.245004513516506e-16, -1.128776757001953, 1.0]], "overrideEnabled": true, "useOutlinerColor": false, "outlinerColor": [0.0, 0.0, 0.0]}, "circle_qtrd_thick_ctrl1Shape0": {"overrideRGBColors": true, "knots": [-2.0, -1.0, 0.0, 1.0, 2.0, 3.0, 4.0, 5.0, 6.0, 7.0, 8.0, 9.0, 10.0], "degree": 3, "form": 3, "overrideColorRGB": [0.15999996662139893, 0.2999999225139618, 0.875], "cvs": [[-0.7783510778015619, -1.1102230246251565e-16, -0.7783510778015632, 1.0], [-1.100754650514686, -9.71445146547012e-17, -1.0798691031076865e-15, 1.0], [-0.7783510778015631, -1.1102230246251565e-16, 0.7783510778015619, 1.0], [-9.116009259379358e-16, -1.6653345369377348e-16, 1.1007546505146852, 1.0], [0.7783510778015613, -1.8041124150158799e-16, 0.7783510778015629, 1.0], [1.1007546505146852, -2.3592239273284576e-16, 9.480301189334487e-16, 1.0], [0.7783510778015628, -1.8041124150158799e-16, -0.7783510778015619, 1.0], [8.422119868988638e-16, -1.6653345369377348e-16, -1.1007546505146861, 1.0], [-0.7783510778015619, -1.1102230246251565e-16, -0.7783510778015632, 1.0], [-1.100754650514686, -9.71445146547012e-17, -1.0798691031076865e-15, 1.0], [-0.7783510778015631, -1.1102230246251565e-16, 0.7783510778015619, 1.0]], "overrideEnabled": true, "useOutlinerColor": false, "outlinerColor": [0.0, 0.0, 0.0]}}