{"circle_pin_circleShape": {"overrideRGBColors": true, "knots": [0.0, 1.0], "degree": 1, "form": 1, "overrideColorRGB": [0.15999996662139893, 0.2999999225139618, 0.875], "cvs": [[-8.493481879412919e-34, 0.401436141817914, -1.401436141817914, 1.0], [0.0, -6.07521025968692e-17, -0.9999999999999999, 1.0]], "overrideEnabled": true, "useOutlinerColor": false, "outlinerColor": [0.0, 0.0, 0.0, 1.0]}, "circle_pin_circleShape1": {"overrideRGBColors": true, "knots": [-2.0, -1.0, 0.0, 1.0, 2.0, 3.0, 4.0, 5.0, 6.0, 7.0, 8.0, 9.0, 10.0], "degree": 3, "form": 3, "overrideColorRGB": [0.15999996662139893, 0.2999999225139618, 0.875], "cvs": [[4.316308156007372e-18, 0.4650921266364005, -1.564780976317095, 1.0], [6.1041815336072264e-18, 0.5355827882543063, -1.535582788254306, 1.0], [4.3163081560073704e-18, 0.5647809763170953, -1.4650921266364003, 1.0], [-5.329063393214112e-34, 0.535582788254306, -1.3946014650184946, 1.0], [-4.3163081560073704e-18, 0.46509212663640054, -1.3654032769557056, 1.0], [-6.104181533607228e-18, 0.3946014650184948, -1.3946014650184946, 1.0], [-4.316308156007369e-18, 0.36540327695570574, -1.4650921266364005, 1.0], [-1.681773268428156e-33, 0.3946014650184947, -1.535582788254306, 1.0], [4.316308156007372e-18, 0.4650921266364005, -1.564780976317095, 1.0], [6.1041815336072264e-18, 0.5355827882543063, -1.535582788254306, 1.0], [4.3163081560073704e-18, 0.5647809763170953, -1.4650921266364003, 1.0]], "overrideEnabled": true, "useOutlinerColor": false, "outlinerColor": [0.0, 0.0, 0.0, 1.0]}, "circle_pin_circleShape2": {"overrideRGBColors": true, "knots": [-2.0, -1.0, 0.0, 1.0, 2.0, 3.0, 4.0, 5.0, 6.0, 7.0, 8.0, 9.0, 10.0], "degree": 3, "form": 3, "overrideColorRGB": [0.15999996662139893, 0.2999999225139618, 0.875], "cvs": [[0.783611624891225, -4.74007827581017e-16, -0.7836116248912239, 1.0], [-1.264317060782932e-16, 6.785732323110925e-17, -1.1081941875543881, 1.0], [-0.7836116248912243, 5.699725744007859e-16, -0.7836116248912244, 1.0], [-1.108194187554388, 7.382056216671904e-16, -4.3214925318623865e-16, 1.0], [-0.7836116248912245, 4.740078275810166e-16, 0.7836116248912239, 1.0], [-3.33920536359052e-16, -6.78573232311089e-17, 1.1081941875543881, 1.0], [0.7836116248912238, -5.699725744007856e-16, 0.7836116248912243, 1.0], [1.108194187554388, -7.382056216671904e-16, 4.841909574655429e-16, 1.0], [0.783611624891225, -4.74007827581017e-16, -0.7836116248912239, 1.0], [-1.264317060782932e-16, 6.785732323110925e-17, -1.1081941875543881, 1.0], [-0.7836116248912243, 5.699725744007859e-16, -0.7836116248912244, 1.0]], "overrideEnabled": true, "useOutlinerColor": false, "outlinerColor": [0.0, 0.0, 0.0, 1.0]}}