{"circle_handleShape": {"overrideRGBColors": true, "knots": [-2.0, -1.0, 0.0, 1.0, 2.0, 3.0, 4.0, 5.0, 6.0, 7.0, 8.0, 9.0, 10.0], "degree": 3, "form": 3, "overrideColorRGB": [0.15999996662139893, 0.2999999225139618, 0.875], "cvs": [[0.7836116248912245, 4.798237340988473e-17, -0.7836116248912246, 1.0], [6.785732323110912e-17, 6.785732323110912e-17, -1.1081941875543877, 1.0], [-0.7836116248912245, 4.798237340988472e-17, -0.7836116248912244, 1.0], [-1.1081941875543881, 3.517735619006027e-33, -5.74489823752483e-17, 1.0], [-0.7836116248912245, -4.7982373409884725e-17, 0.7836116248912245, 1.0], [-1.1100856969603225e-16, -6.785732323110917e-17, 1.1081941875543884, 1.0], [0.7836116248912245, -4.798237340988472e-17, 0.7836116248912244, 1.0], [1.1081941875543881, -9.253679210110099e-33, 1.511240500779959e-16, 1.0], [0.7836116248912245, 4.798237340988473e-17, -0.7836116248912246, 1.0], [6.785732323110912e-17, 6.785732323110912e-17, -1.1081941875543877, 1.0], [-0.7836116248912245, 4.798237340988472e-17, -0.7836116248912244, 1.0]], "overrideEnabled": true, "useOutlinerColor": false, "outlinerColor": [0.0, 0.0, 0.0]}, "circle_handleShape1": {"overrideRGBColors": true, "knots": [2.0, 2.0, 2.0, 3.0, 4.0, 5.0, 6.0, 6.0, 6.0], "degree": 3, "form": 1, "overrideColorRGB": [0.15999996662139893, 0.2999999225139618, 0.875], "cvs": [[-1.0026251638819934, 1.065422714716318e-32, -4.798237340988472e-17, 1.0], [-1.0026251451111288, 0.24977206230721277, 5.546053889631536e-17, 1.0], [-0.7836116248912245, 0.7836116248912245, 2.219791070735185e-16, 1.0], [-1.1100856969603225e-16, 1.1081941875543884, 3.1392586378683937e-16, 1.0], [0.7836116248912245, 0.7836116248912244, 2.2197910707351847e-16, 1.0], [1.0026251451111288, 0.249772062307213, 5.5460538896315425e-17, 1.0], [1.0026251638819934, 1.0654227147163183e-32, -4.798237340988473e-17, 1.0]], "overrideEnabled": true, "useOutlinerColor": false, "outlinerColor": [0.0, 0.0, 0.0]}}