{"newControl_ctrlShape0": {"overrideEnabled": true, "overrideColorRGB": [1.0, 0.4800001382827759, 0.0], "overrideRGBColors": true, "useOutlinerColor": false, "outlinerColor": [0.0, 0.0, 0.0], "knots": [-2.0, -1.0, 0.0, 1.0, 2.0, 3.0, 4.0, 5.0, 6.0, 7.0, 8.0, 9.0, 10.0], "cvs": [[0.783611624891225, -4.74007827581017e-16, -0.7836116248912239, 1.0], [-1.264317060782932e-16, 6.785732323110925e-17, -1.1081941875543881, 1.0], [-0.7836116248912243, 5.699725744007859e-16, -0.7836116248912244, 1.0], [-1.108194187554388, 7.382056216671904e-16, -4.3214925318623865e-16, 1.0], [-0.7836116248912245, 4.740078275810166e-16, 0.7836116248912239, 1.0], [-3.33920536359052e-16, -6.78573232311089e-17, 1.1081941875543881, 1.0], [0.7836116248912238, -5.699725744007856e-16, 0.7836116248912243, 1.0], [1.108194187554388, -7.382056216671904e-16, 4.841909574655429e-16, 1.0], [0.783611624891225, -4.74007827581017e-16, -0.7836116248912239, 1.0], [-1.264317060782932e-16, 6.785732323110925e-17, -1.1081941875543881, 1.0], [-0.7836116248912243, 5.699725744007859e-16, -0.7836116248912244, 1.0]], "degree": 3, "form": 3}, "newControl_ctrlShape1": {"overrideEnabled": true, "overrideColorRGB": [1.0, 0.4800001382827759, 0.0], "overrideRGBColors": true, "useOutlinerColor": false, "outlinerColor": [0.0, 0.0, 0.0], "knots": [0.3611111111111111, 0.3611111111111111, 0.3611111111111111, 0.3888888888888889, 0.41666666666666674, 0.4444444444444444, 0.47222222222222227, 0.5, 0.5277777777777778, 0.5555555555555556, 0.5833333333333334, 0.6111111111111112, 0.6388888888888888, 0.6388888888888888, 0.6388888888888888], "cvs": [[-0.7952284778437664, 0.0, -0.6053500686667633, 1.0], [-0.6523534870363572, 0.14919174446112907, -0.7685010811183306, 1.0], [-0.6459134771301083, 0.14919174446112898, -0.7699459253743286, 1.0], [-0.5019057720333834, 0.14919174446112887, -0.8695019247888482, 1.0], [-0.34322789358686945, 0.14919174446112876, -0.9432828512259056, 1.0], [-0.1743650256375025, 0.14919174446112865, -0.9892566650032742, 1.0], [-3.230392256125765e-16, 0.14919174446112854, -1.0053759196796093, 1.0], [0.17436502563750117, 0.14919174446112843, -0.9892566650032761, 1.0], [0.3432278935868692, 0.14919174446112832, -0.9432828512259028, 1.0], [0.5019057720333829, 0.1491917444611282, -0.8695019247888504, 1.0], [0.6459134771301082, 0.14919174446112812, -0.7699459253743269, 1.0], [0.6467285695589728, 0.14919174446112804, -0.766764245694122, 1.0], [0.7953014308518598, 0.0, -0.6053500686667631, 1.0]], "degree": 3, "form": 1}, "newControl_ctrlShape2": {"overrideEnabled": true, "overrideColorRGB": [1.0, 0.4800001382827759, 0.0], "overrideRGBColors": true, "useOutlinerColor": false, "outlinerColor": [0.0, 0.0, 0.0], "knots": [0.3611111111111111, 0.3611111111111111, 0.3611111111111111, 0.3888888888888889, 0.41666666666666674, 0.4444444444444444, 0.47222222222222227, 0.5, 0.5277777777777778, 0.5555555555555556, 0.5833333333333334, 0.6111111111111112, 0.6388888888888888, 0.6388888888888888, 0.6388888888888888], "cvs": [[-0.8268478239432799, 6.097877153872635e-16, 0.5610707300536112, 1.0], [-0.7252723396622767, 5.260052631943476e-16, 0.8541837480043486, 1.0], [-0.7181124774940331, 4.2600685526534674e-16, 0.8557896826115907, 1.0], [-0.5580078604720721, 3.1250419439256343e-16, 0.9664455018492987, 1.0], [-0.3815932655622182, 1.9000614432182188e-16, 1.0484525020002, 1.0], [-0.1938552220727782, 6.179988218802751e-17, 1.0995520847168052, 1.0], [-2.9984264668089695e-16, -6.842521274569023e-17, 1.1174685271431866, 1.0], [0.19385522207277683, -1.964561762924504e-16, 1.0995520847168074, 1.0], [0.38159326556221806, -3.1840454438507935e-16, 1.048452502000197, 1.0], [0.5580078604720715, -4.3085963343157327e-16, 0.966445501849301, 1.0], [0.718112477494033, -5.308108648207082e-16, 0.8557896826115889, 1.0], [0.7190186794300559, -6.139486777423539e-16, 0.852253267190765, 1.0], [0.826847823943279, -6.781239696900323e-16, 0.561070730053611, 1.0]], "degree": 3, "form": 1}}