{"circle_pin_squareShape1": {"overrideRGBColors": true, "knots": [-2.0, -1.0, 0.0, 1.0, 2.0, 3.0, 4.0, 5.0, 6.0, 7.0, 8.0, 9.0, 10.0], "degree": 3, "form": 3, "overrideColorRGB": [0.15999996662139893, 0.2999999225139618, 0.875], "cvs": [[0.783611624891225, -4.74007827581017e-16, -0.7836116248912239, 1.0], [-1.264317060782932e-16, 6.785732323110925e-17, -1.1081941875543881, 1.0], [-0.7836116248912243, 5.699725744007859e-16, -0.7836116248912244, 1.0], [-1.108194187554388, 7.382056216671904e-16, -4.3214925318623865e-16, 1.0], [-0.7836116248912245, 4.740078275810166e-16, 0.7836116248912239, 1.0], [-3.33920536359052e-16, -6.78573232311089e-17, 1.1081941875543881, 1.0], [0.7836116248912238, -5.699725744007856e-16, 0.7836116248912243, 1.0], [1.108194187554388, -7.382056216671904e-16, 4.841909574655429e-16, 1.0], [0.783611624891225, -4.74007827581017e-16, -0.7836116248912239, 1.0], [-1.264317060782932e-16, 6.785732323110925e-17, -1.1081941875543881, 1.0], [-0.7836116248912243, 5.699725744007859e-16, -0.7836116248912244, 1.0]], "overrideEnabled": true, "useOutlinerColor": false, "outlinerColor": [0.0, 0.0, 0.0, 1.0]}, "circle_pin_squareShape": {"overrideRGBColors": true, "knots": [0.0, 1.0, 2.0, 3.0, 4.0, 4.540208662, 5.0], "degree": 1, "form": 1, "overrideColorRGB": [0.15999996662139893, 0.2999999225139618, 0.875], "cvs": [[0.0, 0.0, -1.0, 1.0], [0.0, 0.40393612011464824, -1.4026262110570789, 1.0], [0.0, 0.46640869700845256, -1.3401536377019445, 1.0], [0.0, 0.5885853416520103, -1.4623302868452577, 1.0], [0.0, 0.4645564757978616, -1.586359158175529, 1.0], [0.0, 0.3423798262211758, -1.4641825084892215, 1.0], [0.0, 0.40393612011464824, -1.4026262110570789, 1.0]], "overrideEnabled": true, "useOutlinerColor": false, "outlinerColor": [0.0, 0.0, 0.0, 1.0]}}