{"circle_qtrd_thick_ctrl1Shape1": {"overrideRGBColors": true, "knots": [-0.125, -0.0625, 0.0, 0.0625, 0.125, 0.1875, 0.2350435555, 0.25, 0.2624999997, 0.2668747839, 0.2679684806, 0.4375, 0.5, 0.5625, 0.625, 0.6875, 0.7366036946, 0.7369530006, 0.7401559125, 0.75, 0.7600163858, 0.7634234614, 0.7634234614, 0.8125, 0.875, 0.9375000000000001, 1.0, 1.0625, 1.125], "degree": 3, "form": 3, "overrideColorRGB": [0.15999996662139893, 0.2999999225139618, 0.875], "cvs": [[-0.8128922126485502, 0.06038383642182758, -0.5911621346886295, 1.0], [-0.9092198881605864, 0.06038383642182759, -0.4135464710865693, 1.0], [-0.9585233746105278, 0.06038383642182758, -0.2823863584639902, 1.0], [-0.9803166930443411, 0.06038383642182757, -0.1897429291863247, 1.0], [-0.9941796875607727, 0.06221433350427075, -0.10548469798647393, 1.0], [-0.9976269893078746, 0.06296775121983851, -0.05996003199540326, 1.0], [-0.9997274524335898, 3.1653687603357324e-19, -0.03682295429288334, 1.0], [-0.9979952351816366, -0.06177667478078885, -0.0587307331953503, 1.0], [-0.99496818929366, -0.06295011811886776, -0.10226595773479846, 1.0], [-0.9817117305956281, -0.06038383642182757, -0.19058743347439774, 1.0], [-0.9599994787108587, -0.06038383642182758, -0.28327993745132096, 1.0], [-0.9107359497092374, -0.06038383642182759, -0.4135464710865693, 1.0], [-0.8146177174215398, -0.06038383642182758, -0.5911621346886291, 1.0], [-0.6569357539520833, -0.06038383642182757, -0.7687588101761544, 1.0], [-0.41576866563594356, -0.060383836421827555, -0.9269266687548748, 1.0], [-0.18546476975878667, -0.060383836421827534, -0.9874982140098247, 1.0], [-0.07577261223695086, -0.057527161599294045, -0.9969515206209937, 1.0], [-0.0436606612227784, -0.05674781314775921, -0.9990381196831472, 1.0], [-0.04018152350877059, 0.0, -1.0006022611125074, 1.0], [-0.04378486231489789, 0.0587049852215355, -0.9989966543796538, 1.0], [-0.07581275651463858, 0.059065561130070915, -0.9968563004385184, 1.0], [-0.184631611780716, 0.06038383642182754, -0.987292285753135, 1.0], [-0.41413726169515325, 0.060383836421827555, -0.9268948030483258, 1.0], [-0.655305012629225, 0.06038383642182757, -0.7687588101761534, 1.0], [-0.8128922126485502, 0.06038383642182758, -0.5911621346886295, 1.0], [-0.9092198881605864, 0.06038383642182759, -0.4135464710865693, 1.0], [-0.9585233746105278, 0.06038383642182758, -0.2823863584639902, 1.0]], "overrideEnabled": true, "useOutlinerColor": false, "outlinerColor": [0.0, 0.0, 0.0]}, "circle_qtrd_thick_ctrl1Shape0": {"overrideRGBColors": true, "knots": [-0.125, -0.0625, 0.0, 0.0625, 0.125, 0.1875, 0.2350435555, 0.25, 0.2624999997, 0.2668747839, 0.2679684806, 0.4375, 0.5, 0.5625, 0.625, 0.6875, 0.7366036946, 0.7369530006, 0.7401559125, 0.75, 0.7600163858, 0.7634234614, 0.7634234614, 0.8125, 0.875, 0.9375000000000001, 1.0, 1.0625, 1.125], "degree": 3, "form": 3, "overrideColorRGB": [0.15999996662139893, 0.2999999225139618, 0.875], "cvs": [[0.5911621346886325, 0.06038383642182758, -0.812892212648548, 1.0], [0.41354647108657266, 0.06038383642182759, -0.9092198881605849, 1.0], [0.2823863584639937, 0.06038383642182758, -0.9585233746105267, 1.0], [0.18974292918632832, 0.06038383642182757, -0.9803166930443403, 1.0], [0.10548469798647758, 0.06221433350427075, -0.9941796875607722, 1.0], [0.05996003199540692, 0.06296775121983851, -0.9976269893078744, 1.0], [0.03682295429288702, 3.1653687603357324e-19, -0.9997274524335897, 1.0], [0.05873073319535396, -0.06177667478078885, -0.9979952351816364, 1.0], [0.10226595773480211, -0.06295011811886776, -0.9949681892936597, 1.0], [0.19058743347440135, -0.06038383642182757, -0.9817117305956273, 1.0], [0.28327993745132446, -0.06038383642182758, -0.9599994787108576, 1.0], [0.41354647108657266, -0.06038383642182759, -0.9107359497092359, 1.0], [0.5911621346886321, -0.06038383642182758, -0.8146177174215377, 1.0], [0.7687588101761569, -0.06038383642182757, -0.6569357539520805, 1.0], [0.9269266687548764, -0.060383836421827555, -0.41576866563594017, 1.0], [0.9874982140098254, -0.060383836421827534, -0.18546476975878304, 1.0], [0.996951520620994, -0.057527161599294045, -0.0757726122369472, 1.0], [0.9990381196831473, -0.05674781314775921, -0.043660661222774726, 1.0], [1.0006022611125074, 0.0, -0.040181523508766914, 1.0], [0.9989966543796539, 0.0587049852215355, -0.043784862314894216, 1.0], [0.9968563004385187, 0.059065561130070915, -0.07581275651463491, 1.0], [0.9872922857531357, 0.06038383642182754, -0.18463161178071236, 1.0], [0.9268948030483274, 0.060383836421827555, -0.41413726169514986, 1.0], [0.7687588101761559, 0.06038383642182757, -0.6553050126292222, 1.0], [0.5911621346886325, 0.06038383642182758, -0.812892212648548, 1.0], [0.41354647108657266, 0.06038383642182759, -0.9092198881605849, 1.0], [0.2823863584639937, 0.06038383642182758, -0.9585233746105267, 1.0]], "overrideEnabled": true, "useOutlinerColor": false, "outlinerColor": [0.0, 0.0, 0.0]}, "circle_qtrd_thick_ctrl1Shape3": {"overrideRGBColors": true, "knots": [-0.125, -0.0625, 0.0, 0.0625, 0.125, 0.1875, 0.2350435555, 0.25, 0.2624999997, 0.2668747839, 0.2679684806, 0.4375, 0.5, 0.5625, 0.625, 0.6875, 0.7366036946, 0.7369530006, 0.7401559125, 0.75, 0.7600163858, 0.7634234614, 0.7634234614, 0.8125, 0.875, 0.9375000000000001, 1.0, 1.0625, 1.125], "degree": 3, "form": 3, "overrideColorRGB": [0.15999996662139893, 0.2999999225139618, 0.875], "cvs": [[-0.5911621346886318, 0.06038383642182758, 0.8128922126485486, 1.0], [-0.4135464710865717, 0.06038383642182759, 0.9092198881605853, 1.0], [-0.28238635846399274, 0.06038383642182758, 0.9585233746105271, 1.0], [-0.18974292918632732, 0.06038383642182757, 0.9803166930443405, 1.0], [-0.10548469798647658, 0.06221433350427075, 0.9941796875607724, 1.0], [-0.059960031995405914, 0.06296775121983851, 0.9976269893078745, 1.0], [-0.036822954292886005, 3.1653687603357324e-19, 0.9997274524335897, 1.0], [-0.058730733195352956, -0.06177667478078885, 0.9979952351816365, 1.0], [-0.10226595773480111, -0.06295011811886776, 0.9949681892936598, 1.0], [-0.19058743347440035, -0.06038383642182757, 0.9817117305956276, 1.0], [-0.2832799374513235, -0.06038383642182758, 0.9599994787108579, 1.0], [-0.4135464710865717, -0.06038383642182759, 0.9107359497092363, 1.0], [-0.5911621346886313, -0.06038383642182758, 0.8146177174215382, 1.0], [-0.7687588101761562, -0.06038383642182757, 0.6569357539520813, 1.0], [-0.926926668754876, -0.060383836421827555, 0.4157686656359411, 1.0], [-0.9874982140098252, -0.060383836421827534, 0.18546476975878404, 1.0], [-0.9969515206209939, -0.057527161599294045, 0.07577261223694821, 1.0], [-0.9990381196831473, -0.05674781314775921, 0.04366066122277574, 1.0], [-1.0006022611125074, 0.0, 0.04018152350876793, 1.0], [-0.9989966543796539, 0.0587049852215355, 0.04378486231489523, 1.0], [-0.9968563004385186, 0.059065561130070915, 0.07581275651463593, 1.0], [-0.9872922857531354, 0.06038383642182754, 0.18463161178071336, 1.0], [-0.9268948030483269, 0.060383836421827555, 0.4141372616951508, 1.0], [-0.7687588101761552, 0.06038383642182757, 0.655305012629223, 1.0], [-0.5911621346886318, 0.06038383642182758, 0.8128922126485486, 1.0], [-0.4135464710865717, 0.06038383642182759, 0.9092198881605853, 1.0], [-0.28238635846399274, 0.06038383642182758, 0.9585233746105271, 1.0]], "overrideEnabled": true, "useOutlinerColor": false, "outlinerColor": [0.0, 0.0, 0.0]}, "circle_qtrd_thick_ctrl1Shape2": {"overrideRGBColors": true, "knots": [-0.125, -0.0625, 0.0, 0.0625, 0.125, 0.1875, 0.2350435555, 0.25, 0.2624999997, 0.2668747839, 0.2679684806, 0.4375, 0.5, 0.5625, 0.625, 0.6875, 0.7366036946, 0.7369530006, 0.7401559125, 0.75, 0.7600163858, 0.7634234614, 0.7634234614, 0.8125, 0.875, 0.9375000000000001, 1.0, 1.0625, 1.125], "degree": 3, "form": 3, "overrideColorRGB": [0.15999996662139893, 0.2999999225139618, 0.875],