{
    "circle_half_thickShape": {
        "overrideRGBColors": false,
        "knots": [
            -0.125,
            -0.0625,
            0.0,
            0.0625,
            0.125,
            0.1875,
            0.2317762539,
            0.2317762539,
            0.2350435555,
            0.25,
            0.2624999997,
            0.2668747839,
            0.2679684806,
            0.3125,
            0.375,
            0.4375,
            0.5,
            0.5625,
            0.625,
            0.6875,
            0.7366036946,
            0.7369530006,
            0.7401559125,
            0.75,
            0.7600163858,
            0.7634234614,
            0.7634234614,
            0.8125,
            0.875,
            0.9375000000000001,
            1.0,
            1.0625,
            1.125
        ],
        "degree": 3,
        "form": 3,
        "overrideColorRGB": [
            0.0,
            0.0,
            0.0
        ],
        "cvs": [
            [
                0.39188745264935354,
                0.06000000000000005,
                0.9443761370103149,
                1.0
            ],
            [
                -1.6547430836345983e-16,
                0.06000000000000006,
                1.0253170110569731,
                1.0
            ],
            [
                -0.3918874526493524,
                0.06000000000000005,
                0.9443761370103149,
                1.0
            ],
            [
                -0.7260815917852713,
                0.06000000000000004,
                0.7244482718687165,
                1.0
            ],
            [
                -0.9247156848949486,
                0.060000000000000026,
                0.4226943091086465,
                1.0
            ],
            [
                -0.9822556361896005,
                0.06000000000000001,
                0.20432270288614673,
                1.0
            ],
            [
                -0.9939546507978635,
                0.06181886132870637,
                0.1019776078679425,
                1.0
            ],
            [
                -0.9980451825009723,
                0.06256748986264504,
                -0.0006199450697966097,
                1.0
            ],
            [
                -1.0012109573788632,
                3.1452477496360426e-19,
                -0.023635465471853093,
                1.0
            ],
            [
                -0.9984697562445745,
                -0.06138398463048748,
                -0.0018309437071195173,
                1.0
            ],
            [
                -0.9948908259929301,
                -0.06254996884839789,
                0.0987986772624308,
                1.0
            ],
            [
                -0.9831180815164613,
                -0.060000000000000005,
                0.2027055672287591,
                1.0
            ],
            [
                -0.9250152214804216,
                -0.060000000000000026,
                0.4239177935373164,
                1.0
            ],
            [
                -0.7260815917852698,
                -0.06000000000000004,
                0.7260790131915736,
                1.0
            ],
            [
                -0.3918874526493536,
                -0.06000000000000005,
                0.9461016417833056,
                1.0
            ],
            [
                -1.8119015146894454e-16,
                -0.06000000000000006,
                1.0268330726056243,
                1.0
            ],
            [
                0.39188745264935315,
                -0.06000000000000005,
                0.9461016417833045,
                1.0
            ],
            [
                0.7260815917852709,
                -0.06000000000000004,
                0.7260790131915749,
                1.0
            ],
            [
                0.9303803560073647,
                -0.060000000000000026,
                0.41576866563594017,
                1.0
            ],
            [
                0.9874982140098254,
                -0.060000000000000005,
                0.18546476975878304,
                1.0
            ],
            [
                0.996951520620994,
                -0.05716148394158588,
                0.0757726122369472,
                1.0
            ],
            [
                0.9990381196831473,
                -0.056387089503222784,
                -0.015382237946889955,
                1.0
            ],
            [
                1.0006022611125074,
                0.0,
                -0.018861375660897767,
                1.0
            ],
            [
                0.9989966543796539,
                0.05833182059990628,
                -0.015258036854770465,
                1.0
            ],
            [
                0.9968563004385187,
                0.05869010446847321,
                0.07581275651463491,
                1.0
            ],
            [
                0.9872922857531357,
                0.06000000000000001,
                0.18463161178071236,
                1.0
            ],
            [
                0.9303484903008157,
                0.060000000000000026,
                0.41413726169514986,
                1.0
            ],
            [
                0.7260815917852699,
                0.06000000000000004,
                0.7244482718687166,
                1.0
            ],
            [
                0.39188745264935354,
                0.06000000000000005,
                0.9443761370103149,
                1.0
            ],
            [
                -1.6547430836345983e-16,
                0.06000000000000006,
                1.0253170110569731,
                1.0
            ],
            [
                -0.3918874526493524,
                0.06000000000000005,
                0.9443761370103149,
                1.0
            ]
        ],
        "overrideEnabled": false,
        "useOutlinerColor": false,
        "outlinerColor": [
            0.0,
            0.0,
            0.0
        ]
    }
}