{"newControl_ctrl1Shape1": {"overrideRGBColors": true, "knots": [-0.125, -0.0625, 0.0, 0.0625, 0.125, 0.1875, 0.2350435555, 0.25, 0.2624999997, 0.2668747839, 0.2679684806, 0.4375, 0.5, 0.5625, 0.625, 0.6875, 0.7366036946, 0.7369530006, 0.7401559125, 0.75, 0.7600163858, 0.7634234614, 0.7634234614, 0.8125, 0.875, 0.9375000000000001, 1.0, 1.0625, 1.125], "degree": 3, "form": 3, "overrideColorRGB": [0.8275706768035889, 0.31854677200317383, 1.0], "cvs": [[0.8128922126485485, 0.06038383642182758, 0.5911621346886321, 1.0], [0.9092198881605853, 0.06038383642182759, 0.41354647108657216, 1.0], [0.9585233746105272, 0.06038383642182758, 0.28238635846399324, 1.0], [0.9803166930443405, 0.06038383642182757, 0.1897429291863278, 1.0], [0.9941796875607725, 0.06221433350427075, 0.10548469798647703, 1.0], [0.9976269893078746, 0.06296775121983851, 0.05996003199540645, 1.0], [0.9997274524335897, 3.1653687603357324e-19, 0.03682295429288651, 1.0], [0.9979952351816366, -0.06177667478078885, 0.05873073319535338, 1.0], [0.9949681892936599, -0.06295011811886776, 0.10226595773480157, 1.0], [0.9817117305956276, -0.06038383642182757, 0.19058743347440088, 1.0], [0.9599994787108579, -0.06038383642182758, 0.283279937451324, 1.0], [0.9107359497092362, -0.06038383642182759, 0.41354647108657205, 1.0], [0.8146177174215381, -0.06038383642182758, 0.5911621346886318, 1.0], [0.656935753952081, -0.06038383642182757, 0.7687588101761567, 1.0], [0.4157686656359408, -0.060383836421827555, 0.9269266687548763, 1.0], [0.18546476975878368, -0.060383836421827534, 0.9874982140098254, 1.0], [0.07577261223694776, -0.057527161599294045, 0.996951520620994, 1.0], [0.04366066122277534, -0.05674781314775921, 0.9990381196831473, 1.0], [0.040181523508767414, 0.0, 1.0006022611125074, 1.0], [0.0437848623148947, 0.0587049852215355, 0.998996654379654, 1.0], [0.07581275651463543, 0.059065561130070915, 0.9968563004385187, 1.0], [0.1846316117807129, 0.06038383642182754, 0.9872922857531357, 1.0], [0.41413726169515047, 0.060383836421827555, 0.9268948030483273, 1.0], [0.6553050126292227, 0.06038383642182757, 0.7687588101761557, 1.0], [0.8128922126485485, 0.06038383642182758, 0.5911621346886321, 1.0], [0.9092198881605853, 0.06038383642182759, 0.41354647108657216, 1.0], [0.9585233746105272, 0.06038383642182758, 0.28238635846399324, 1.0]], "overrideEnabled": true, "useOutlinerColor": false, "outlinerColor": [0.0, 0.0, 0.0]}, "newControl_ctrl1Shape0": {"overrideRGBColors": true, "knots": [-0.125, -0.0625, 0.0, 0.0625, 0.125, 0.1875, 0.2350435555, 0.25, 0.2624999997, 0.2668747839, 0.2679684806, 0.4375, 0.5, 0.5625, 0.625, 0.6875, 0.7366036946, 0.7369530006, 0.7401559125, 0.75, 0.7600163858, 0.7634234614, 0.7634234614, 0.8125, 0.875, 0.9375000000000001, 1.0, 1.0625, 1.125], "degree": 3, "form": 3, "overrideColorRGB": [0.8275706768035889, 0.31854677200317383, 1.0], "cvs": [[-0.5911621346886321, 0.06038383642182758, 0.8128922126485488, 1.0], [-0.41354647108657205, 0.06038383642182759, 0.9092198881605855, 1.0], [-0.28238635846399307, 0.06038383642182758, 0.9585233746105275, 1.0], [-0.18974292918632768, 0.06038383642182757, 0.9803166930443408, 1.0], [-0.10548469798647686, 0.06221433350427075, 0.9941796875607729, 1.0], [-0.05996003199540628, 0.06296775121983851, 0.9976269893078749, 1.0], [-0.036822954292886345, 3.1653687603357324e-19, 0.99972745243359, 1.0], [-0.05873073319535321, -0.06177667478078885, 0.9979952351816368, 1.0], [-0.1022659577348014, -0.06295011811886776, 0.9949681892936604, 1.0], [-0.19058743347440066, -0.06038383642182757, 0.9817117305956279, 1.0], [-0.2832799374513239, -0.06038383642182758, 0.9599994787108581, 1.0], [-0.41354647108657194, -0.06038383642182759, 0.9107359497092365, 1.0], [-0.5911621346886317, -0.06038383642182758, 0.8146177174215383, 1.0], [-0.7687588101761567, -0.06038383642182757, 0.6569357539520813, 1.0], [-0.9269266687548764, -0.060383836421827555, 0.4157686656359411, 1.0], [-0.9874982140098256, -0.060383836421827534, 0.18546476975878395, 1.0], [-0.9969515206209942, -0.057527161599294045, 0.07577261223694803, 1.0], [-0.9990381196831475, -0.05674781314775921, 0.043660661222775454, 1.0], [-1.0006022611125076, 0.0, 0.040181523508767636, 1.0], [-0.9989966543796541, 0.0587049852215355, 0.04378486231489492, 1.0], [-0.9968563004385189, 0.059065561130070915, 0.0758127565146357, 1.0], [-0.9872922857531358, 0.06038383642182754, 0.1846316117807132, 1.0], [-0.9268948030483274, 0.060383836421827555, 0.4141372616951508, 1.0], [-0.7687588101761558, 0.06038383642182757, 0.655305012629223, 1.0], [-0.5911621346886321, 0.06038383642182758, 0.8128922126485488, 1.0], [-0.41354647108657205, 0.06038383642182759, 0.9092198881605855, 1.0], [-0.28238635846399307, 0.06038383642182758, 0.9585233746105275, 1.0]], "overrideEnabled": true, "useOutlinerColor": false, "outlinerColor": [0.0, 0.0, 0.0]}}