{"circle_pin_pickShape1": {"overrideRGBColors": true, "knots": [0.0, 1.0], "degree": 1, "form": 1, "overrideColorRGB": [0.15999996662139893, 0.2999999225139618, 0.875], "cvs": [[-9.91596926270519e-08, 0.4019301288214381, -1.4019301288214376, 1.0], [0.0, -6.199445838085042e-17, -0.9999999999999999, 1.0]], "overrideEnabled": true, "useOutlinerColor": false, "outlinerColor": [0.0, 0.0, 0.0, 1.0]}, "circle_pin_pickShape2": {"overrideRGBColors": true, "knots": [-2.0, -1.0, 0.0, 1.0, 2.0, 3.0, 4.0, 5.0, 6.0, 7.0, 8.0, 9.0, 10.0], "degree": 3, "form": 3, "overrideColorRGB": [0.15999996662139893, 0.2999999225139618, 0.875], "cvs": [[0.783611624891225, -4.74007827581017e-16, -0.7836116248912239, 1.0], [-1.264317060782932e-16, 6.785732323110925e-17, -1.1081941875543881, 1.0], [-0.7836116248912243, 5.699725744007859e-16, -0.7836116248912244, 1.0], [-1.108194187554388, 7.382056216671904e-16, -4.3214925318623865e-16, 1.0], [-0.7836116248912245, 4.740078275810166e-16, 0.7836116248912239, 1.0], [-3.33920536359052e-16, -6.78573232311089e-17, 1.1081941875543881, 1.0], [0.7836116248912238, -5.699725744007856e-16, 0.7836116248912243, 1.0], [1.108194187554388, -7.382056216671904e-16, 4.841909574655429e-16, 1.0], [0.783611624891225, -4.74007827581017e-16, -0.7836116248912239, 1.0], [-1.264317060782932e-16, 6.785732323110925e-17, -1.1081941875543881, 1.0], [-0.7836116248912243, 5.699725744007859e-16, -0.7836116248912244, 1.0]], "overrideEnabled": true, "useOutlinerColor": false, "outlinerColor": [0.0, 0.0, 0.0, 1.0]}, "circle_pin_pickShape": {"overrideRGBColors": true, "knots": [-2.0, -1.0, 0.0, 1.0, 2.0, 3.0, 4.0, 5.0, 6.0, 7.0, 8.0, 9.0, 10.0], "degree": 3, "form": 3, "overrideColorRGB": [0.15999996662139893, 0.2999999225139618, 0.875], "cvs": [[-3.4660472695730143e-07, 0.3854466408162098, -1.4226507728999775, 1.0], [-3.46604726945119e-07, 0.40098879879199734, -1.4009887987919962, 1.0], [-3.466047269310149e-07, 0.4226507728999786, -1.3854466408162087, 1.0], [-3.4660472688135127e-07, 0.525954717454539, -1.4009887987919962, 1.0], [-3.4660472686485334e-07, 0.5823178606536161, -1.4634717581232672, 1.0], [-3.466047269058774e-07, 0.5259547174545391, -1.525954717454538, 1.0], [-3.466047269488231e-07, 0.4634717581232685, -1.5823178606536148, 1.0], [-3.466047269696448e-07, 0.40098879879199756, -1.525954717454538, 1.0], [-3.4660472695730143e-07, 0.3854466408162098, -1.4226507728999775, 1.0], [-3.46604726945119e-07, 0.40098879879199734, -1.4009887987919962, 1.0], [-3.466047269310149e-07, 0.4226507728999786, -1.3854466408162087, 1.0]], "overrideEnabled": true, "useOutlinerColor": false, "outlinerColor": [0.0, 0.0, 0.0, 1.0]}}