{"newControl_ctrlShape0": {"overrideEnabled": true, "overrideColorRGB": [0.15999996662139893, 0.2999999225139618, 0.875], "overrideRGBColors": true, "useOutlinerColor": false, "outlinerColor": [0.0, 0.0, 0.0], "knots": [-2.0, -1.0, 0.0, 1.0, 2.0, 3.0, 4.0, 5.0, 6.0, 7.0, 8.0, 9.0, 10.0], "cvs": [[0.783611624891225, -4.74007827581017e-16, -0.7836116248912239, 1.0], [-1.264317060782932e-16, 6.785732323110925e-17, -1.1081941875543881, 1.0], [-0.7836116248912243, 5.699725744007859e-16, -0.7836116248912244, 1.0], [-1.108194187554388, 7.382056216671904e-16, -4.3214925318623865e-16, 1.0], [-0.7836116248912245, 4.740078275810166e-16, 0.7836116248912239, 1.0], [-3.33920536359052e-16, -6.78573232311089e-17, 1.1081941875543881, 1.0], [0.7836116248912238, -5.699725744007856e-16, 0.7836116248912243, 1.0], [1.108194187554388, -7.382056216671904e-16, 4.841909574655429e-16, 1.0], [0.783611624891225, -4.74007827581017e-16, -0.7836116248912239, 1.0], [-1.264317060782932e-16, 6.785732323110925e-17, -1.1081941875543881, 1.0], [-0.7836116248912243, 5.699725744007859e-16, -0.7836116248912244, 1.0]], "degree": 3, "form": 3}, "newControl_ctrlShape1": {"overrideEnabled": true, "overrideColorRGB": [0.15999996662139893, 0.2999999225139618, 0.875], "overrideRGBColors": true, "useOutlinerColor": false, "outlinerColor": [0.0, 0.0, 0.0], "knots": [0.0, 0.0, 0.0, 1.0, 2.0, 3.0, 4.0, 5.0, 6.0, 7.0, 8.0, 9.0, 10.0, 11.0, 12.0, 13.0, 13.0, 13.0], "cvs": [[0.04768232405349661, 0.03941920473760286, 0.9999999548240242, 1.0], [0.05093853187615009, 0.030911823305561838, 0.9999999532720618, 1.0], [0.04690286226710518, 0.024694360181918285, 0.9999999528027914, 1.0], [0.04218087221583581, 0.022893732770583063, 0.9999999535039087, 1.0], [0.03552816467149153, 0.022828557527805646, 0.9999999544916973, 1.0], [-0.034967649779935446, 0.02213791502228705, 0.9999999649588582, 1.0], [-0.04162035732427924, 0.022072739779510152, 0.9999999659466469, 1.0], [-0.04634234737554873, 0.02378084641011611, 0.9999999666477641, 1.0], [-0.05058410962509575, 0.030105087232717605, 0.9999999683460609, 1.0], [-0.04753399444294408, 0.038662580555496116, 0.9999999689616655, 1.0], [-0.008557827955414023, 0.1162979214857284, 0.9999999709849506, 1.0], [-0.004201427039429268, 0.12070229536303516, 0.999999970551218, 1.0], [0.0001617627288766314, 0.12250941897859077, 0.9999999700306459, 1.0], [0.004567351523230271, 0.1208067755922093, 0.9999999689677274, 1.0], [0.008979729169905758, 0.1165068819440769, 0.9999999678179694, 1.0], [0.04768232405349661, 0.03941920473760286, 0.9999999548240242, 1.0]], "degree": 3, "form": 1}}