{
    "curveShape4":{
        "knots":[
            -2.0,
            -1.0,
            0.0,
            1.0,
            2.0,
            3.0,
            4.0,
            5.0,
            6.0,
            7.0,
            8.0,
            9.0,
            10.0
        ],
        "degree":3,
        "form":3,
        "overrideColorRGB":[
            0.0,
            0.0,
            0.0
        ],
        "cvs":[
            [
                0.783611624891225,
                -4.74007827581017e-16,
                -0.7836116248912239
            ],
            [
                -1.264317060782932e-16,
                6.785732323110925e-17,
                -1.1081941875543881
            ],
            [
                -0.7836116248912243,
                5.699725744007859e-16,
                -0.7836116248912244
            ],
            [
                -1.108194187554388,
                7.382056216671904e-16,
                -4.3214925318623865e-16
            ],
            [
                -0.7836116248912245,
                4.740078275810166e-16,
                0.7836116248912239
            ],
            [
                -3.33920536359052e-16,
                -6.78573232311089e-17,
                1.1081941875543881
            ],
            [
                0.7836116248912238,
                -5.699725744007856e-16,
                0.7836116248912243
            ],
            [
                1.108194187554388,
                -7.382056216671904e-16,
                4.841909574655429e-16
            ],
            [
                0.783611624891225,
                -4.74007827581017e-16,
                -0.7836116248912239
            ],
            [
                -1.264317060782932e-16,
                6.785732323110925e-17,
                -1.1081941875543881
            ],
            [
                -0.7836116248912243,
                5.699725744007859e-16,
                -0.7836116248912244
            ]
        ],
        "overrideEnabled":false
    }
}