{"circle_qtrd_thick_ctrl1Shape1": {"overrideRGBColors": true, "knots": [-0.125, -0.0625, 0.0, 0.0625, 0.125, 0.1875, 0.2317762539, 0.2317762539, 0.2350435555, 0.25, 0.2624999997, 0.2668747839, 0.2679684806, 0.3125, 0.375, 0.4375, 0.5, 0.5625, 0.625, 0.6875, 0.7366036946, 0.7369530006, 0.7401559125, 0.75, 0.7600163858, 0.7634234614, 0.7634234614, 0.8125, 0.875, 0.9375000000000001, 1.0, 1.0625, 1.125], "degree": 3, "form": 3, "overrideColorRGB": [0.15999996662139893, 0.2999999225139618, 0.875], "cvs": [[0.39188745264935354, 0.06006473605807294, -0.9443761370103149, 1.0], [-1.6547430836345983e-16, 0.06006473605807295, -1.0253170110569731, 1.0], [-0.3918874526493524, 0.06006473605807294, -0.9443761370103149, 1.0], [-0.7260815917852713, 0.06006473605807293, -0.7244482718687165, 1.0], [-0.9247156848949486, 0.060064736058072915, -0.4226943091086465, 1.0], [-0.9822556361896005, 0.0600647360580729, -0.20432270288614673, 1.0], [-0.9939546507978635, 0.06188555981865594, -0.1019776078679425, 1.0], [-0.9980451825009723, 0.06263499607359875, -0.05842295409986807, 1.0], [-1.0012109573788632, 3.148641265318943e-19, -0.03540743369781159, 1.0], [-0.9984697562445745, -0.06145021391705055, -0.057211955462545164, 1.0], [-0.9948908259929301, -0.06261745615532834, -0.0987986772624308, 1.0], [-0.9831180815164613, -0.060064736058072894, -0.2027055672287591, 1.0], [-0.9250152214804216, -0.060064736058072915, -0.4239177935373164, 1.0], [-0.7260815917852698, -0.06006473605807293, -0.7260790131915736, 1.0], [-0.3918874526493536, -0.06006473605807294, -0.9461016417833056, 1.0], [-1.8119015146894454e-16, -0.06006473605807295, -1.0268330726056243, 1.0], [0.39188745264935315, -0.06006473605807294, -0.9461016417833045, 1.0], [0.7260815917852709, -0.06006473605807293, -0.7260790131915749, 1.0], [0.9303803560073647, -0.060064736058072915, -0.41576866563594017, 1.0], [0.9874982140098254, -0.060064736058072894, -0.18546476975878304, 1.0], [0.996951520620994, -0.05722315742731879, -0.0757726122369472, 1.0], [0.9990381196831473, -0.05644792746823348, -0.043660661222774726, 1.0], [1.0006022611125074, 0.0, -0.040181523508766914, 1.0], [0.9989966543796539, 0.05839475680200382, -0.043784862314894216, 1.0], [0.9968563004385187, 0.05875342723532612, -0.07581275651463491, 1.0], [0.9872922857531357, 0.0600647360580729, -0.18463161178071236, 1.0], [0.9303484903008157, 0.060064736058072915, -0.41413726169514986, 1.0], [0.7260815917852699, 0.06006473605807293, -0.7244482718687166, 1.0], [0.39188745264935354, 0.06006473605807294, -0.9443761370103149, 1.0], [-1.6547430836345983e-16, 0.06006473605807295, -1.0253170110569731, 1.0], [-0.3918874526493524, 0.06006473605807294, -0.9443761370103149, 1.0]], "overrideEnabled": true, "useOutlinerColor": false, "outlinerColor": [0.0, 0.0, 0.0]}, "circle_qtrd_thick_ctrl1Shape0": {"overrideRGBColors": true, "knots": [-0.125, -0.0625, 0.0, 0.0625, 0.125, 0.1875, 0.2317762539, 0.2317762539, 0.2350435555, 0.25, 0.2624999997, 0.2668747839, 0.2679684806, 0.3125, 0.375, 0.4375, 0.5, 0.5625, 0.625, 0.6875, 0.7366036946, 0.7369530006, 0.7401559125, 0.75, 0.7600163858, 0.7634234614, 0.7634234614, 0.8125, 0.875, 0.9375000000000001, 1.0, 1.0625, 1.125], "degree": 3, "form": 3, "overrideColorRGB": [0.15999996662139893, 0.2999999225139618, 0.875], "cvs": [[0.39188745264935354, 0.06006473605807294, 0.9443761370103149, 1.0], [-1.6547430836345983e-16, 0.06006473605807295, 1.0253170110569731, 1.0], [-0.3918874526493524, 0.06006473605807294, 0.9443761370103149, 1.0], [-0.7260815917852713, 0.06006473605807293, 0.7244482718687165, 1.0], [-0.9247156848949486, 0.060064736058072915, 0.4226943091086465, 1.0], [-0.9822556361896005, 0.0600647360580729, 0.20432270288614673, 1.0], [-0.9939546507978635, 0.06188555981865594, 0.1019776078679425, 1.0], [-0.9980451825009723, 0.06263499607359875, 0.05842295409986807, 1.0], [-1.0012109573788632, 3.148641265318943e-19, 0.03540743369781159, 1.0], [-0.9984697562445745, -0.06145021391705055, 0.057211955462545164, 1.0], [-0.9948908259929301, -0.06261745615532834, 0.0987986772624308, 1.0], [-0.9831180815164613, -0.060064736058072894, 0.2027055672287591, 1.0], [-0.9250152214804216, -0.060064736058072915, 0.4239177935373164, 1.0], [-0.7260815917852698, -0.06006473605807293, 0.7260790131915736, 1.0], [-0.3918874526493536, -0.06006473605807294, 0.9461016417833056, 1.0], [-1.8119015146894454e-16, -0.06006473605807295, 1.0268330726056243, 1.0], [0.39188745264935315, -0.06006473605807294, 0.9461016417833045, 1.0], [0.7260815917852709, -0.06006473605807293, 0.7260790131915749, 1.0], [0.9303803560073647, -0.060064736058072915, 0.41576866563594017, 1.0], [0.9874982140098254, -0.060064736058072894, 0.18546476975878304, 1.0], [0.996951520620994, -0.05722315742731879, 0.0757726122369472, 1.0], [0.9990381196831473, -0.05644792746823348, 0.043660661222774726, 1.0], [1.0006022611125074, 0.0, 0.040181523508766914, 1.0], [0.9989966543796539, 0.05839475680200382, 0.043784862314894216, 1.0], [0.9968563004385187, 0.05875342723532612, 0.07581275651463491, 1.0], [0.9872922857531357, 0.0600647360580729, 0.18463161178071236, 1.0], [0.9303484903008157, 0.060064736058072915, 0.41413726169514986, 1.0], [0.7260815917852699, 0.06006473605807293, 0.7244482718687166, 1.0], [0.39188745264935354, 0.06006473605807294, 0.9443761370103149, 1.0], [-1.6547430836345983e-16, 0.06006473605807295, 1.0253170110569731, 1.0], [-0.3918874526493524, 0.06006473605807294, 0.9443761370103149, 1.0]], "overrideEnabled": true, "useOutlinerColor": false, "outlinerColor": [0.0, 0.0, 0.0]}}