{"newControl_ctrl1Shape1": {"overrideRGBColors": true, "knots": [-0.125, -0.0625, 0.0, 0.0625, 0.125, 0.1875, 0.2350435555, 0.25, 0.2624999997, 0.2668747839, 0.2679684806, 0.4375, 0.5, 0.5625, 0.625, 0.6875, 0.7366036946, 0.7369530006, 0.7401559125, 0.75, 0.7600163858, 0.7634234614, 0.7634234614, 0.8125, 0.875, 0.9375000000000001, 1.0, 1.0625, 1.125], "degree": 3, "form": 3, "overrideColorRGB": [0.8275706768035889, 0.31854677200317383, 1.0], "cvs": [[0.15678684171847856, 0.06038383642182758, 0.9928163501565725, 1.0], [0.35049403446694233, 0.06038383642182759, 0.9353370625491059, 1.0], [0.4781010691284521, 0.06038383642182758, 0.877455687097382, 1.0], [0.559020069452173, 0.06038383642182757, 0.8273570932718757, 1.0], [0.6284022535344923, 0.06221433350427075, 0.7775801440497982, 1.0], [0.6630306640102032, 0.06296775121983851, 0.7478269544584318, 1.0], [0.6808763002703205, 3.1653687603357324e-19, 0.7329518216379654, 1.0], [0.6641602986823061, -0.06177667478078885, 0.7472180980952908, 1.0], [0.6312358015156322, -0.06295011811886776, 0.7758617059132625, 1.0], [0.5594093552558603, -0.06038383642182757, 0.8289406884932382, 1.0], [0.4785129765860659, -0.06038383642182758, 0.8791313060779306, 1.0], [0.35156605186868967, -0.06038383642182759, 0.9364090799508531, 1.0], [0.15800695784442947, -0.06038383642182758, 0.994036466282523, 1.0], [-0.07907084134904863, -0.06038383642182757, 1.008118294195876, 1.0], [-0.36144329026317384, -0.060383836421827555, 0.9494289760152856, 1.0], [-0.5671232871683145, -0.060383836421827534, 0.8294100799035896, 1.0], [-0.6513718528043806, -0.057527161599294045, 0.7585305086863094, 1.0], [-0.6755538794700983, -0.05674781314775921, 0.7372993787135239, 1.0], [-0.6791200163517904, 0.0, 0.7359452718547025, 1.0], [-0.6754367356383457, 0.0587049852215355, 0.7373578817507083, 1.0], [-0.6512761356766676, 0.059065561130070915, 0.7584915641405541, 1.0], [-0.5675668055576648, 0.06038383642182754, 0.8286753349807529, 1.0], [-0.362574334595373, 0.060383836421827555, 0.9482528667687102, 1.0], [-0.08022394959680212, 0.06038383642182757, 1.006965185948121, 1.0], [0.15678684171847856, 0.06038383642182758, 0.9928163501565725, 1.0], [0.35049403446694233, 0.06038383642182759, 0.9353370625491059, 1.0], [0.4781010691284521, 0.06038383642182758, 0.877455687097382, 1.0]], "overrideEnabled": true, "useOutlinerColor": false, "outlinerColor": [0.0, 0.0, 0.0]}, "newControl_ctrl1Shape0": {"overrideRGBColors": true, "knots": [-0.125, -0.0625, 0.0, 0.0625, 0.125, 0.1875, 0.2350435555, 0.25, 0.2624999997, 0.2668747839, 0.2679684806, 0.4375, 0.5, 0.5625, 0.625, 0.6875, 0.7366036946, 0.7369530006, 0.7401559125, 0.75, 0.7600163858, 0.7634234614, 0.7634234614, 0.8125, 0.875, 0.9375000000000001, 1.0, 1.0625, 1.125], "degree": 3, "form": 3, "overrideColorRGB": [0.8275706768035889, 0.31854677200317383, 1.0], "cvs": [[-0.15678684171847956, 0.06038383642182758, -0.9928163501565724, 1.0], [-0.35049403446694327, 0.06038383642182759, -0.9353370625491055, 1.0], [-0.478101069128453, 0.06038383642182758, -0.8774556870973815, 1.0], [-0.5590200694521739, 0.06038383642182757, -0.8273570932718751, 1.0], [-0.6284022535344931, 0.06221433350427075, -0.7775801440497976, 1.0], [-0.6630306640102039, 0.06296775121983851, -0.7478269544584312, 1.0], [-0.6808763002703213, 3.1653687603357324e-19, -0.7329518216379647, 1.0], [-0.6641602986823069, -0.06177667478078885, -0.7472180980952902, 1.0], [-0.631235801515633, -0.06295011811886776, -0.7758617059132619, 1.0], [-0.5594093552558612, -0.06038383642182757, -0.8289406884932377, 1.0], [-0.4785129765860668, -0.06038383642182758, -0.8791313060779301, 1.0], [-0.3515660518686906, -0.06038383642182759, -0.9364090799508528, 1.0], [-0.15800695784443047, -0.06038383642182758, -0.9940364662825228, 1.0], [0.07907084134904761, -0.06038383642182757, -1.008118294195876, 1.0], [0.3614432902631729, -0.060383836421827555, -0.949428976015286, 1.0], [0.5671232871683136, -0.060383836421827534, -0.8294100799035902, 1.0], [0.6513718528043798, -0.057527161599294045, -0.7585305086863101, 1.0], [0.6755538794700975, -0.05674781314775921, -0.7372993787135246, 1.0], [0.6791200163517896, 0.0, -0.7359452718547032, 1.0], [0.6754367356383449, 0.0587049852215355, -0.7373578817507089, 1.0], [0.6512761356766669, 0.059065561130070915, -0.7584915641405547, 1.0], [0.5675668055576639, 0.06038383642182754, -0.8286753349807534, 1.0], [0.3625743345953721, 0.060383836421827555, -0.9482528667687106, 1.0], [0.08022394959680111, 0.06038383642182757, -1.006965185948121, 1.0], [-0.15678684171847956, 0.06038383642182758, -0.9928163501565724, 1.0], [-0.35049403446694327, 0.06038383642182759, -0.9353370625491055, 1.0], [-0.478101069128453, 0.06038383642182758, -0.8774556870973815, 1.0]], "overrideEnabled": true, "useOutlinerColor": false, "outlinerColor": [0.0, 0.0, 0.0]}}