{"cog_8_roundShape": {"overrideRGBColors": true, "knots": [0.0, 1.0, 2.0, 3.0, 4.0, 5.0, 6.0, 7.0, 8.0, 9.0, 10.0, 11.0, 12.0, 13.0, 14.0, 15.0, 16.0, 17.0, 18.0, 19.0, 20.0, 21.0, 22.0, 23.0, 24.0, 25.0, 26.0, 27.0, 28.0, 29.0, 30.0, 31.0, 32.0, 33.0, 34.0, 35.0, 36.0, 37.0, 38.0, 39.0, 40.0, 41.0, 42.0, 43.0, 44.0, 45.0, 46.0, 47.0, 48.0, 49.0, 50.0, 51.0, 52.0, 53.0, 54.0, 55.0, 56.0, 57.0, 58.0, 59.0, 60.0, 61.0, 62.0, 63.0, 64.0, 65.0, 66.0, 67.0, 68.0, 69.0, 70.0, 71.0, 72.0, 73.0, 74.0, 75.0, 76.0, 77.0, 78.0, 79.0, 80.0, 81.0, 82.0, 83.0, 84.0, 85.0, 86.0, 87.0, 88.0, 89.0, 90.0, 91.0, 92.0, 93.0, 94.0, 95.0, 96.0, 97.0, 98.0, 99.0, 100.0, 101.0, 102.0, 103.0, 104.0, 105.0, 106.0, 107.0, 108.0, 109.0, 110.0, 111.0, 112.0, 113.0, 114.0, 115.0, 116.0, 117.0, 118.0, 119.0, 120.0, 121.0, 122.0, 123.0, 124.0, 125.0, 126.0, 127.0, 128.0, 129.0, 130.0, 131.0, 132.0, 133.0, 134.0, 135.0, 136.0, 137.0, 138.0, 139.0, 140.0, 141.0, 142.0, 143.0, 144.0, 145.0, 146.0, 147.0, 148.0, 149.0, 150.0, 151.0, 152.0, 153.0, 154.0, 155.0, 156.0, 157.0, 158.0, 159.0, 160.0, 161.0, 162.0, 163.0, 164.0, 165.0, 166.0, 167.0, 168.0, 169.0, 170.0, 171.0, 172.0, 173.0, 174.0, 175.0, 176.0, 177.0, 178.0, 179.0, 180.0, 181.0, 182.0, 183.0, 184.0, 185.0, 186.0, 187.0, 188.0, 189.0, 190.0, 191.0, 192.0, 193.0, 194.0, 195.0, 196.0, 197.0, 198.0, 199.0, 200.0], "degree": 1, "form": 3, "overrideColorRGB": [0.177204892039299, 0.7068446278572083, 0.6089246869087219], "cvs": [[0.7441044986386478, -4.067764873751805e-16, 0.4712307722253996, 1.0], [0.7316734036815356, -4.036115487677648e-16, 0.44536123891428564, 1.0], [0.7256177444874901, -3.9906349006077757e-16, 0.4199943657772521, 1.0], [0.726506132619142, -3.9219782215516044e-16, 0.39173089147071943, 1.0], [0.7349073819439944, -3.820799606606486e-16, 0.35717135234623537, 1.0], [0.7513903063295504, -3.6777538471444825e-16, 0.312916554495178, 1.0], [0.7697910134747881, -3.539246172576512e-16, 0.27250642588276336, 1.0], [0.7876493412559089, -3.428711866970734e-16, 0.2434315067312201, 1.0], [0.806804173532182, -3.335995746443396e-16, 0.2232187548398445, 1.0], [0.8290934500734712, -3.2509432623854607e-16, 0.2093944536583558, 1.0], [0.8563562570439194, -3.1633982780011105e-16, 0.19948535868117773, 1.0], [0.8904308039532185, -3.0632062446813065e-16, 0.19101802309786037, 1.0], [0.9287996763985538, -2.942277891900652e-16, 0.1780403003743009, 1.0], [0.957552526192516, -2.831442466082124e-16, 0.1597320465559568, 1.0], [0.9778668351300639, -2.7318215447270066e-16, 0.13774696910847978, 1.0], [0.990919478091536, -2.644536387699227e-16, 0.11373803371298824, 1.0], [0.9978878020019755, -2.570708572500069e-16, 0.08935881296521958, 1.0], [0.9999490189165101, -2.511459041356104e-16, 0.06626247485116504, 1.0], [0.9999490189165101, -2.2176425819531374e-16, -0.058493005960572886, 1.0], [0.9978878020019755, -2.1681019542088385e-16, -0.08158934407462742, 1.0], [0.990919478091536, -2.1270968774740208e-16, -0.10596856482239608, 1.0], [0.9778667676951063, -2.1012932892853396e-16, -0.12997756765284524, 1.0], [0.957552593627474, -2.0973577624541593e-16, -0.1519627799702375, 1.0], [0.9287996089635961, -2.1219568697918453e-16, -0.17027089891866637, 1.0], [0.8904307365182609, -2.1817565488350508e-16, -0.1832486216422256, 1.0], [0.8564884295608493, -2.242065082921321e-16, -0.19158371727365547, 1.0], [0.8295168067373937, -2.282934846142814e-16, -0.20120189784367187, 1.0], [0.8075183097333509, -2.302871672380575e-16, -0.21473514974808344, 1.0], [0.7884959871487958, -2.3003794896915163e-16, -0.23481566168757156, 1.0], [0.7704523481041421, -2.27396349668197e-16, -0.26407562236281684, 1.0], [0.7513902388945928, -2.222128256683559e-16, -0.3051471530395435, 1.0], [0.7356018271375389, -2.1613940885412945e-16, -0.3467235018089941, 1.0], [0.7274585165255729, -2.101095718850392e-16, -0.3804697079096542, 1.0], [0.7265105833263448, -2.035689105212836e-16, -0.409189514574384, 1.0], [0.7323083038075033, -1.959628934681189e-16, -0.4356872045157043, 1.0], [0.7444020216716556, -1.8673698943080136e-16, -0.4627669930111784, 1.0], [0.762342080621409, -1.7533673064205833e-16, -0.49323282559853854, 1.0], [0.7803768182516571, -1.6252120685339557e-16, -0.5296132434486087, 1.0], [0.7877375461804723, -1.529578448898919e-16, -0.5628588798588747, 1.0], [0.7864479874859542, -1.4623543143147915e-16, -0.5926920376738682, 1.0], [0.7785317303762862, -1.4194281668556016e-16, -0.6188348848682055, 1.0], [0.7660124979295682, -1.3966878733206658e-16, -0.6410097242864181, 1.0], [0.7509140132238983, -1.3900219357840105e-16, -0.6589385890332067, 1.0], [0.6623470978078085, -1.3900219357840105e-16, -0.747505504449296, 1.0], [0.6445504730129077, -1.3968435156247238e-16, -0.7624056629446132, 1.0], [0.6223491316563519, -1.4199268575032976e-16, -0.7748057378212214, 1.0], [0.5961005464484703, -1.4631954180314154e-16, -0.7826823431758101, 1.0], [0.5661615831849749, -1.5305751949196009e-16, -0.7840116210603649, 1.0], [0.5328894448363652, -1.6259909153289556e-16, -0.7767699158317445, 1.0], [0.4966413343731406, -1.7533673064205833e-16, -0.7589335718468069, 1.0], [0.4663408523018582, -1.8673698943080136e-16, -0.7408281623809758, 1.0], [0.4393073579047886, -1.959628934681189e-16, -0.7286881504184191, 1.0], [0.41277659111675713, -2.035689105212836e-16, -0.7229235067839719, 1.0], [0.38398398841527914, -2.101095718850392e-16, -0.723944236019948, 1.0], [0.3501651211477861, -2.1613940885412945e-16, -0.7321602077987466, 1.0], [0.3085556618141454, -2.222128256683559e-16, -0.7479817301199905, 1.0], [0.26731881433881965, -2.27396349668197e-16, -0.7672091561281389, 1.0], [0.2380125595651701, -2.3003794896915163e-16, -0.7852990892711971, 1.0], [0.21796509075491444, -2.302871672380575e-16, -0.8042883687265194, 1.0], [0.2045046011697722, -2.282934846142814e-16, -0.8262141034112931, 1.0], [0.1949591492015461, -2.242065082921321e-16, -0.8531129976329586, 1.0], [0.18665713041682763, -2.1817565488350508e-16, -0.8870222277436587, 1.0], [0.1736794076932684, -2.1219568697918453e-16, -0.9253911001889936, 1.0], [0.15537128874483952, -2.0973577624541593e-16, -0.9541440848528714, 1.0], [0.13338607642744726, -2.1012932892853396e-16, -0.9744582589205036, 1.0], [0.10937710731447692, -2.1270968774740208e-16, -0.987510935599455, 1.0], [0.08499785284922945, -2.1681019542088385e-16, -0.9944792932273735, 1.0], [0.06190158217013231, -2.2176425819531374e-16, -0.9965404427069501, 1.0], [-0.06285393235908421, -2.511459041356104e-16, -0.9965404764244291, 1.0], [-0.08595025361439945, -2.570708572500069e-16, -0.9944792426511552, 1.0], [-0.11032949122090763, -2.644536387699227e-16, -0.987510935599455, 1.0], [-0.13433839289892013, -2.7318215447270066e-16, -0.9744582589205036, 1.0], [-0.1563235883575731, -2.831442466082124e-16, -0.9541440679941321, 1.0], [-0.17463174102348078, -2.942277891900652e-16, -0.9253911170477334, 1.0], [-0.18760948060577975, -3.0632062446813065e-16, -0.8870222614611373, 1.0], [-0.1960768330478364, -3.1633982780011105e-16, -0.8529477314105776, 1.0], [-0.20598597860123258, -3.2509432623854607e-16, -0.825684975016348, 1.0], [-0.21981017863028485, -3.335995746443396e-16, -0.8033955973226223, 1.0], [-0.2400230485328363, -3.428711866970734e-16, -0.7842408830575247, 1.0], [-0.2690978496732037, -3.539246172576512e-16, -0.7663824372652281, 1.0], [-0.3095079951443578, -3.6777538471444825e-16, -0.7479817469787298, 1.0], [-0.35372971614870385, -3.820643646665073e-16, -0.731531966874843, 1.0], [-0.3882164929539187, -3.9214795309039084e-16, -0.7232034798692599, 1.0], [-0.41640730609361865, -3.989793796891152e-16, -0.7223878203393983, 1.0], [-0.4417411445307893, -4.0351187416569665e-16, -0.7284765310920458, 1.0], [-0.4676568876466106, -4.0669860269568044e-16, -0.7408613150920145, 1.0], [-0.49759364241524395, -4.0949285850955397e-16, -0.7589335634174372, 1.0], [-0.5339740897681079, -4.1381352063393895e-16, -0.7769683305504791, 1.0], [-0.5672197430371133, -4.1990977557400576e-16, -0.7843290753380339, 1.0], [-0.5970528597589296, 