{"cog_8Shape": {"overrideRGBColors": true, "knots": [0.0, 0.0, 0.0, 1.0, 1.0, 1.0, 2.0, 2.0, 2.0, 3.0, 3.0, 3.0, 4.0, 4.0, 4.0, 5.0, 5.0, 5.0, 6.0, 6.0, 6.0, 7.0, 7.0, 7.0, 8.0, 8.0, 8.0, 9.0, 9.0, 9.0, 10.0, 10.0, 10.0, 11.0, 11.0, 11.0, 12.0, 12.0, 12.0, 13.0, 13.0, 13.0, 14.0, 14.0, 14.0, 15.0, 15.0, 15.0, 16.0, 16.0, 16.0, 17.0, 17.0, 17.0, 18.0, 18.0, 18.0, 19.0, 19.0, 19.0, 20.0, 20.0, 20.0, 21.0, 21.0, 21.0, 22.0, 22.0, 22.0, 23.0, 23.0, 23.0, 24.0, 24.0, 24.0, 25.0, 25.0, 25.0, 26.0, 26.0, 26.0, 27.0, 27.0, 27.0, 28.0, 28.0, 28.0, 29.0, 29.0, 29.0, 30.0, 30.0, 30.0, 31.0, 31.0, 31.0, 32.0, 32.0, 32.0, 33.0, 33.0, 33.0, 34.0, 34.0, 34.0, 35.0, 35.0, 35.0, 36.0, 36.0, 36.0], "degree": 3, "form": 1, "overrideColorRGB": [0.15999996662139893, 0.2999999225139618, 0.875], "cvs": [[0.9254581407657997, 0.0, -0.45784786397025395, 1.0], [0.9178188485945888, 0.0, -0.45766975203445415, 1.0], [0.7984062384821606, 0.0, -0.42282090139560174, 1.0], [0.7913497138043833, 0.0, -0.4226563768241867, 1.0], [0.7166815304909747, 0.0, -0.5676299030476727, 1.0], [0.6035331658954929, 0.0, -0.689489733384696, 1.0], [0.46517675248575185, 0.0, -0.7745159608161463, 1.0], [0.4656734850717641, 0.0, -0.7808129084526196, 1.0], [0.5078957576879239, 0.0, -0.8916994612195001, 1.0], [0.5084335132444892, 0.0, -0.898516446205512, 1.0], [0.45222766374603485, 0.0, -0.9303960942086638, 1.0], [0.3927593409172, 0.0, -0.9571024649261328, 1.0], [0.33061076287590074, 0.0, -0.9781046369904803, 1.0], [0.32603342861540474, 0.0, -0.9733081538041766, 1.0], [0.2715643643548437, 0.0, -0.869260773370895, 1.0], [0.2673362144891603, 0.0, -0.8648301924725434, 1.0], [0.18294611122186608, 0.0, -0.8913851187070042, 1.0], [0.09315902156370126, 0.0, -0.9057577341329165, 1.0], [-5.922943813934119e-07, 0.0, -0.9057577341329165, 1.0], [-0.07564487674608615, 0.0, -0.9057577341329165, 1.0], [-0.14905739597382348, 0.0, -0.896249040155846, 1.0], [-0.21918386598112938, 0.0, -0.878486131698616, 1.0], [-0.22314535442146516, 0.0, -0.8831262510911203, 1.0], [-0.2715948917750155, 0.0, -0.9899066445994382, 1.0], [-0.27588354220996797, 0.0, -0.9949299711471762, 1.0], [-0.3391837322994926, 0.0, -0.977409566021506, 1.0], [-0.40004860916008617, 0.0, -0.9541028874419484, 1.0], [-0.45784465792334883, 0.0, -0.9254549347188952, 1.0], [-0.4576867795034563, 0.0, -0.9186700098813267, 1.0], [-0.4217510432930075, 0.0, -0.805933297994782, 1.0], [-0.42160520871290635, 0.0, -0.7996659647811649, 1.0], [-0.5652591030576766, 0.0, -0.722216367059115, 1.0], [-0.6850423492983005, 0.0, -0.6063659555019174, 1.0], [-0.767553694792125, 0.0, -0.4659448038833754, 1.0], [-0.774489392624656, 0.0, -0.4664923416570411, 1.0], [-0.8910111654868587, 0.0, -0.5078503748628636, 1.0], [-0.8985196522524185, 0.0, -0.5084431313852039, 1.0], [-0.9303928881617589, 0.0, -0.4522308697929416, 1.0], [-0.9570992588792286, 0.0, -0.3927625469641048, 1.0], [-0.9781014309435755, 0.0, -0.3306203810166155, 1.0], [-0.9723210574239156, 0.0, -0.3251031856932934, 1.0], [-0.8607706419999038, 0.0, -0.26584428281088024, 1.0], [-0.8554312273690602, 0.0, -0.2607479696867592, 1.0], [-0.8776600354517493, 0.0, -0.1829453645142062, 1.0], [-0.8898186544850947, 0.0, -0.10088534733796906, 1.0], [-0.8898186544850947, 0.0, -0.015945594886002955, 1.0], [-0.8898186544850947, 0.0, 0.06034073667366005, 1.0], [-0.8801820249219362, 0.0, 0.1343775341779524, 1.0], [-0.8621241538634488, 0.0, 0.20503706912729014, 1.0], [-0.8684467673330618, 0.0, 0.2104347912662421, 1.0], [-0.9880819946522752, 0.0, 0.2700355573545953, 1.0], [-0.994926765100272, 0.0, 0.2758790537443018, 1.0], [-0.9774127720684117, 0.0, 0.33918052625258777, 1.0], [-0.9540996813950435, 0.0, 0.4000454031131807, 1.0], [-0.9254581407658002, 0.0, 0.457841451876444, 1.0], [-0.9159381290420965, 0.0, 0.45761945315966374, 1.0], [-0.7845080992924917, 0.0, 0.42005782748147574, 1.0], [-0.7757143267602392, 0.0, 0.4198527640556653, 1.0], [-0.7008506863014174, 0.0, 0.5528133756632946, 1.0], [-0.5929654495669225, 0.0, 0.6646776460428613, 1.0], [-0.46296157150442413, 0.0, 0.7440415392011841, 1.0], [-0.46370443284927276, 0.0, 0.7534541873612663, 1.0], [-0.5076293022319682, 0.0, 0.888326448624106, 1.0], [-0.5084335132444895, 0.0, 0.8985164462055133, 1.0], [-0.4522276637460371, 0.0, 0.930394811789901, 1.0], [-0.39276575301100963, 0.0, 0.9571024649261335, 1.0], [-0.330623587063521, 0.0, 0.9780982248966703, 1.0], [-0.3233975145833652, 0.0, 0.9705284676251952, 1.0], [-0.25200256758794093, 0.0, 0.8463280762900061, 1.0], [-0.2453277399158448, 0.0, 0.839335782004909, 1.0], [-0.16736995361572526, 0.0, 0.8616617263659242, 1.0], [-0.08513106353671544, 0.0, 0.8738665443609114, 1.0], [-5.922943813934119e-07, 0.0, 0.8738665443609114, 1.0], [0.0681487990723708, 0.0, 0.8738665443609114, 1.0], [0.1344170634881341, 0.0, 0.8659475684998525, 1.0], [0.19817518432130987, 0.0, 0.8514410945440501, 1.0], [0.20447081576121107, 0.0, 0.8588158755527702, 1.0], [0.2690666997006806, 0.0, 0.9869461392473551, 1.0], [0.27588225979120634, 0.0, 0.9949299711471762, 1.0], [0.33918373229949034, 0.0, 0.9774082836027446, 1.0], [0.40004860916008456, 0.0, 0.9541028874419477, 1.0], [0.45783824582953786, 0.0, 0.9254549347188952, 1.0], [0.45759886338782335, 0.0, 0.9151681867339619, 1.0], [0.4211428220223265, 0.0, 0.7776226928343752, 1.0], [0.42092170099834575, 0.0, 0.7681206749270999, 1.0], [0.5551664068218893, 0.0, 0.6959010365807523, 1.0], [0.6685694580007843, 0.0, 0.5901314753717394, 1.0], [0.7502930519691638, 0.0, 0.4621413982013565, 1.0], [0.7591465798257544, 0.0, 0.4628399037217526, 1.0], [0.8889349502736312, 0.0, 0.5076741151629544, 1.0], [0.8985196522524178, 0.0, 0.5084303071975846, 1.0], [0.9303916057429956, 0.0, 0.4522244576991316, 1.0], [0.9571056709730386, 0.0, 0.3927561348702942, 1.0], [0.9781014309435742, 0.0, 0.33061396892280553, 1.0], [0.9715132841726772, 0.0, 0.3243257626517944, 1.0], [0.8548013601553511, 0.0, 0.25770790756446627, 1.0], [0.8487157936882314, 0.0, 0.2518994004756073, 1.0], [0.8753690407897754, 0.0, 0.16735885443578505, 1.0], [0.8898186544850947, 0.0, 0.07740355317368952, 1.0], [0.8898186544850947, 0.0, -0.015945594886002955, 1.0], [0.8898186544850947, 0.0, -0.08345293914479741, 1.0], [0.8820441984527633, 0.0, -0.14911350952664598, 1.0], [0.8678042569679764, 0.0, -0.21232316576391042, 1.0], [0.8734957541816462, 0.0, -0.21718177378725248, 1.0], [0.9887652320380014, 0.0, -0.2706204769645838, 1.0], [0.994926765100272, 0.0, -0.2758803361630632, 1.0], [0.9774127720684105, 0.0, -0.33918693834639707, 1.0], [0.9540996813950422, 0.0, -0.4000518152069907, 1.0], [0.9254581407657997, 0.0, -0.45784786397025395, 1.0]], "overrideEnabled": true, "useOutlinerColor": false, "outlinerColor": [0.0, 0.0, 0.0]}}