{"cog_8_sharpShape": {"overrideRGBColors": false, "knots": [0.0, 1.0, 2.0, 3.0, 4.0, 5.0, 6.0, 7.0, 8.0, 9.0, 10.0, 11.0, 12.0, 13.0, 14.0, 15.0, 16.0, 17.0, 18.0, 19.0, 20.0, 21.0, 22.0, 23.0, 24.0, 25.0, 26.0, 27.0, 28.0, 29.0, 30.0, 31.0, 32.0, 33.0, 34.0, 35.0, 36.0, 37.0, 38.0, 39.0, 40.0], "degree": 1, "form": 3, "overrideColorRGB": [0.0, 0.0, 0.0], "cvs": [[0.5430202322367108, -5.491341013889671e-16, 0.8690424714395916, 1.0], [0.8617495026492885, -3.9900377423799615e-16, 0.5503132010270139, 1.0], [0.6993156833582179, -3.9433304398442277e-16, 0.3680473001803184, 1.0], [0.7290637382566985, -3.725363557406397e-16, 0.3052458659357392, 1.0], [0.753145503406417, -3.514068965252326e-16, 0.23961121938182126, 1.0], [1.0001016242255982, -2.9068753028372117e-16, 0.22875081945753392, 1.0], [1.0001016242255982, -1.8459541485443467e-16, -0.22171995735359562, 1.0], [0.7559785808458401, -2.388647734333703e-16, -0.23541343471730614, 1.0], [0.7327821692546812, -2.2885608389784777e-16, -0.30110708685913945, 1.0], [0.7035652995173534, -2.2084914497492387e-16, -0.36432169508904066, 1.0], [0.8707211168456688, -1.385554684020192e-16, -0.546587663370694, 1.0], [0.5529362392970445, -1.385554684020192e-16, -0.8643725409193185, 1.0], [0.3706703721678277, -2.1995944274295164e-16, -0.7009943287642947, 1.0], [0.3078689042057696, -2.277439719897502e-16, -0.7307424173802539, 1.0], [0.2422342913693305, -2.3753025184914744e-16, -0.7548241488124933, 1.0], [0.23137385772756436, -1.8192643521345997e-16, -1.0017803033491535, 1.0], [-0.21862469736347934, -2.877961409666212e-16, -1.0022524407755422, 1.0], [-0.23231823373277805, -3.485155072081326e-16, -0.7581294564013722, 1.0], [-0.29818897007331446, -3.6953376158547713e-16, -0.7347559606115098, 1.0], [-0.36122651096325176, -3.9121924499119756e-16, -0.7057161919316247, 1.0], [-0.5434924455274263, -3.947778951004089e-16, -0.8728719755424618, 1.0], [-0.861749502649288, -5.446857966933868e-16, -0.5546149184206, 1.0], [-0.6993156159232599, -5.493565110650924e-16, -0.3723490175739044, 1.0], [-0.7290636876804797, -5.711532151907432e-16, -0.30954753275310687, 1.0], [-0.7531454696889374, -5.922826744061504e-16, -0.2439129030579284, 1.0], [-1.0001015989374886, -6.530020406476618e-16, -0.23305251156301088, 1.0], [-1.000101615796228, -7.588717265484883e-16, 0.21647380494920773, 1.0], [-0.755978597704579, -7.046023957628212e-16, 0.23016737503598514, 1.0], [-0.73278218611342, -7.146110852983438e-16, 0.29586102717781826, 1.0], [-0.7035653332348315, -7.226180321622015e-16, 0.3590756522664589, 1.0], [-0.8707211505631473, -8.049116928532385e-16, 0.5413415531131546, 1.0], [-0.5524640597238067, -8.049116928532385e-16, 0.8595986439524951, 1.0], [-0.37019812515963224, -7.237301123065636e-16, 0.6971647909439459, 1.0], [-0.30739667405631366, -7.159455751188312e-16, 0.7269128289836868, 1.0], [-0.24176204436113502, -7.061593032003677e-16, 0.7509946109921445, 1.0], [-0.23090165286621755, -7.617631238065221e-16, 0.9979507402406959, 1.0], [0.21956906493932404, -6.556710361705042e-16, 0.9979507992462836, 1.0], [0.2337347555937508, -5.949516540471251e-16, 0.7542999017222839, 1.0], [0.2996054919342874, -5.739333996697805e-16, 0.7309264059324218, 1.0], [0.3626430159654852, -5.522479162640601e-16, 0.7018866203937971, 1.0], [0.5430202322367108, -5.491341013889671e-16, 0.8690424714395916, 1.0]], "overrideEnabled": false, "useOutlinerColor": false, "outlinerColor": [0.0, 0.0, 0.0]}}