{"cog_6_roundShape": {"overrideRGBColors": false, "knots": [0.0, 1.0, 2.0, 3.0, 4.0, 5.0, 6.0, 7.0, 8.0, 9.0, 10.0, 11.0, 12.0, 13.0, 14.0, 15.0, 16.0, 17.0, 18.0, 19.0, 20.0, 21.0, 22.0, 23.0, 24.0, 25.0, 26.0, 27.0, 28.0, 29.0, 30.0, 31.0, 32.0, 33.0, 34.0, 35.0, 36.0, 37.0, 38.0, 39.0, 40.0, 41.0, 42.0, 43.0, 44.0, 45.0, 46.0, 47.0, 48.0, 49.0, 50.0, 51.0, 52.0, 53.0, 54.0, 55.0, 56.0, 57.0, 58.0, 59.0, 60.0, 61.0, 62.0, 63.0, 64.0, 65.0, 66.0, 67.0, 68.0, 69.0, 70.0, 71.0, 72.0, 73.0, 74.0, 75.0, 76.0, 77.0, 78.0, 79.0, 80.0, 81.0, 82.0, 83.0, 84.0, 85.0, 86.0, 87.0, 88.0, 89.0, 90.0, 91.0, 92.0, 93.0, 94.0, 95.0, 96.0, 97.0, 98.0, 99.0, 100.0, 101.0, 102.0, 103.0, 104.0, 105.0, 106.0, 107.0, 108.0, 109.0, 110.0, 111.0, 112.0, 113.0, 114.0, 115.0, 116.0, 117.0, 118.0, 119.0, 120.0, 121.0, 122.0, 123.0], "degree": 1, "form": 3, "overrideColorRGB": [0.0, 0.0, 0.0], "cvs": [[0.180833870628676, -1.323027835974625e-16, -0.9906674176927723, 1.0], [0.1712479774447524, -1.3291731449297823e-16, -0.99407133537353, 1.0], [0.16091998966049098, -1.3391545101686648e-16, -0.996573789725671, 1.0], [0.1499373328346138, -1.3527584815229028e-16, -0.9981983060335575, 1.0], [0.13838719951075884, -1.3697734228482152e-16, -0.998967915213828, 1.0], [-0.14651532873854356, -1.8448645189949947e-16, -0.998748435762729, 1.0], [-0.1757680765209908, -1.9046819634886355e-16, -0.9948995715804565, 1.0], [-0.20021567621184966, -1.9749421400156874e-16, -0.9846560916884279, 1.0], [-0.21954335224326849, -2.051702569545586e-16, -0.9692030675843006, 1.0], [-0.2334363290473955, -2.131020773047768e-16, -0.9497255707657317, 1.0], [-0.2415797599357168, -2.2089536668169715e-16, -0.9274088413018589, 1.0], [-0.29110394232779274, -2.9349112946327423e-16, -0.7043213797783368, 1.0], [-0.3295251667105245, -3.0464822418483064e-16, -0.6878236579256538, 1.0], [-0.3669004214050762, -3.162528991178016e-16, -0.6691703416163925, 1.0], [-0.40312621997822323, -3.2827313673693143e-16, -0.6484126836118098, 1.0], [-0.43809925754425705, -3.4067704045190364e-16, -0.6256016222236391, 1.0], [-0.47171598262997866, -3.5343256250372755e-16, -0.6007884774787979, 1.0], [-0.6891792413821686, -3.698609693720392e-16, -0.66938575466745, 1.0], [-0.7125519562601068, -3.7258720571516815e-16, -0.6734284837886859, 1.0], [-0.7364489829450269, -3.772315609013651e-16, -0.6711240507938714, 1.0], [-0.7596020098994277, -3.8368746101511824e-16, -0.6621096738639971, 1.0], [-0.7807428234223982, -3.918483926083856e-16, -0.646022418033021, 1.0], [-0.798603072424071, -4.016077515319205e-16, -0.6224995834628717, 1.0], [-0.9412445021027409, -4.966260312287462e-16, -0.3754373799951523, 1.0], [-0.9526857499086725, -5.063853901522811e-16, -0.34820853335671337, 1.0], [-0.956047315373992, -5.145463217455484e-16, -0.32185642387366314, 1.0], [-0.9522775040107907, -5.21002236976169e-16, -0.2972980865855188, 1.0], [-0.9423246881831593, -5.256465921623659e-16, -0.27545043790405616, 1.0], [-0.9271372019311409, -5.283728133886275e-16, -0.25723047693115925, 1.0], [-0.758998565185791, -5.448012051400716e-16, -0.10320044836253067, 1.0], [-0.7634620129439245, -5.575567574256305e-16, -0.061555546288339286, 1.0], [-0.7657350259008279, -5.699606309068678e-16, -0.019865221706087288, 1.0], [-0.7657697148183916, -5.819808987597325e-16, 0.0217874880169254, 1.0], [-0.7635179983789274, -5.93585558575836e-16, 0.06331939436932646, 1.0], [-0.7589319646508864, -6.047426684142598e-16, 0.10464742067762564, 1.0], [-0.9273692710532823, -6.773384236374032e-16, 0.2590803318394833, 1.0], [-0.9426243989075006, -6.851317054558899e-16, 0.27729109494157367, 1.0], [-0.9525458752059137, -6.930635106892405e-16, 0.2990614862379497, 1.0], [-0.9562647909762064, -7.007395687590979e-16, 0.32352628468880795, 1.0], [-0.9529121162871486, -7.077655939702368e-16, 0.3498202866817536, 1.0], [-0.94161891116661, -7.13747308185866e-16, 0.37707826287060764, 1.0], [-0.7993577863566877, -7.612564607891357e-16, 0.6239209414394453, 1.0], [-0.7816743006333409, -7.651193545909061e-16, 0.6475226673971028, 1.0], [-0.7606042284882314, -7.662649024357771e-16, 0.663658947668273, 1.0], [-0.7374587323527543, -7.650127920130449e-16, 0.6726810987638787, 1.0], [-0.7135489354850834, -7.616827111005806e-16, 0.6749404601185913, 1.0], [-0.6901860398444201, -7.565943475353058e-16, 0.6707883259337442, 1.0], [-0.4719459834199315, -7.004269821739982e-16, 0.6020641807350177, 1.0], [-0.45555009562056475, -7.012777141233963e-16, 0.6144797302630478, 1.0], [-0.43884281544166437, -7.019579353664094e-16, 0.6264839233676185, 1.0], [-0.4217527449735091, -7.024570036283536e-16, 0.6380810862405224, 1.0], [-0.4042084579395789, -7.027642577384608e-16, 0.6492754959408135, 1.0], [-0.3861385394100735, -7.028690440843969e-16, 0.6600714491806416, 1.0], [-0.3677540889939412, -7.027642577384608e-16, 0.6703224356647154, 1.0], [-0.34928730229615296, -7.024570036283536e-16, 0.6799190290772392, 1.0], [-0.33069882940231504, -7.019579353664094e-16, 0.6889208828186759, 1.0], [-0.311949174519992, -7.012777141233963e-16, 0.6973877607163417, 1.0], [-0.29299904932709064, -7.004269821739982e-16, 0.7053792413041775, 1.0], [-0.24339587671031376, -7.565943475353058e-16, 0.928742746890497, 1.0], [-0.23531032188017187, -7.616827111005806e-16, 0.9510516524202604, 1.0], [-0.2213987591168264, -7.650127920130449e-16, 0.9706284632296325, 1.0], [-0.20201259900351187, -7.662649024357771e-16, 0.9861619753183475, 1.0], [-0.17750317359972828, -7.651193545909061e-16, 0.9963410302265587, 1.0], [-0.14822173648556505, -7.612564607891357e-16, 0.9998545151116076, 1.0], [0.13668097421677697, -7.13747308185866e-16, 0.9996349919638485, 1.0], [0.16593359799996485, -7.077655939702368e-16, 0.9957861610070775, 1.0], [0.1903811500782578, -7.007395687590979e-16, 0.9855426274217947, 1.0], [0.20970892741549652, -6.930635106892405e-16, 0.9700896093983562, 1.0], [0.22360190117927944, -6.851317054558899e-16, 0.9506121632326971, 1.0], [0.23174522245540505, -6.773384236374032e-16, 0.9282953966883207, 1.0], [0.2812695310724272, -6.047426684142598e-16, 0.7052080342449321, 1.0], [0.3193536686077066, -5.93585558575836e-16, 0.6885156428018782, 1.0], [0.3564471734900237, -5.819808987597325e-16, 0.6696997105709332, 1.0], [0.3925020944816399, -5.699606309068678e-16, 0.6488432915321474, 1.0], [0.4274705467958177, -5.575567574256305e-16, 0.6260296876640907, 1.0], [0.4613042874387354, -5.448012051400716e-16, 0.6013417320931078, 1.0], [0.6787675382373071, -5.283728133886275e-16, 0.66993905709799, 1.0], [0.702140299207639, -5.256465921623659e-16, 0.6739818652389358, 1.0], [0.7260373357191063, -5.21002236976169e-16, 0.6716774379174808, 1.0], [0.7491903816819915, -5.145463217455484e-16, 0.6626630195539063, 1.0], [0.7703310591686939, -5.063853901522811e-16, 0.6465756851823541, 1.0], [0.7881913938455786, -4.966260312287462e-16, 0.6230529000768112, 1.0], [0.9308328235242483, -4.016077515319205e-16, 0.375990696609092, 1.0], [0.9422739856549681, -3.918483926083856e-16, 0.3487618005060466, 1.0], [0.9456356871565561, -3.8368746101511824e-16, 0.32240976956357237, 1.0], [0.9418658567848702, -3.772315609013651e-16, 0.29785147370912823, 1.0], [0.9319130311306912, -3.7258720571516815e-16, 0.2760038193543056, 1.0], [0.9167254987862792, -3.698609693720392e-16, 0.2577837793616994, 1.0], [0.7485868699945478, -3.5343256250372755e-16, 0.10375370297684047, 1.0], [0.7530503509781825, -3.4067704045190364e-16, 0.06210892490190874, 1.0], [0.7553233307095845, -3.2827313673693143e-16, 0.020418476320397227, 1.0], [0.7553580135464593, -3.162528991178016e-16, -0.02123413209679542, 1.0], [0.7531063591066252, -3.0464822418483064e-16, -0.06276605506194716, 1.0], [0.7485203026851449, -2.9349112946327423e-16, -0.10409404206405609, 1.0], [0.9169574828625943, -2.2089536668169715e-16, -0.25852705230604733, 1.0], [0.9322127203290079, -2.131020773047768e-16, -0.2767377783276339, 1.0], [0.9421342193208604, -2.051702569545586e-16, -0.2985082089302002, 1.0], [0.9458530141322381, -1.9749421400156874e-16, -0.32297302480846707, 1.0], 