{"cog_8_sharp2Shape": {"overrideRGBColors": true, "knots": [0.0, 1.0, 2.0, 3.0, 4.0, 5.0, 6.0, 7.0, 8.0, 9.0, 10.0, 11.0, 12.0, 13.0, 14.0, 15.0, 16.0, 17.0, 18.0, 19.0, 20.0, 21.0, 22.0, 23.0, 24.0, 25.0, 26.0, 27.0, 28.0, 29.0, 30.0, 31.0, 32.0, 33.0, 34.0, 35.0, 36.0, 37.0, 38.0, 39.0, 40.0, 41.0, 42.0, 43.0, 44.0, 45.0, 46.0, 47.0, 48.0, 49.0, 50.0, 51.0, 52.0, 53.0, 54.0, 55.0, 56.0, 57.0, 58.0, 59.0, 60.0, 61.0, 62.0, 63.0, 64.0, 65.0, 66.0, 67.0, 68.0, 69.0, 70.0, 71.0, 72.0], "degree": 1, "form": 3, "overrideColorRGB": [0.177204892039299, 0.7068446278572083, 0.6089246869087219], "cvs": [[0.6082587995670625, -1.3877787807814447e-16, -0.8011261872817983, 1.0], [0.38780653898782336, -2.1961607676195842e-16, -0.6783366715069604, 1.0], [0.3590932060790246, -2.227228242058978e-16, -0.6938586477464677, 1.0], [0.3298795395021836, -2.262327169810828e-16, -0.7081691886898568, 1.0], [0.3002181385242415, -2.3013959292282215e-16, -0.7212418598337412, 1.0], [0.2701616361296191, -2.3443728986642476e-16, -0.7330501929572566, 1.0], [0.23976269902021508, -2.3911958211972813e-16, -0.7435679558618896, 1.0], [0.209074196202802, -2.4418018046309894e-16, -0.7527689837840847, 1.0], [0.1398568483618461, -2.0331448299975209e-16, -0.9980486464989957, 1.0], [-0.13985688207932423, -2.691909458131503e-16, -0.9980486464989957, 1.0], [-0.20907412876784415, -3.4265992609211624e-16, -0.7527689163491271, 1.0], [-0.23976276645517247, -3.520544638013203e-16, -0.7435680232968473, 1.0], [-0.27016166984709744, -3.616909141202601e-16, -0.7330502266747355, 1.0], [-0.3002181385242413, -3.7155066349991987e-16, -0.7212418598337413, 1.0], [-0.329879573219662, -3.8161513015501917e-16, -0.7081692224073355, 1.0], [-0.3590932060790244, -3.9186566877280655e-16, -0.6938587151814253, 1.0], [-0.3878064378353865, -4.022836975680016e-16, -0.6783366377894816, 1.0], [-0.6082587995670622, -4.252846443166316e-16, -0.8011261872817985, 1.0], [-0.8059547628060326, -5.184049266147513e-16, -0.603430224042828, 1.0], [-0.6831651795962369, -5.414058574815136e-16, -0.3829778960286312, 1.0], [-0.6986872569881807, -5.518238862767087e-16, -0.354264664272269, 1.0], [-0.7129977979315697, -5.620744407763638e-16, -0.3250509976954279, 1.0], [-0.7260704353579754, -5.72138907431463e-16, -0.29538956300000707, 1.0], [-0.7378788021989696, -5.819986568111229e-16, -0.26533309432286334, 1.0], [-0.7483965988210814, -5.916351071300627e-16, -0.23493419093093826, 1.0], [-0.7575974918733612, -6.010296448392667e-16, -0.20424555324360993, 1.0], [-1.0003320831932552, -6.744986330591666e-16, -0.13502828969635083, 1.0], [-1.0003320831932552, -7.403750958725648e-16, 0.14468544074481943, 1.0], [-0.7575974918733612, -6.995093587045485e-16, 0.21390270429207855, 1.0], [-0.7483965988210814, -7.045700205753904e-16, 0.24459134197940685, 1.0], [-0.7378788021989696, -7.09252296946826e-16, 0.274990245371332, 1.0], [-0.7260704353579754, -7.135499780085608e-16, 0.3050467140484756, 1.0], [-0.7129977979315696, -7.17456869832168e-16, 0.3347081487438964, 1.0], [-0.6986872569881806, -7.20966762607353e-16, 0.36392181532073764, 1.0], [-0.6831651795962369, -7.24073462405689e-16, 0.39263504707709984, 1.0], [-0.8059547628060323, -8.049116928532384e-16, 0.6130873750912964, 1.0], [-0.6082587995670617, -8.049116928532384e-16, 0.8107833383302668, 1.0], [-0.38780643783538626, -7.24073462405689e-16, 0.6879937888379503, 1.0], [-0.3590932060790242, -7.20966762607353e-16, 0.7035158662298939, 1.0], [-0.329879573219662, -7.17456869832168e-16, 0.7178263734558041, 1.0], [-0.30021813852424106, -7.135499780085608e-16, 0.73089901088221, 1.0], [-0.2701616698470972, -7.09252296946826e-16, 0.7427073777232042, 1.0], [-0.23976276645517225, -7.045700205753904e-16, 0.753225174345316, 1.0], [-0.20907412876784393, -6.995093587045485e-16, 0.7624260673975958, 1.0], [-0.13985688207932423, -7.403750958725648e-16, 1.0019513535010045, 1.0], [0.1398568483618461, -6.744986330591666e-16, 1.0019513535010045, 1.0], [0.2090741962028022, -6.010296448392667e-16, 0.7624261348325534, 1.0], [0.2397626990202153, -5.916351071300627e-16, 0.7532251069103583, 1.0], [0.2701616361296191, -5.819986568111229e-16, 0.7427073440057252, 1.0], [0.3002181385242415, -5.72138907431463e-16, 0.7308990108822099, 1.0], [0.32987953950218385, -5.620744407763638e-16, 0.7178263397383254, 1.0], [0.35909320607902484, -5.518238862767087e-16, 0.7035157987949363, 1.0], [0.3878065389878236, -5.414058574815136e-16, 0.6879938225554291, 1.0], [0.6082587995670625, -5.184049266147513e-16, 0.810783338330267, 1.0], [0.8059547628060333, -4.252846443166316e-16, 0.6130873750912965, 1.0], [0.6831652807486739, -4.022836975680016e-16, 0.39263508079457865, 1.0], [0.698687256988181, -3.9186566877280655e-16, 0.36392174788578, 1.0], [0.7129977642140917, -3.8161513015501917e-16, 0.33470811502641773, 1.0], [0.7260704353579759, -3.7155066349991987e-16, 0.3050467140484756, 1.0], [0.7378787684814911, -3.616909141202601e-16, 0.27499021165385307, 1.0], [0.748396531386124, -3.520544638013203e-16, 0.24459127454444915, 1.0], [0.7575975593083193, -3.4265992609211624e-16, 0.21390277172703617, 1.0], [1.000332049475777, -2.691909458131503e-16, 0.14468544074481945, 1.0], [1.000332049475777, -2.0331448299975209e-16, -0.13502828969635083, 1.0], [0.7575975593083193, -2.4418018046309894e-16, -0.20424562067856755, 1.0], [0.748396531386124, -2.3911958211972813e-16, -0.23493412349598053, 1.0], [0.7378787684814911, -2.3443728986642476e-16, -0.2653330606053844, 1.0], [0.7260704353579759, -2.3013959292282215e-16, -0.29538956300000696, 1.0], [0.7129977642140912, -2.262327169810828e-16, -0.3250509639779491, 1.0], [0.698687256988181, -2.227228242058978e-16, -0.3542645968373114, 1.0], [0.6831652807486739, -2.1961607676195842e-16, -0.38297792974611, 1.0], [0.8059547628060328, -1.3877787807814447e-16, -0.6034302240428279, 1.0], [0.6082587995670625, -1.3877787807814447e-16, -0.8011261872817983, 1.0]], "overrideEnabled": true, "useOutlinerColor": false, "outlinerColor": [0.0, 0.0, 0.0]}}