{"cube_boundingShape": {"overrideEnabled": false, "overrideColorRGB": [0.0, 0.0, 0.0], "overrideRGBColors": false, "useOutlinerColor": false, "outlinerColor": [0.0, 0.0, 0.0, 1.0], "knots": [0.0, 1.0, 2.0, 3.0, 4.0], "cvs": [[-0.5103141663286395, 0.8000000000000002, -0.8000000000000002, 1.0], [-0.8000000000000002, 0.8000000000000002, -0.8000000000000002, 1.0], [-0.8000000000000002, 0.5103141663286395, -0.8000000000000002, 1.0], [-0.8000000000000002, 0.8000000000000002, -0.8000000000000002, 1.0], [-0.8000000000000002, 0.8000000000000002, -0.5103141663286395, 1.0]], "degree": 1, "form": 1}, "cube_boundingShape1": {"overrideEnabled": false, "overrideColorRGB": [0.0, 0.0, 0.0], "overrideRGBColors": false, "useOutlinerColor": false, "outlinerColor": [0.0, 0.0, 0.0, 1.0], "knots": [0.0, 1.0, 2.0, 3.0, 4.0], "cvs": [[-0.5103141663286395, 0.8000000000000002, 0.8, 1.0], [-0.8000000000000002, 0.8000000000000002, 0.8, 1.0], [-0.8000000000000002, 0.5103141663286395, 0.8, 1.0], [-0.8000000000000002, 0.8000000000000002, 0.8, 1.0], [-0.8000000000000002, 0.8000000000000002, 0.5103141663286395, 1.0]], "degree": 1, "form": 1}, "cube_boundingShape2": {"overrideEnabled": false, "overrideColorRGB": [0.0, 0.0, 0.0], "overrideRGBColors": false, "useOutlinerColor": false, "outlinerColor": [0.0, 0.0, 0.0, 1.0], "knots": [0.0, 1.0, 2.0, 3.0, 4.0], "cvs": [[0.5103141663286395, 0.8000000000000002, -0.8000000000000002, 1.0], [0.8000000000000002, 0.8000000000000002, -0.8000000000000002, 1.0], [0.8000000000000002, 0.5103141663286395, -0.8000000000000002, 1.0], [0.8000000000000002, 0.8000000000000002, -0.8000000000000002, 1.0], [0.8000000000000002, 0.8000000000000002, -0.5103141663286395, 1.0]], "degree": 1, "form": 1}, "cube_boundingShape3": {"overrideEnabled": false, "overrideColorRGB": [0.0, 0.0, 0.0], "overrideRGBColors": false, "useOutlinerColor": false, "outlinerColor": [0.0, 0.0, 0.0, 1.0], "knots": [0.0, 1.0, 2.0, 3.0, 4.0], "cvs": [[0.5103141663286395, 0.8000000000000002, 0.8000000000000002, 1.0], [0.8000000000000002, 0.8000000000000002, 0.8000000000000002, 1.0], [0.8000000000000002, 0.5103141663286395, 0.8000000000000002, 1.0], [0.8000000000000002, 0.8000000000000002, 0.8000000000000002, 1.0], [0.8000000000000002, 0.8000000000000002, 0.5103141663286395, 1.0]], "degree": 1, "form": 1}, "cube_boundingShape4": {"overrideEnabled": false, "overrideColorRGB": [0.0, 0.0, 0.0], "overrideRGBColors": false, "useOutlinerColor": false, "outlinerColor": [0.0, 0.0, 0.0, 1.0], "knots": [0.0, 1.0, 2.0, 3.0, 4.0], "cvs": [[0.5103141663286395, -0.8000000000000002, -0.8000000000000002, 1.0], [0.8000000000000002, -0.8000000000000002, -0.8000000000000002, 1.0], [0.8000000000000002, -0.5103141663286395, -0.8000000000000002, 1.0], [0.8000000000000002, -0.8000000000000002, -0.8000000000000002, 1.0], [0.8000000000000002, -0.8000000000000002, -0.5103141663286395, 1.0]], "degree": 1, "form": 1}, "cube_boundingShape5": {"overrideEnabled": false, "overrideColorRGB": [0.0, 0.0, 0.0], "overrideRGBColors": false, "useOutlinerColor": false, "outlinerColor": [0.0, 0.0, 0.0, 1.0], "knots": [0.0, 1.0, 2.0, 3.0, 4.0], "cvs": [[0.5103141663286395, -0.8000000000000002, 0.8000000000000002, 1.0], [0.8000000000000002, -0.8000000000000002, 0.8000000000000002, 1.0], [0.8000000000000002, -0.5103141663286395, 0.8000000000000002, 1.0], [0.8000000000000002, -0.8000000000000002, 0.8000000000000002, 1.0], [0.8000000000000002, -0.8000000000000002, 0.5103141663286395, 1.0]], "degree": 1, "form": 1}, "cube_boundingShape6": {"overrideEnabled": false, "overrideColorRGB": [0.0, 0.0, 0.0], "overrideRGBColors": false, "useOutlinerColor": false, "outlinerColor": [0.0, 0.0, 0.0, 1.0], "knots": [0.0, 1.0, 2.0, 3.0, 4.0], "cvs": [[-0.5103141663286395, -0.8000000000000002, -0.8000000000000002, 1.0], [-0.8000000000000002, -0.8000000000000002, -0.8000000000000002, 1.0], [-0.8000000000000002, -0.5103141663286395, -0.8000000000000002, 1.0], [-0.8000000000000002, -0.8000000000000002, -0.8000000000000002, 1.0], [-0.8000000000000002, -0.8000000000000002, -0.5103141663286395, 1.0]], "degree": 1, "form": 1}, "cube_boundingShape7": {"overrideEnabled": false, "overrideColorRGB": [0.0, 0.0, 0.0], "overrideRGBColors": false, "useOutlinerColor": false, "outlinerColor": [0.0, 0.0, 0.0, 1.0], "knots": [0.0, 1.0, 2.0, 3.0, 4.0], "cvs": [[-0.5103141663286395, -0.8000000000000002, 0.8000000000000002, 1.0], [-0.8000000000000002, -0.8000000000000002, 0.8000000000000002, 1.0], [-0.8000000000000002, -0.5103141663286395, 0.8000000000000002, 1.0], [-0.8000000000000002, -0.8000000000000002, 0.8000000000000002, 1.0], [-0.8000000000000002, -0.8000000000000002, 0.5103141663286395, 1.0]], "degree": 1, "form": 1}}