{"cube_bounding_fatShape": {"overrideEnabled": false, "overrideColorRGB": [0.0, 0.0, 0.0], "overrideRGBColors": false, "useOutlinerColor": false, "outlinerColor": [0.0, 0.0, 0.0, 1.0], "knots": [0.0, 1.0, 2.0, 3.0, 4.0, 5.0, 6.0, 7.0, 8.0, 9.0, 10.0, 11.0, 12.0, 13.0, 14.0, 15.0, 16.0, 17.0], "cvs": [[-0.8000000054997702, -0.8000000227708224, -0.8000000000000002, 1.0], [-0.7999999945001665, -0.7999999993362567, -0.44685495963729793, 1.0], [-0.7999999945001665, -0.7299999999996919, -0.4468550182237119, 1.0], [-0.7999999945001665, -0.7300000000006294, -0.7300000000000002, 1.0], [-0.7999999945001663, -0.4499999999999317, -0.73, 1.0], [-0.80000000549977, -0.45000000000016604, -0.8, 1.0], [-0.8000000054995359, -0.8000000227708224, -0.8000000000000002, 1.0], [-0.4505748681737761, -0.8000000117969321, -0.8, 1.0], [-0.4505748681737764, -0.7299999999993709, -0.8, 1.0], [-0.709256826775983, -0.729999999999947, -0.8000000000000002, 1.0], [-0.7092569765695843, -0.44999999999983376, -0.8, 1.0], [-0.8000000054998336, -0.449999999999949, -0.8, 1.0], [-0.8000000054997186, -0.8000000002743474, -0.8000000000000002, 1.0], [-0.45125135851413656, -0.8000000156537754, -0.7989000217090663, 1.0], [-0.45125135851413656, -0.8000000156537754, -0.73, 1.0], [-0.7299999711935383, -0.8000000156537754, -0.7300000000000002, 1.0], [-0.7300000288064621, -0.8000000156537754, -0.4468549775052692, 1.0], [-0.7999999945001665, -0.7999999772291778, -0.4468549429375151, 1.0]], "degree": 1, "form": 1}, "cube_bounding_fatShape1": {"overrideEnabled": false, "overrideColorRGB": [0.0, 0.0, 0.0], "overrideRGBColors": false, "useOutlinerColor": false, "outlinerColor": [0.0, 0.0, 0.0, 1.0], "knots": [0.0, 1.0, 2.0, 3.0, 4.0, 5.0, 6.0, 7.0, 8.0, 9.0, 10.0, 11.0, 12.0, 13.0, 14.0, 15.0, 16.0, 17.0], "cvs": [[-0.8000000054997702, -0.8000000227708224, 0.8000000000000002, 1.0], [-0.7999999945001665, -0.7999999993362567, 0.44685495963729793, 1.0], [-0.7999999945001665, -0.7299999999996919, 0.4468550182237119, 1.0], [-0.7999999945001665, -0.7300000000006294, 0.7300000000000002, 1.0], [-0.7999999945001663, -0.4499999999999317, 0.73, 1.0], [-0.80000000549977, -0.45000000000016604, 0.8, 1.0], [-0.8000000054995359, -0.8000000227708224, 0.8000000000000002, 1.0], [-0.4505748681737761, -0.8000000117969321, 0.8, 1.0], [-0.4505748681737764, -0.7299999999993709, 0.8, 1.0], [-0.709256826775983, -0.729999999999947, 0.8000000000000002, 1.0], [-0.7092569765695843, -0.44999999999983376, 0.8, 1.0], [-0.8000000054998336, -0.449999999999949, 0.8, 1.0], [-0.8000000054997186, -0.8000000002743474, 0.8000000000000002, 1.0], [-0.45125135851413656, -0.8000000156537754, 0.7989000217090663, 1.0], [-0.45125135851413656, -0.8000000156537754, 0.73, 1.0], [-0.7299999711935383, -0.8000000156537754, 0.7300000000000002, 1.0], [-0.7300000288064621, -0.8000000156537754, 0.4468549775052692, 1.0], [-0.7999999945001665, -0.7999999772291778, 0.4468549429375151, 1.0]], "degree": 1, "form": 1}, "cube_bounding_fatShape2": {"overrideEnabled": false, "overrideColorRGB": [0.0, 0.0, 0.0], "overrideRGBColors": false, "useOutlinerColor": false, "outlinerColor": [0.0, 0.0, 0.0, 1.0], "knots": [0.0, 1.0, 2.0, 3.0, 4.0, 5.0, 6.0, 7.0, 8.0, 9.0, 10.0, 11.0, 12.0, 13.0, 14.0, 15.0, 16.0, 17.0], "cvs": [[0.8000000054997702, -0.8000000227708224, -0.8000000000000002, 1.0], [0.7999999945001665, -0.7999999993362567, -0.44685495963729793, 1.0], [0.7999999945001665, -0.7299999999996919, -0.4468550182237119, 1.0], [0.7999999945001665, -0.7300000000006294, -0.7300000000000002, 1.0], [0.7999999945001663, -0.4499999999999317, -0.73, 1.0], [0.80000000549977, -0.45000000000016604, -0.8, 1.0], [0.8000000054995359, -0.8000000227708224, -0.8000000000000002, 1.0], [0.4505748681737761, -0.8000000117969321, -0.8, 1.0], [0.4505748681737764, -0.7299999999993709, -0.8, 1.0], [0.709256826775983, -0.729999999999947, -0.8000000000000002, 1.0], [0.7092569765695843, -0.44999999999983376, -0.8, 1.0], [0.8000000054998336, -0.449999999999949, -0.8, 1.0], [0.8000000054997186, -0.8000000002743474, -0.8000000000000002, 1.0], [0.45125135851413656, -0.8000000156537754, -0.7989000217090663, 1.0], [0.45125135851413656, -0.8000000156537754, -0.73, 1.0], [0.7299999711935383, -0.8000000156537754, -0.7300000000000002, 1.0], [0.7300000288064621, -0.8000000156537754, -0.4468549775052692, 1.0], [0.7999999945001665, -0.7999999772291778, -0.4468549429375151, 1.0]], "degree": 1, "form": 1}, "cube_bounding_fatShape3": {"overrideEnabled": false, "overrideColorRGB": [0.0, 0.0, 0.0], "overrideRGBColors": false, "useOutlinerColor": false, "outlinerColor": [0.0, 0.0, 0.0, 1.0], "knots": [0.0, 1.0, 2.0, 3.0, 4.0, 5.0, 6.0, 7.0, 8.0, 9.0, 10.0, 11.0, 12.0, 13.0, 14.0, 15.0, 16.0, 17.0], "cvs": [[0.80000000549977, -0.8000000227708224, 0.8000000000000002, 1.0], [0.7999999945001665, -0.7999999993362567, 0.44685495963729793, 1.0], [0.7999999945001665, -0.7299999999996919, 0.4468550182237119, 1.0], [0.7999999945001665, -0.7300000000006294, 0.7300000000000002, 1.0], [0.7999999945001663, -0.4499999999999317, 0.73, 1.0], [0.8000000054997699, -0.45000000000016604, 0.8, 1.0], [0.8000000054995359, -0.8000000227708224, 0.8000000000000002, 1.0], [0.4505748681737761, -0.8000000117969321, 0.8, 1.0], [0.45057486817377623, -0.7299999999993709, 0.8, 1.0], [0.709256826775983, -0.729999999999947, 0.8000000000000002, 1.0], [0.7092569765695843, -0.44999999999983376, 0.8, 1.0], [0.8000000054998336, -0.449999999999949, 0.8, 1.0], [0.8000000054997186, -0.8000000002743474, 0.8000000000000002, 1.0], [0.45125135851413656, -0.8000000156537754, 0.7989000217090663, 1.0], [0.45125135851413656, -0.8000000156537754, 0.73, 1.0], [0.7299999711935383, -0.8000000156537754, 0.7300000000000002, 1.0], [0.7300000288064621, -0.8000000156537754, 0.4468549775052692, 1.0], [0.7999999945001665, -0.7999999772291778, 0.4468549429375151, 1.0]], "degree": 1, "form": 1}, "cube_bounding_fatShape4": {"overrideEnabled": false, "overrideColorRGB": [0.0, 0.0, 0.0], "overrideRGBColors": false, "useOutlinerColor": false, "outlinerColor": [0.0, 0.0, 0.0, 1.0], "knots": [0.0, 1.0, 2.0, 3.0, 4.0, 5.0, 6.0, 7.0, 8.0, 9.0, 10.0, 11.0, 12.0, 13.0, 14.0, 15.0, 16.0, 17.0], "cvs": [[-0.8000000054997702, 0.8000000227708224, -0.8000000000000002, 1.0], [-0.7999999945001665, 0.7999999993362567, -0.44685495963729793, 1.0], [-0.7999999945001665, 0.7299999999996919, -0.4468550182237119, 1.0], [-0.7999999945001665, 0.7300000000006294, -0.7300000000000002, 1.0], [-0.7999999945001663, 0.4499999999999317, -0.73, 1.0], [-0.80000000549977, 0.45000000000016604, -0.8, 1.0], [-0.8000000054995359, 0.8000000227708224, -0.8000000000000002, 1.0], [-0.4505748681737761, 0.8000000117969321, -0.8, 1.0], [-0.4505748681737764, 0.7299999999993709, -0.8, 1.0], [-0.709256826775983, 0.729999999999947, -0.8000000000000002, 1.0], [-0.7092569765695843, 0.44999999999983376, -0.8, 1.0], [-0.8000000054998336, 0.449999999999949, -0.8, 1.0], [-0.8000000054997186, 0.8000000002743474, -0.8000000000000002, 1.0], [-0.45125135851413656, 0.8000000156537754, -0.7989000217090663, 1.0], [-0.45125135851413656, 0.8000000156537754, -0.73, 1.0], [-0.7299999711935383, 0.8000000156537754, -0.7300000000000002, 1.0], [-0.7300000288064621, 0.8000000156537754, -0.4468549775052692, 1.0], [-0.7999999945001665, 0.7999999772291778, -0.4468549429375151, 1.0]], "degree": 1, "form": 1}, "cube_bounding_fatShape5": {"overrideEnabled": false, "overrideColorRGB": [0.0, 0.0, 0.0], "overrideRGBColors": false, "useOutlinerColor": false, "outlinerColor": [0.0, 0.0, 0.0, 1.0], "knots": [0.0, 1.0, 2.0, 3.0, 4.0, 5.0, 6.0, 7.0, 8.0, 9.0, 10.0, 11.0, 12.0, 13.0, 14.0, 15.0, 16.0, 17.0],