{"cylinder_connectShape": {"overrideRGBColors": false, "knots": [0.0, 1.565366, 3.130758, 4.696126, 6.261487, 7.826885, 9.392244, 15.392244, 16.957602, 18.523, 20.088361, 21.653729, 23.219121, 24.784487, 30.784487, 32.349852, 33.915246, 35.480611, 37.045976, 38.61137, 40.176735, 41.7421, 43.307494, 44.872859, 46.438224, 48.003618, 49.568983, 55.568983, 57.134349, 58.699741, 60.265109, 61.83047, 63.395868, 64.961226, 70.961226, 72.526584, 74.091982, 75.657343, 77.222712, 78.788104, 80.35347, 86.35347, 87.918834, 89.484229, 91.049594, 92.614959, 94.180353, 95.745718, 101.745718, 107.745718, 109.311083, 110.876477, 112.441842, 114.007207, 115.572601, 117.137966], "degree": 1, "form": 1, "overrideColorRGB": [0.0, 0.0, 0.0], "cvs": [[0.9952753766205713, -0.4976338731172585, 6.418332405304464e-08, 1.0], [0.9604912665235481, -0.4976338731172585, -0.257319343036753, 1.0], [0.8611219100819592, -0.4976338731172585, -0.49721751944341697, 1.0], [0.7037660983312971, -0.4976338731172585, -0.7037664300872125, 1.0], [0.4972176853213747, -0.4976338731172585, -0.8611212465701283, 1.0], [0.25731917715879526, -0.4976338731172585, -0.9604922617912943, 1.0], [0.0, -0.4976338731172585, -0.9952677462345169, 1.0], [0.0, 0.4976338731172584, -0.9952677462345169, 1.0], [0.25731917715879526, 0.4976338731172584, -0.9604922617912943, 1.0], [0.4972176853213747, 0.4976338731172584, -0.8611212465701283, 1.0], [0.7037660983312971, 0.4976338731172584, -0.7037664300872125, 1.0], [0.8611219100819592, 0.4976338731172584, -0.49721751944341697, 1.0], [0.9604912665235481, 0.4976338731172584, -0.257319343036753, 1.0], [0.9952753766205713, 0.4976338731172584, 6.418332405304464e-08, 1.0], [0.9952753766205713, -0.4976338731172585, 6.418332405304464e-08, 1.0], [0.9604912665235481, -0.4976338731172585, 0.25731917715879526, 1.0], [0.8611219100819592, -0.4976338731172585, 0.4972176853213747, 1.0], [0.7037660983312971, -0.4976338731172585, 0.7037659324533394, 1.0], [0.4972176853213747, -0.4976338731172585, 0.8611219100819592, 1.0], [0.25731917715879526, -0.4976338731172585, 0.9604912665235481, 1.0], [0.0, -0.4976338731172585, 0.9952753766205713, 1.0], [-0.25731917715879526, -0.4976338731172585, 0.9604912665235481, 1.0], [-0.4972176853213747, -0.4976338731172585, 0.8611219100819592, 1.0], [-0.7037660983312971, -0.4976338731172585, 0.7037659324533394, 1.0], [-0.8611219100819592, -0.4976338731172585, 0.4972176853213747, 1.0], [-0.9604912665235481, -0.4976338731172585, 0.25731917715879526, 1.0], [-0.9952753766205713, -0.4976338731172585, 6.418332405304464e-08, 1.0], [-0.9952753766205713, 0.4976338731172584, 6.418332405304464e-08, 1.0], [-0.9604912665235481, 0.4976338731172584, -0.257319343036753, 1.0], [-0.8611219100819592, 0.4976338731172584, -0.49721751944341697, 1.0], [-0.7037660983312971, 0.4976338731172584, -0.7037664300872125, 1.0], [-0.4972176853213747, 0.4976338731172584, -0.8611212465701283, 1.0], [-0.25731917715879526, 0.4976338731172584, -0.9604922617912943, 1.0], [0.0, 0.4976338731172584, -0.9952677462345169, 1.0], [0.0, -0.4976338731172585, -0.9952677462345169, 1.0], [-0.25731917715879526, -0.4976338731172585, -0.9604922617912943, 1.0], [-0.4972176853213747, -0.4976338731172585, -0.8611212465701283, 1.0], [-0.7037660983312971, -0.4976338731172585, -0.7037664300872125, 1.0], [-0.8611219100819592, -0.4976338731172585, -0.49721751944341697, 1.0], [-0.9604912665235481, -0.4976338731172585, -0.257319343036753, 1.0], [-0.9952753766205713, -0.4976338731172585, 6.418332405304464e-08, 1.0], [-0.9952753766205713, 0.4976338731172584, 6.418332405304464e-08, 1.0], [-0.9604912665235481, 0.4976338731172584, 0.25731917715879526, 1.0], [-0.8611219100819592, 0.4976338731172584, 0.4972176853213747, 1.0], [-0.7037660983312971, 0.4976338731172584, 0.7037659324533394, 1.0], [-0.4972176853213747, 0.4976338731172584, 0.8611219100819592, 1.0], [-0.25731917715879526, 0.4976338731172584, 0.9604912665235481, 1.0], [0.0, 0.4976338731172584, 0.9952753766205713, 1.0], [0.0, -0.4976338731172585, 0.9952753766205713, 1.0], [0.0, 0.4976338731172584, 0.9952753766205713, 1.0], [0.25731917715879526, 0.4976338731172584, 0.9604912665235481, 1.0], [0.4972176853213747, 0.4976338731172584, 0.8611219100819592, 1.0], [0.7037660983312971, 0.4976338731172584, 0.7037659324533394, 1.0], [0.8611219100819592, 0.4976338731172584, 0.4972176853213747, 1.0], [0.9604912665235481, 0.4976338731172584, 0.25731917715879526, 1.0], [0.9952753766205713, 0.4976338731172584, 6.418332405304464e-08, 1.0]], "overrideEnabled": false, "useOutlinerColor": false, "outlinerColor": [0.0, 0.0, 0.0]}}