{"diamondShape": {"overrideRGBColors": true, "knots": [0.0, 1.0, 2.0, 3.0, 4.0, 5.0, 6.0, 7.0, 8.0, 9.0, 10.0, 11.0, 12.0, 13.0, 14.0, 15.0, 16.0, 17.0, 18.0, 19.0, 20.0, 21.0, 22.0, 23.0, 24.0, 25.0, 26.0, 27.0, 28.0, 29.0, 30.0, 31.0, 32.0, 33.0], "degree": 1, "form": 1, "overrideColorRGB": [0.15999996662139893, 0.2999999225139618, 0.875], "cvs": [[0.0, -0.9926920143023935, -0.0002922087828414631, 1.0], [0.0, 7.019395330174387e-07, 0.9975476433159488, 1.0], [0.9926927162419221, 7.019395330174387e-07, -0.0002922087828414631, 1.0], [0.0, -0.9926920143023935, -0.0002922087828414631, 1.0], [-0.9926927162419232, 7.019395330174387e-07, -0.0002922087828414631, 1.0], [0.0, 7.019395330174387e-07, 0.9975476433159488, 1.0], [0.0, 0.9926920143023891, -0.0002922087828414631, 1.0], [-0.9926927162419232, 7.019395330174387e-07, -0.0002922087828414631, 1.0], [0.0, 0.9926920143023891, -0.0002922087828414631, 1.0], [0.9926927162419221, 7.019395330174387e-07, -0.0002922087828414631, 1.0], [0.0, 7.019395330174387e-07, 0.9975476433159488, 1.0], [0.0, 0.9926920143023891, -0.0002922087828414631, 1.0], [0.0, 0.9926920143023891, -0.00029531460783110297, 1.0], [0.9926927162419221, -7.019395373904497e-07, -0.00029531283741538757, 1.0], [0.0, -0.0005692729621342529, -0.9975476433159468, 1.0], [0.0, -0.9926920143023935, -0.0002953110669996722, 1.0], [0.9926927162419221, -7.019395373904497e-07, -0.00029531283741538757, 1.0], [0.9926927162419221, 7.019395330174387e-07, -0.0002922087828414631, 1.0], [0.0, -0.9926920143023935, -0.0002922087828414631, 1.0], [0.0, -0.9926920143023935, -0.0002953110669996722, 1.0], [-0.9926927162419232, -7.019395373904497e-07, -0.00029531283741538757, 1.0], [-0.9926927162419232, 7.019395330174387e-07, -0.0002922087828414631, 1.0], [-0.9926927162419232, -7.019395373904497e-07, -0.00029531283741538757, 1.0], [0.0, 0.9926920143023891, -0.00029531460783110297, 1.0], [0.9926927162419221, -7.019395373904497e-07, -0.00029531283741538757, 1.0], [0.0, -0.9926920143023935, -0.0002953110669996722, 1.0], [-0.9926927162419232, -7.019395373904497e-07, -0.00029531283741538757, 1.0], [0.0, -0.0005692729621342529, -0.9975476433159468, 1.0], [0.0, -0.9926920143023935, -0.0002953110669996722, 1.0], [0.9926927162419221, -7.019395373904497e-07, -0.00029531283741538757, 1.0], [0.0, -0.0005692729621342529, -0.9975476433159468, 1.0], [0.0, 0.9926920143023891, -0.00029531460783110297, 1.0], [-0.9926927162419232, -7.019395373904497e-07, -0.00029531283741538757, 1.0], [0.0, -0.0005692729621342529, -0.9975476433159468, 1.0]], "overrideEnabled": true, "useOutlinerColor": false, "outlinerColor": [0.0, 0.0, 0.0]}}