{"eggShape": {"overrideRGBColors": true, "knots": [0.0, 0.4668103883, 1.0, 2.0, 3.0, 4.0, 5.0, 6.0, 7.0, 8.0, 9.0, 10.0, 11.0, 12.0, 13.0, 14.0, 15.0, 16.0, 17.0, 18.0, 19.0, 20.0, 21.0, 22.0, 23.0, 24.0, 25.0, 26.0, 27.0, 28.0, 29.0, 30.0, 31.0, 32.0, 33.0, 34.0, 35.0, 36.0, 37.0, 38.0, 39.0, 40.0, 41.0, 42.0, 43.0, 43.50794183, 44.0], "degree": 1, "form": 3, "overrideColorRGB": [0.177204892039299, 0.7068446278572083, 0.6089246869087219], "cvs": [[-0.0018216127249089387, -8.881784197001252e-16, -1.0, 1.0], [-0.03968008497629916, -8.85220957594637e-16, -0.9975240641450396, 1.0], [-0.08292193354094896, -8.81842952067842e-16, -0.9857337951660157, 1.0], [-0.16850757540191091, -8.636873937665092e-16, -0.9448511123657228, 1.0], [-0.2560060018392889, -8.349877999311654e-16, -0.8802253723144533, 1.0], [-0.3428447240682928, -7.970204798067333e-16, -0.794730567932129, 1.0], [-0.4264512771459905, -7.510616579348412e-16, -0.6912405014038088, 1.0], [-0.5042531484457342, -6.983874318021748e-16, -0.572628688812256, 1.0], [-0.5736778491827337, -6.402739835987149e-16, -0.44176883697509783, 1.0], [-0.6321528846117346, -5.779975378660896e-16, -0.30153474807739267, 1.0], [-0.6771057599874823, -5.128343191459269e-16, -0.15480022430419926, 1.0], [-0.7059639798196642, -4.460604672765602e-16, -0.004438877105712891, 1.0], [-0.7161550515982, -3.789521644479701e-16, 0.14667558670043945, 1.0], [-0.7091720664593069, -3.148849640099072e-16, 0.290942096710205, 1.0], [-0.6886548721882193, -2.564496009348433e-16, 0.42252683639526367, 1.0], [-0.6552511090132087, -2.0374502984684156e-16, 0.5412069797515868, 1.0], [-0.6096084231230108, -1.5687027948534778e-16, 0.646759533882141, 1.0], [-0.5523744458052009, -1.1592431506233678e-16, 0.73896164894104, 1.0], [-0.4841968292089789, -8.100613355351895e-17, 0.8175904035568238, 1.0], [-0.40572321356261654, -5.2214731934604586e-17, 0.8824228763580322, 1.0], [-0.31760125101531433, -2.96491045343261e-17, 0.93323615193367, 1.0], [-0.22047858179534358, -1.3408236416993016e-17, 0.9698073357343674, 1.0], [-0.1150028222891179, -3.59112158046547e-18, 0.9919135130941867, 1.0], [-0.0018216127249089387, -2.9675189261352656e-19, 0.9993317741435022, 1.0], [0.11135959683930002, -3.59112158046547e-18, 0.9919135130941867, 1.0], [0.21683530866180983, -1.3408236416993016e-17, 0.9698073357343674, 1.0], [0.3139580732492122, -2.96491045343261e-17, 0.93323615193367, 1.0], [0.4020799642709407, -5.2214731934604586e-17, 0.8824228763580322, 1.0], [0.4805536276010187, -8.100613355351895e-17, 0.8175904035568238, 1.0], [0.5487312322763118, -1.1592431506233678e-16, 0.73896164894104, 1.0], [0.6059652334359797, -1.5687027948534778e-16, 0.646759533882141, 1.0], [0.6516078954843196, -2.0374502984684156e-16, 0.5412069797515868, 1.0], [0.6850116735604914, -2.564496009348433e-16, 0.42252683639526367, 1.0], [0.7055288320687922, -3.148849640099072e-16, 0.290942096710205, 1.0], [0.712511826148382, -3.789521644479701e-16, 0.14667558670043945, 1.0], [0.7023056989816341, -4.460604672765602e-16, -0.004438877105712891, 1.0], [0.6734083181527766, -5.128343191459269e-16, -0.15480022430419926, 1.0], [0.62840118466889, -5.779975378660896e-16, -0.30153474807739267, 1.0], [0.5698659902719172, -6.402739835987149e-16, -0.44176883697509783, 1.0], [0.5003840452340756, -6.983874318021748e-16, -0.572628688812256, 1.0], [0.42253694592987623, -7.510616579348412e-16, -0.6912405014038088, 1.0], [0.3389062887338312, -7.970204798067333e-16, -0.794730567932129, 1.0], [0.2520735746530207, -8.349877999311654e-16, -0.8802253723144533, 1.0], [0.16462030469452466, -8.636873937665092e-16, -0.9448511123657228, 1.0], [0.07912812291657062, -8.81842952067842e-16, -0.9857337951660157, 1.0], [0.03801036605682129, -8.850610010908898e-16, -0.9971638741197036, 1.0], [-0.0018216127249089387, -8.881784197001252e-16, -1.0, 1.0]], "overrideEnabled": true, "useOutlinerColor": false, "outlinerColor": [0.0, 0.0, 0.0]}}