{"energy_lightningShape": {"overrideRGBColors": false, "knots": [0.0, 1.0, 2.0, 3.0, 4.0, 5.0, 6.0, 7.0, 8.0, 9.0, 10.0, 11.0, 12.0, 13.0, 14.0, 15.0, 16.0, 17.0, 18.0, 19.0, 20.0, 21.0, 22.0, 23.0, 24.0, 25.0, 26.0, 27.0, 28.0, 29.0, 30.0, 31.0, 32.0, 33.0, 34.0, 35.0, 36.0, 37.0, 38.0, 39.0, 40.0, 41.0, 42.0], "degree": 1, "form": 3, "overrideColorRGB": [0.0, 0.0, 0.0], "cvs": [[-0.20955688035543446, 6.355794305435e-16, -0.9962582959697737, 1.0], [-0.21933497464712143, 6.301008214406592e-16, -0.9913236035869613, 1.0], [-0.22776137864645002, 6.222998597546839e-16, -0.9842971219585435, 1.0], [-0.2343212274318504, 6.125337816310786e-16, -0.9755006207988752, 1.0], [-0.23849956071432105, 6.011598232153479e-16, -0.9652558698223128, 1.0], [-0.5569709027601348, -6.865946367698504e-16, 0.194650231404494, 1.0], [-0.5579041914032716, -7.0468567233642615e-16, 0.2109451876117694, 1.0], [-0.5526906480496692, -7.219907142675091e-16, 0.2265321836902605, 1.0], [-0.5425853846078681, -7.36651795793297e-16, 0.23973771194953786, 1.0], [-0.5288435128932762, -7.468108972044283e-16, 0.24888821701545583, 1.0], [-0.5127201495176124, -7.50610157610219e-16, 0.2523102865650164, 1.0], [-0.21033999002035136, -7.50610157610219e-16, 0.2523102865650164, 1.0], [-0.4195253757243919, -1.5173078994910756e-15, 0.9428902194931017, 1.0], [-0.4213490513568688, -1.5306409987916913e-15, 0.9548996077014911, 1.0], [-0.41979356086309433, -1.5441170150498214e-15, 0.9670377240612018, 1.0], [-0.41518075740392685, -1.5568069797698158e-15, 0.9784678281380641, 1.0], [-0.4078324464565087, -1.5677819228016632e-15, 0.9883531780077921, 1.0], [-0.3980704692607689, -1.5761128760633038e-15, 0.9958570336087453, 1.0], [-0.38661353862340925, -1.5809601923997751e-15, 1.0002231080180812, 1.0], [-0.3744807866817284, -1.5821988186460715e-15, 1.0013387633583355, 1.0], [-0.3624445823436547, -1.5799716732072734e-15, 0.9993327290846812, 1.0], [-0.3512772945171166, -1.5744216751088468e-15, 0.994333735211085, 1.0], [-0.3417513278728294, -1.565691741618499e-15, 0.9864705101682651, 1.0], [0.7041755768055153, -2.779372386199088e-16, -0.1734356298015607, 1.0], [0.7099630447620584, -2.685760422450911e-16, -0.18186744590263526, 1.0], [0.7136264892811013, -2.578929450769646e-16, -0.19148992438774215, 1.0], [0.7151336761707499, -2.4653095100161384e-16, -0.2017238988445298, 1.0], [0.7144524666065408, -2.3513316978424157e-16, -0.2119901074932109, 1.0], [0.7115507217640116, -2.2434281706916904e-16, -0.22170919318657045, 1.0], [0.7060743423694802, -2.1467203015212988e-16, -0.23041986365776168, 1.0], [0.6987958046192362, -2.0646608083824862e-16, -0.2378111257122053, 1.0], [0.6901655288929178, -2.0011820417328808e-16, -0.24352878470878725, 1.0], [0.6806342216724588, -1.9602121168653744e-16, -0.24721902747612123, 1.0], [0.6706523033374978, -1.9456812666552269e-16, -0.24852785010795753, 1.0], [0.28513432466928484, -1.9456812666552269e-16, -0.24852785010795753, 1.0], [0.5747757049793436, 5.6840781200210265e-16, -0.9357554807231914, 1.0], [0.5776559921497537, 5.87404008151938e-16, -0.9528657331035628, 1.0], [0.5735205742115213, 6.062216921081396e-16, -0.9698151959941876, 1.0], [0.5637209984058571, 6.225380877710992e-16, -0.9845116986797349, 1.0], [0.5496090027088356, 6.340310543159191e-16, -0.9948636426494613, 1.0], [0.5325363250965309, 6.38378239159465e-16, -0.9987792386577619, 1.0], [-0.19894207990224838, 6.38378239159465e-16, -0.9987792386577619, 1.0], [-0.20955688035543446, 6.355794305435e-16, -0.9962582959697737, 1.0]], "overrideEnabled": false, "useOutlinerColor": false, "outlinerColor": [0.0, 0.0, 0.0]}}