{"newControl_ctrlShape3": {"overrideRGBColors": true, "knots": [0.0, 1.0, 2.0, 3.0, 4.0, 5.0, 6.0, 7.0, 8.0, 9.0, 10.0, 11.0, 12.0, 13.0, 14.0, 15.0, 16.0, 17.0, 18.0, 19.0, 20.0, 21.0, 22.0], "degree": 1, "form": 3, "overrideColorRGB": [0.15999996662139893, 0.2999999225139618, 0.875], "cvs": [[0.310218079323008, 0.006045890347121409, 0.020194578047811218, 1.0], [0.3070885986137679, 0.006045890347121375, 0.050557670049075965, 1.0], [0.3011499180770378, 0.006045890347121342, 0.07999552427543555, 1.0], [0.29254005750770085, 0.006045890347121311, 0.10836641378875522, 1.0], [0.28139703670063965, 0.0060458903471212804, 0.13552853017522581, 1.0], [0.26785887545073733, 0.006045890347121252, 0.16134010575887503, 1.0], [0.2520635935528767, 0.006045890347121225, 0.1856594136015688, 1.0], [0.23414937375329242, 0.0060458903471212, 0.2083446860273359, 1.0], [0.2142540728955155, 0.006045890347121176, 0.22925411462236633, 1.0], [0.19251579225010507, 0.0060458903471211555, 0.24824593171068843, 1.0], [0.16907255161194373, 0.0060458903471211365, 0.2651784103541679, 1.0], [0.6136497098325413, 0.006045890347120634, 0.7178388518511105, 1.0], [0.6768668496727077, 0.006045890347120673, 0.6825655365848582, 1.0], [0.732958126903394, 0.006045890347120717, 0.6431548559457738, 1.0], [0.7819238674273032, 0.006045890347120765, 0.5996105374460277, 1.0], [0.823763745341732, 0.006045890347120818, 0.5519363187822486, 1.0], [0.8584780865493842, 0.006045890347120875, 0.5001359274666073, 1.0], [0.8860667280989079, 0.006045890347120938, 0.44421308082681343, 1.0], [0.9065298329416547, 0.006045890347121005, 0.38417153692841577, 1.0], [0.9198670751749212, 0.006045890347121076, 0.32001500291466534, 1.0], [0.9260787807014107, 0.006045890347121151, 0.25174722666665095, 1.0], [0.9251647865697713, 0.006045890347121232, 0.17937189495870487, 1.0], [0.310218079323008, 0.006045890347121409, 0.020194578047811218, 1.0]], "overrideEnabled": true, "useOutlinerColor": false, "outlinerColor": [0.0, 0.0, 0.0]}, "newControl_ctrlShape2": {"overrideRGBColors": true, "knots": [0.0, 1.0, 2.0, 3.0, 4.0, 5.0, 6.0, 7.0, 8.0, 9.0, 10.0, 11.0, 12.0, 13.0, 14.0, 15.0, 16.0, 17.0, 18.0, 19.0, 20.0, 21.0, 22.0], "degree": 1, "form": 3, "overrideColorRGB": [0.15999996662139893, 0.2999999225139618, 0.875], "cvs": [[-0.9296238317052056, 0.0058750234624539615, 0.17937189495870487, 1.0], [-0.9305384793728139, 0.005875023462453881, 0.25174722666665095, 1.0], [-0.9243311869198145, 0.005875023462453805, 0.32001500291466534, 1.0], [-0.9110056841856858, 0.005875023462453734, 0.38417153692841577, 1.0], [-0.8905657031581901, 0.005875023462453667, 0.44421308082681343, 1.0], [-0.8630149758051985, 0.005875023462453605, 0.5001359274666073, 1.0], [-0.8283572245466511, 0.005875023462453548, 0.5519363187822486, 1.0], [-0.7865961947175217, 0.005875023462453495, 0.5996105374460277, 1.0], [-0.7377356087377511, 0.005875023462453446, 0.6431548559457738, 1.0], [-0.6817791941195088, 0.005875023462453403, 0.6825655365848582, 1.0], [-0.6187306885594244, 0.005875023462453364, 0.7178388518511105, 1.0], [-0.17415350996990797, 0.005875023462453866, 0.2651784103541679, 1.0], [-0.19744496142396833, 0.005875023462453885, 0.24824593171068843, 1.0], [-0.21909117455567295, 0.005875023462453906, 0.22925411462236633, 1.0], [-0.2389392195214591, 0.005875023462453929, 0.2083446860273359, 1.0], [-0.2568361257399262, 0.0058750234624539545, 0.1856594136015688, 1.0], [-0.27262888189183565, 0.005875023462453981, 0.16134010575887503, 1.0], [-0.2861645581336246, 0.00587502346245401, 0.13552853017522581, 1.0], [-0.2972901838838927, 0.00587502346245404, 0.10836641378875522, 1.0], [-0.30585278856123915, 0.005875023462454072, 0.07999552427543555, 1.0], [-0.31169944232210123, 0.005875023462454105, 0.050557670049075965, 1.0], [-0.3146771745850784, 0.005875023462454138, 0.020194578047811218, 1.0], [-0.9296238317052056, 0.0058750234624539615, 0.17937189495870487, 1.0]], "overrideEnabled": true, "useOutlinerColor": false, "outlinerColor": [0.0, 0.0, 0.0]}, "newControl_ctrlShape1": {"overrideRGBColors": true, "knots": [0.0, 1.0, 3.0, 5.0, 7.0, 9.0, 10.0, 11.0, 12.0, 13.0, 14.0, 15.0, 16.0, 17.0, 18.0, 19.0, 20.0, 21.0, 23.0, 25.0, 27.0, 29.0, 31.0, 32.0], "degree": 1, "form": 3, "overrideColorRGB": [0.15999996662139893, 0.2999999225139618, 0.875], "cvs": [[0.01266035618790716, 0.005704156577787235, -0.31024249112354196, 1.0], [0.027663450089518316, 0.005704156577787233, -0.3091879514510687, 1.0], [0.05703168335086742, 0.005704156577787229, -0.30500458287476206, 1.0], [0.08547467883731089, 0.005704156577787221, -0.2981052226441334, 1.0], [0.11290289478109394, 0.005704156577787211, -0.28854967390525355, 1.0], [0.13922678941446193, 0.005704156577787197, -0.2763974139014893, 1.0], [0.3089745160825724, 0.005704156577787876, -0.8882352537850022, 1.0], [0.24668888764435193, 0.0057041565777879175, -0.9251693183053988, 1.0], [0.18443316077916666, 0.00570415657778795, -0.9538958491437861, 1.0], [0.12219983972483922, 0.005704156577787972, -0.9744146833488116, 1.0], [0.0599814287191916, 0.005704156577787986, -0.9867261468231785, 1.0], [-0.002229567999954163, 0.00570415657778799, -0.9908299136641832, 1.0], [-0.064440483243424, 0.005704156577787986, -0.9867261468231785, 1.0], [-0.12665897572474763, 0.005704156577787972, -0.9744146833488116, 1.0], [-0.1888922967790751, 0.00570415657778795, -0.9538958491437861, 1.0], [-0.25114802364426025, 0.0057041565777879175, -0.9251693183053988, 1.0], [-0.31343361134464287, 0.005704156577787876, -0.8882352537850022, 1.0], [-0.1443077477724261, 0.005704156577787197, -0.2763974139014893, 1.0], [-0.11798377166338223, 0.005704156577787211, -0.28854967390525355, 1.0], [-0.09055555571959914, 0.005704156577787221, -0.2981052226441334, 1.0], [-0.06211256023315568, 0.005704156577787229, -0.30500458287476206, 1.0], [-0.03274432697180657, 0.005704156577787233, -0.3091879514510687, 1.0], [-0.0025404791789820913, 0.005704156577787235, -0.3105956881783336, 1.0], [0.01266035618790716, 0.005704156577787235, -0.31024249112354196, 1.0]], "overrideEnabled": true, "useOutlinerColor": false, "outlinerColor": [0.0, 0.0, 0.0]}, "newControl_ctrlShape0": {"overrideRGBColors": true, "knots": [0.0, 1.0, 2.0, 3.0, 4.0, 5.0, 6.0, 7.0, 8.0, 9.0, 10.0, 11.0, 12.0, 13.0, 14.0, 15.0, 16.0, 17.0, 18.0, 19.0, 20.0, 21.0, 22.0, 23.0, 24.0, 25.0, 26.0, 27.0, 28.0, 29.0, 30.0, 31.0, 32.0, 33.0, 34.0, 35.0, 36.0, 37.0, 38.0, 39.0, 40.0], "degree": 1, "form": 3, "overrideColorRGB": [0.15999996662139893, 0.2999999225139618, 0.875],