{"energy_plugShape": {"overrideRGBColors": true, "knots": [0.0, 1.0, 2.0, 3.0, 4.0, 5.0, 6.0, 7.0, 8.0, 9.0, 10.0, 11.0, 12.0, 13.0, 14.0, 15.0, 16.0, 17.0, 18.0, 19.0, 20.0, 21.0, 22.0, 23.0, 24.0, 25.0, 26.0, 27.0, 28.0, 29.0, 30.0, 31.0, 32.0, 33.0, 34.0, 35.0, 36.0, 37.0, 38.0, 39.0, 40.0, 41.0, 42.0, 43.0, 44.0, 45.0, 46.0, 47.0, 48.0, 49.0, 50.0, 51.0, 52.0, 53.0, 54.0, 55.0, 56.0, 57.0, 58.0, 59.0, 60.0], "degree": 1, "form": 3, "overrideColorRGB": [0.15999996662139893, 0.2999999225139618, 0.875], "cvs": [[0.194582765155707, -1.107108963224316e-15, 0.9971951028471133, 1.0], [0.25378915635654586, -9.054807192890818e-16, 0.8155845259962955, 1.0], [0.34837413706293713, -8.737584742387258e-16, 0.7870116677986678, 1.0], [0.43507748761780485, -8.2826606367921035e-16, 0.746035747149864, 1.0], [0.5124415271199573, -7.703968784464971e-16, 0.6939118189398077, 1.0], [0.5790084795999899, -7.015444545035598e-16, 0.6318950687772142, 1.0], [0.6333203789520736, -6.231021958797252e-16, 0.5612405634355337, 1.0], [0.6739195442750167, -5.364636385379673e-16, 0.48320348852348194, 1.0], [0.6993481045312022, -4.4302216012088263e-16, 0.3990388870474557, 1.0], [0.7081481886830138, -3.441712965914453e-16, 0.3100019446161706, 1.0], [0.7081481886830138, 3.707596207929778e-16, -0.33395057800945604, 1.0], [0.5092414360213451, 3.707596207929778e-16, -0.33395057800945604, 1.0], [0.5092414360213451, 9.867227814358912e-16, -0.8887608701585319, 1.0], [0.5066765907181916, 1.0109799963987465e-15, -0.9106098270120837, 1.0], [0.499325155987391, 1.0335754806791005e-15, -0.9309620299291352, 1.0], [0.48770164099461577, 1.0540245628278901e-15, -0.9493809256782075, 1.0], [0.472320554905538, 1.0718423603022162e-15, -0.9654297708913946, 1.0], [0.4536964068858296, 1.0865444127468518e-15, -0.9786722024736432, 1.0], [0.4323438011693752, 1.0976460487127347e-15, -0.9886716671934739, 1.0], [0.40877715185363456, 1.104662385656965e-15, -0.9949914216829816, 1.0], [0.38351096810427976, 1.1071089632243165e-15, -0.9971951028471135, 1.0], [0.35824487942313726, 1.104662385656965e-15, -0.9949914216829816, 1.0], [0.33467823010739667, 1.0976460487127347e-15, -0.9886716671934739, 1.0], [0.3133255293227297, 1.0865444127468518e-15, -0.9786722024736432, 1.0], [0.29470147637123384, 1.0718423603022162e-15, -0.9654297708913946, 1.0], [0.27932039028215605, 1.0540245628278901e-15, -0.9493809256782075, 1.0], [0.2676968752893808, 1.0335754806791005e-15, -0.9309620299291352, 1.0], [0.2603454405585803, 1.0109799963987465e-15, -0.9106098270120837, 1.0], [0.25778059525542674, 9.867227814358912e-16, -0.8887608701585319, 1.0], [0.25778059525542674, 3.7149813258067223e-16, -0.33461577029182976, 1.0], [-0.24580623102467797, 3.7149813258067223e-16, -0.33461577029182976, 1.0], [-0.24580623102467797, 9.859841641012783e-16, -0.8880955828079453, 1.0], [-0.24837107632783167, 1.0102415901579703e-15, -0.9099447297979224, 1.0], [-0.25572246352452593, 1.0328368633444876e-15, -0.9302967425785491, 1.0], [-0.2673459785173011, 1.0532859454932772e-15, -0.948715638327621, 1.0], [-0.2827270646063789, 1.0711039540614398e-15, -0.9647646736772328, 1.0], [-0.3013512126260873, 1.0858060065060756e-15, -0.9780071052594819, 1.0], [-0.32270384210959474, 1.0969074313781218e-15, -0.9880063798428877, 1.0], [-0.34627051519238855, 1.1039237683223521e-15, -0.9943261343323955, 1.0], [-0.3715366514076373, 1.1063703458897036e-15, -0.996529815496527, 1.0], [-0.3969937796616581, 1.1039237683223521e-15, -0.9943261343323955, 1.0], [-0.42065007830172046, 1.0969074313781218e-15, -0.9880063798428877, 1.0], [-0.4420144249424099, 1.0858060065060756e-15, -0.9780071052594819, 1.0], [-0.4605956734312591, 1.0711039540614398e-15, -0.9647646736772328, 1.0], [-0.4759027013828539, 1.0532859454932772e-15, -0.948715638327621, 1.0], [-0.48744436264472674, 1.0328368633444876e-15, -0.9302967425785491, 1.0], [-0.49472951106441015, 1.0102415901579703e-15, -0.9099447297979224, 1.0], [-0.4972670480235433, 9.859841641012783e-16, -0.8880955828079453, 1.0], [-0.4972670480235433, 3.707596207929778e-16, -0.33395057800945604, 1.0], [-0.7081481886830139, 3.707596207929778e-16, -0.33395057800945604, 1.0], [-0.7081481886830139, -3.4343273203029165e-16, 0.30933670479969044, 1.0], [-0.6991687449794854, -4.433481945516655e-16, 0.3993325527556526, 1.0], [-0.6732334726364877, -5.377330513249618e-16, 0.4843468739143799, 1.0], [-0.631846952378198, -6.251419428502969e-16, 0.5630778041748532, 1.0], [-0.5765137827540832, -7.041294304675978e-16, 0.6342234081348948, 1.0], [-0.5087385251775896, -7.732501810637101e-16, 0.6964818454605388, 1.0], [-0.4300258004797965, -8.310587559785609e-16, 0.7485511807496072, 1.0], [-0.34188017007415067, -8.761097693255368e-16, 0.7891295261340279, 1.0], [-0.24580623102467797, -9.069578484113892e-16, 0.8169150056292558, 1.0], [-0.19857420405458787, -1.1071089632243165e-15, 0.9971951028471138, 1.0], [0.194582765155707, -1.107108963224316e-15, 0.9971951028471133, 1.0]], "overrideEnabled": true, "useOutlinerColor": false, "outlinerColor": [0.0, 0.0, 0.0]}}