{"newControl_ctrlShape": {"overrideRGBColors": true, "knots": [0.0, 1.0, 2.0, 3.0, 4.0, 5.0, 6.0, 7.0, 8.0, 9.0, 10.0, 11.0, 12.0, 13.0, 14.0, 15.0, 16.0, 17.0, 18.0, 19.0, 20.0, 21.0, 22.0, 23.0, 24.0, 25.0, 26.0, 27.0, 28.0, 29.0, 30.0, 31.0, 32.0, 33.0, 34.0, 35.0, 36.0, 37.0, 38.0, 39.0, 40.0, 41.0, 42.0, 43.0, 44.0, 45.0, 46.0, 47.0, 48.0, 49.0, 50.0, 51.0, 52.0, 53.0, 54.0, 55.0, 56.0, 57.0, 58.0, 59.0, 60.0, 61.0, 62.0, 63.0, 64.0, 65.0, 66.0, 67.0, 68.0, 69.0, 70.0, 71.0, 72.0, 73.0, 74.0, 75.0, 76.0, 77.0, 78.0, 79.0, 80.0, 81.0, 82.0, 83.0, 84.0, 85.0, 86.0, 87.0, 88.0, 89.0, 90.0, 91.0, 92.0, 93.0, 94.0, 95.0, 96.0, 97.0, 98.0, 99.0, 100.0, 101.0, 102.0, 103.0, 104.0, 105.0, 106.0, 107.0, 108.0, 109.0, 110.0, 111.0, 112.0, 113.0, 114.0, 115.0, 116.0, 117.0, 118.0, 119.0, 120.0, 121.0, 122.0, 123.0, 124.0, 126.0, 127.0, 128.0, 129.0, 130.0, 131.0, 132.0, 133.0, 134.0, 135.0, 136.0, 137.0, 138.0, 139.0, 140.0, 141.0, 142.0, 143.0, 144.0, 145.0, 146.0, 147.0, 148.0, 149.0, 150.0, 151.0, 152.0, 153.0, 154.0, 155.0, 156.0, 157.0, 158.0, 159.0, 160.0, 161.0, 162.0, 163.0, 164.0, 165.0, 166.0, 167.0], "degree": 1, "form": 3, "overrideColorRGB": [0.0, 0.5641301274299622, 0.8059000968933105], "cvs": [[0.7111734630684102, 0.0006000000052152443, -0.25419225177723614, 1.0], [0.6774178012544991, 0.0006000000052152359, -0.24664417149646622, 1.0], [0.6453417850525427, 0.0006000000052152224, -0.23449159074487547, 1.0], [0.6153431884233631, 0.0006000000052152043, -0.21808459610786857, 1.0], [0.587820047827097, 0.0006000000052151816, -0.19777309917130648, 1.0], [0.5631699622250239, 0.0006000000052151552, -0.17390701152105237, 1.0], [0.5417908805775088, 0.000600000005215125, -0.14683633224273862, 1.0], [0.5240804893456028, 0.0006000000052150919, -0.1169107979226851, 1.0], [0.5104368249894424, 0.0006000000052150559, -0.0844805826460675, 1.0], [0.5012574864703073, 0.0006000000052150175, -0.04989542299920524, 1.0], [0.2925204300967795, 0.0006000000052150175, -0.04989542299920524, 1.0], [0.27788215583902054, 0.0006000000052150759, -0.10251874802166894, 1.0], [0.25527273990573285, 0.0006000000052151282, -0.14953202520028697, 1.0], [0.22570884214090992, 0.0006000000052151735, -0.19040859341095162, 1.0], [0.19020720988831666, 0.0006000000052152116, -0.2246216165300141, 1.0], [0.149784327992404, 0.0006000000052152415, -0.25164452093313905, 1.0], [0.10545694379693671, 0.000600000005215263, -0.2709503829969049, 1.0], [0.05824167339602265, 0.0006000000052152752, -0.2820126290969762, 1.0], [0.009155176633655504, 0.0006000000052152778, -0.28430433560993196, 1.0], [-0.04078588664617122, 0.0006000000052152699, -0.27729892891143715, 1.0], [-0.09056490034934966, 0.0006000000052152514, -0.26046957287784167, 1.0], [-0.23238011110953816, 0.0006000000052154468, -0.4366642750721974, 1.0], [-0.2180444985610807, 0.0006000000052154641, -0.45214237213593345, 1.0], [-0.20492075784662872, 0.0006000000052154825, -0.46869610388959204, 1.0], [-0.19307888878330903, 0.000600000005215502, -0.486259058006675, 1.0], [-0.1825888474383625, 0.0006000000052155225, -0.5047650846599976, 1.0], [-0.17352063362891595, 0.0006000000052155441, -0.5241476840232884, 1.0], [-0.1659442909219816, 0.0006000000052155664, -0.544340706269363, 1.0], [-0.15992973163491486, 0.0006000000052155897, -0.5652778265714948, 1.0], [-0.15554695558484227, 0.0006000000052156137, -0.5868927201029552, 1.0], [-0.15286596258889062, 0.0006000000052156384, -0.6091188870374746, 1.0], [-0.15195675246418655, 0.0006000000052156637, -0.6318905275469531, 1.0], [-0.1542073778344663, 0.0006000000052157102, -0.6738064180424064, 1.0], [-0.16281573659527626, 0.0006000000052157544, -0.7137183887730658, 1.0], [-0.17725144888222488, 0.000600000005215796, -0.7510594412202054, 1.0], [-0.19698400358126344, 0.0006000000052158339, -0.7852620518664706, 1.0], [-0.2214830645778858, 0.0006000000052158677, -0.815759047193592, 1.0], [-0.2502181207580433, 0.0006000000052158969, -0.841983253683301, 1.0], [-0.28265883600722974, 0.0006000000052159206, -0.863367322817786, 1.0], [-0.3182747210863395, 0.0006000000052159384, -0.8793439060792356, 1.0], [-0.35653537425603765, 0.0006000000052159495, -0.8893458299493808, 1.0], [-0.3969103500271043, 0.0006000000052159533, -0.8928059209099524, 1.0], [-0.4373061944936518, 0.0006000000052159495, -0.8893465299475523, 1.0], [-0.4756392865366049, 0.0006000000052159384, -0.8793488060664352, 1.0], [-0.5113939243782253, 0.0006000000052159206, -0.8633839477743535, 1.0], [-0.5440543953033038, 0.0006000000052158969, -0.8420226285804344, 1.0], [-0.5731050358152526, 0.0006000000052158678, -0.815835871992888, 1.0], [-0.5980301386675979, 0.000600000005215834, -0.785394701519925, 1.0], [-0.6183140130200733, 0.0006000000052157962, -0.7512699656702138, 1.0], [-0.63344097076678, 0.0006000000052157549, -0.7140326879519647, 1.0], [-0.6428953197002676, 0.0006000000052157107, -0.6742538918733887, 1.0], [-0.6461613676130858, 0.0006000000052156643, -0.632504425943154, 1.0], [-0.6413936745998522, 0.0006000000052156074, -0.5812678847977413, 1.0], [-0.6277634496617067, 0.0006000000052155547, -0.5337961088169436, 1.0], [-0.6062799753181658, 0.000600000005215507, -0.49086959596172397, 1.0], [-0.5779525340887463, 0.0006000000052154653, -0.4532695441912158, 1.0], [-0.5437904084929649, 0.0006000000052154304, -0.4217767139656958, 1.0], [-0.5048028837847061, 0.000600000005215403, -0.3971721282447551, 1.0], [-0.46199924248348645, 0.0006000000052153842, -0.3802365474886704, 1.0], [-0.4163887616400873, 0.0006000000052153748, -0.37175099465703143, 1.0], [-0.3689807292427607, 0.0006000000052153756, -0.37249623021011624, 1.0], [-0.3207844114048163, 0.0006000000052153876, -0.3832533646072869, 1.0], [-0.17528567901776504, 0.0006000000052151878, -0.20337518453595438, 1.0], [-0.2088799037534278, 0.0006000000052151417, -0.16188524292771733, 1.0], [-0.23385841974748212, 0.0006000000052150912, -0.11633618692384617, 1.0], [-0.2503354142016162, 0.0006000000052150376, -0.06797287577216915, 1.0], [-0.25842498681774617, 0.0006000000052149821, -0.01804043121982657, 1.0], [-0.25824145604721715, 0.0006000000052149263, 0.03221619998558456, 1.0], [-0.2498989215919456, 0.0006000000052148716, 0.08155189609692304, 1.0], [-0.2335115706536195, 0.0006000000052148192, 0.1287217978663615, 1.0], [-0.20919363418381243, 0.0006000000052147706, 0.17248069604698912, 1.0], [-0.17705929938421222, 0.0006000000052147271, 0.21158360014132116, 1.0], [-0.13722270970662104, 0.0006000000052146904, 0.24478556340176016, 1.0], [-0.23667753113260193, 0.0006000000052144818, 0.43264468512301923, 1.0], [-0.24361298176385582, 0.0006000000052144842, 0.4305279344029942, 1.0], [-0.250758388096604, 0.0006000000052144862, 0.4286026769326965, 1.0], [-0.2580658440060005, 0.0006000000052144881, 0.4268763064428098, 1.0], [-0.26548753086697063, 0.0006000000052144898, 0.42535626041390406, 1.0], [-0.27297549880478245, 0.0006000000052144913, 0.4240498450768917, 1.0], [-0.28048188544447583, 0.0006000000052144925, 0.42296445416245687, 1.0], [-0.28795880653614736, 0.0006000000052144935, 0.4221073939015123, 1.0], [-0.2953583559549512, 0.0006000000052144941, 0.4214861017746272, 1.0], [-0.3026326932008695, 0.0006000000052144946, 0.4211079277626004, 1.0], [-0.3097338902741137, 0.0006000000052144947, 0.4209802655961157, 1.0], [-0.3502789218509125, 0.000600000005214491, 0.42434021306831027, 1.0], [-0.38869856210525966, 0.0006000000052144802, 0.43408375011348643, 1.0], [-0.4244881998554435, 0.0006000000052144628, 0.4497061343002753, 1.0], [-0.4571431364199805, 0.0006000000052144395, 0.4707027544469642, 1.0], [-0.48615878249210165, 0.0006000000052144109, 0.49656899937184207, 1.0], [-0.5110304831402094, 0.0006000000052143772, 0.5268002141433108, 1.0], [-0.5312535724952344, 0.0006000000052143394, 0.5608917438297729, 1.0], [-0.546323439375465, 0.0006000000052142978, 0.5983389334996305, 1.0], [-0.5557354288493036, 0.000600000005214253, 0.6386371719711721, 1.0], [-0.5589849023913596, 0.0006000000052142058, 0.6812818043127999, 1.0], 