{"energy_atomic2Shape3": {"overrideRGBColors": false, "knots": [0.0, 1.0, 2.0, 3.0, 4.0, 5.0, 6.0, 7.0, 8.0, 9.0, 10.0, 11.0, 12.0, 13.0, 14.0, 15.0, 16.0, 17.0, 18.0, 19.0, 20.0, 21.0, 22.0, 23.0, 24.0, 25.0, 26.0, 27.0, 28.0, 29.0, 30.0, 31.0, 32.0, 33.0, 34.0, 35.0, 36.0, 37.0, 38.0, 39.0, 40.0], "degree": 1, "form": 3, "overrideColorRGB": [0.0, 0.0, 0.0], "cvs": [[0.00035064839530556764, -3.0334826184850675e-16, -0.13427338905514707, 1.0], [0.022396894664381297, -3.0532835355066385e-16, -0.1324898810047488, 1.0], [0.043323694438052146, -3.1106005251322714e-16, -0.12732722554234854, 1.0], [0.06285337640044399, -3.202302181873402e-16, -0.11906747459977618, 1.0], [0.080708368795137, -3.3252593109054217e-16, -0.10799248098995307, 1.0], [0.0966107016278967, -3.476341612071743e-16, -0.09438419708525458, 1.0], [0.11028280314230303, -3.6524176798838036e-16, -0.07852467481750969, 1.0], [0.12144680290357486, -3.850359424848969e-16, -0.06069566744018573, 1.0], [0.12982512915529237, -4.0670354414786765e-16, -0.04117922688511255, 1.0], [0.13513991146267448, -4.29931542961634e-16, -0.020257305524664204, 1.0], [0.13711357806930088, -4.544069089105373e-16, 0.0017881442687830429, 1.0], [0.13531035724710466, -4.790932827336965e-16, 0.024023653059005223, 1.0], [0.13009443747707025, -5.024902868066232e-16, 0.0450978008238887, 1.0], [0.1217561341256689, -5.242894229747612e-16, 0.06473271712865358, 1.0], [0.1105857625593715, -5.441824141499497e-16, 0.08265073065742667, 1.0], [0.09687373770410286, -5.618609832440275e-16, 0.098574170094333, 1.0], [0.08091027536688032, -5.770166321024384e-16, 0.11222516500459223, 1.0], [0.06298598959253567, -5.89341194170219e-16, 0.12332614363178473, 1.0], [0.04339099662863309, -5.985261712928132e-16, 0.13159923554112885, 1.0], [0.02241581096055054, -6.042632863820598e-16, 0.1367667694167518, 1.0], [0.00035064839530556764, -6.062441518166002e-16, 0.1385509743833251, 1.0], [-0.021884860394915953, -6.042422850745121e-16, 0.13674785312058235, 1.0], [-0.04295900815979972, -5.984514508512224e-16, 0.13153193335054825, 1.0], [-0.06259392446456473, -5.891939639509898e-16, 0.12319353043969272, 1.0], [-0.08051193799333742, -5.767923602444683e-16, 0.11202315887339553, 1.0], [-0.09643537743024391, -5.615689545359165e-16, 0.09831113401812708, 1.0], [-0.11008637234050343, -5.438460616295933e-16, 0.08234777124035775, 1.0], [-0.12118735096769571, -5.239459963297572e-16, 0.06442338590656016, 1.0], [-0.12946044287703995, -5.021912945070622e-16, 0.04482849250211096, 1.0], [-0.13462797675266253, -4.789040498993717e-16, 0.02385320727457474, 1.0], [-0.13641218171923603, -4.544069089105373e-16, 0.0017881442687830429, 1.0], [-0.1346090604564933, -4.29931542961634e-16, -0.020257305524664204, 1.0], [-0.1293931406864589, -4.0670354414786765e-16, -0.04117922688511255, 1.0], [-0.12105473777560391, -3.850359424848969e-16, -0.06069566744018573, 1.0], [-0.10988436620930662, -3.6524176798838036e-16, -0.07852467481750969, 1.0], [-0.09617234135403788, -3.476341612071743e-16, -0.09438419708525458, 1.0], [-0.08020897857626895, -3.3252593109054217e-16, -0.10799248098995307, 1.0], [-0.06228459324247092, -3.202302181873402e-16, -0.11906747459977618, 1.0], [-0.042689699838021844, -3.1106005251322714e-16, -0.12732722554234854, 1.0], [-0.021714414610485788, -3.0532835355066385e-16, -0.1324898810047488, 1.0], [0.00035064839530556764, -3.0334826184850675e-16, -0.13427338905514707, 1.0]], "overrideEnabled": false, "useOutlinerColor": false, "outlinerColor": [0.0, 0.0, 0.0]}, "energy_atomic2Shape2": {"overrideRGBColors": false, "knots": [0.0, 1.0, 2.0, 3.0, 4.0, 5.0, 6.0, 7.0, 8.0, 9.0, 10.0, 11.0, 12.0, 13.0, 14.0, 15.0, 16.0, 17.0, 18.0, 19.0, 20.0, 21.0, 22.0, 23.0, 24.0, 25.0, 26.0, 27.0, 28.0, 29.0, 30.0, 31.0, 32.0, 33.0, 34.0, 35.0, 36.0, 37.0, 38.0, 39.0, 40.0, 41.0, 42.0], "degree": 1, "form": 3, "overrideColorRGB": [0.0, 0.0, 0.0], "cvs": [[-0.11467038825903159, -2.3482685357977036e-16, -0.19599198680434382, 1.0], [-0.10440481300634509, -2.28569569262526e-16, -0.20162804746824214, 1.0], [-0.09381507217298993, -2.2289158943400583e-16, -0.2067423170362308, 1.0], [-0.08291410848792402, -2.1781170473780524e-16, -0.21131787040120953, 1.0], [-0.07171426732338404, -2.1334848475112428e-16, -0.21533798157498696, 1.0], [-0.06022829228942088, -2.0952060958436067e-16, -0.2187858250099186, 1.0], [-0.04846872787717846, -2.0634675934791208e-16, -0.22164457515835867, 1.0], [-0.03644831769670755, -2.0384572468537385e-16, -0.22389730691320775, 1.0], [-0.024179705798605452, -2.0203618570714371e-16, -0.22552719472682226, 1.0], [-0.011675337114562565, -2.0093671199042176e-16, -0.2265175126110086, 1.0], [0.001052044745370318, -2.0056609417880333e-16, -0.2268513354586692, 1.0], [0.01339920905230155, -2.0093671199042176e-16, -0.2265175126110086, 1.0], [0.025599224486926746, -2.0203618570714371e-16, -0.22552719472682226, 1.0], [0.037630785326192226, -2.0384572468537385e-16, -0.22389730691320775, 1.0], [0.049473083644311674, -2.0634675934791208e-16, -0.22164457515835867, 1.0], [0.06110491327768503, -2.0952060958436067e-16, -0.2187858250099186, 1.0], [0.07250536674107237, -2.1334848475112428e-16, -0.21533798157498696, 1.0], [0.08365323787087388, -2.1781170473780524e-16, -0.21131787040120953, 1.0], [0.09452771874130275, -2.2289158943400583e-16, -0.2067423170362308, 1.0], [0.10510750362930579, -2.28569569262526e-16, -0.20162804746824214, 1.0], [0.11537178460909646, -2.3482685357977036e-16, -0.19599198680434382, 1.0], [0.4211594866331809, 3.5383460192253206e-16, -0.726211089133852, 1.0], [0.38335825552255853, 3.7664445364970356e-16, -0.7467563770816255, 1.0], [0.3444713285712752, 3.9737075460174604e-16, -0.7654249693305029, 1.0], [0.3045491824222668, 4.159383422042781e-16, -0.7821491654520898, 1.0], [0.2636422937184692, 4.322729381484994e-16, -0.7968620614936182, 1.0], [0.22180133822172504, 4.46299600926424e-16, -0.8094961561456007, 1.0], [0.17907659345606328, 4.579436100964609e-16, -0.8199841472174558, 1.0], [0.1355186356238733, 4.671302452170193e-16, -0.828258732518603, 1.0], [0.09117804092754427, 4.737845647801133e-16, -0.8342524107395537, 1.0], [0.046105186450558555, 4.778320694105469e-16, -0.8378980788086339, 1.0], [0.00035064839530556764, 4.791978176003344e-16, -0.8391282354163558, 1.0], [-0.04540388965994731, 4.778320694105469e-16, -0.8378980788086339, 1.0], [-0.09047674413693302, 4.737845647801133e-16, -0.8342524107395537, 1.0], [-0.13481733883326194, 4.671302452170193e-16, -0.828258732518603, 1.0], [-0.17837519710599853, 4.579436100964609e-16, -0.8199841472174558, 1.0], [-0.22109994187166018, 4.46299600926424e-16, -0.8094961561456007, 1.0], [-0.2629409969278579, 4.322729381484994e-16, -0.7968620614936182, 1.0], [-0.3038477860722019, 4.159383422042781e-16, -0.7821491654520898, 1.0], [-0.3437699322212104, 3.9737075460174604e-16, -0.7654249693305029, 1.0], [-0.3826569089522204, 3.7664445364970356e-16, -0.7467563770816255, 1.0], [-0.4204581400628429, 3.5383460192253206e-16, -0.726211089133852, 1.0], [-0.11467038825903159, -2.3482685357977036e-16, -0.19599198680434382, 1.0]], "overrideEnabled": false, "useOutlinerColor": false, "outlinerColor": [0.0, 0.0, 0.0]}, "energy_atomic2Shape1": {"overrideRGBColors": false, "knots": [0.0, 1.0, 2.0, 3.0, 4.0, 5.0, 6.0, 7.0, 8.0, 9.0, 10.0, 11.0, 12.0, 13.0, 14.0, 15.0, 16.0, 17.0, 18.0, 19.0, 20.0, 21.0, 22.0], "degree": 1, "form": 3, "overrideColorRGB": [0.0, 0.0, 0.0],