{"polyToCurveShape1": {"overrideRGBColors": false, "knots": [0.0, 1.0, 2.0, 3.0, 4.0, 5.0, 6.0], "degree": 1, "form": 3, "overrideColorRGB": [0.0, 0.0, 0.0], "cvs": [[0.28576188087463383, 1.1102230246251565e-15, -1.0, 1.0], [-0.5711904048919678, -1.8472867431286151e-16, 0.1663887977600096, 1.0], [-0.04768257141113286, -1.8472867431286151e-16, 0.1663887977600096, 1.0], [-0.3097699403762817, -1.1102230246251565e-15, 1.0, 1.0], [0.5711904048919678, 1.8472867431286151e-16, -0.1663887977600096, 1.0], [0.04768257141113286, 1.8472867431286151e-16, -0.1663887977600096, 1.0], [0.28576188087463383, 1.1102230246251565e-15, -1.0, 1.0]], "overrideEnabled": false, "useOutlinerColor": false, "outlinerColor": [0.0, 0.0, 0.0]}}