{
    "curveShape7":{
        "knots":[
            -2.0,
            -1.0,
            0.0,
            1.0,
            2.0,
            3.0,
            4.0,
            5.0,
            6.0,
            7.0,
            8.0,
            9.0,
            10.0
        ],
        "degree":3,
        "form":3,
        "overrideColorRGB":[
            0.0,
            0.0,
            0.0
        ],
        "cvs":[
            [
                0.22988445174964714,
                5.083625695178169e-17,
                -0.22894614786495482
            ],
            [
                0.0009383038846923345,
                7.189580143000339e-17,
                -0.32378990452966644
            ],
            [
                -0.2280078439802625,
                5.083625695178169e-17,
                -0.22894614786495482
            ],
            [
                -0.3228516006449741,
                0.0,
                0.0
            ],
            [
                -0.2280078439802625,
                -5.083625695178169e-17,
                0.22894614786495482
            ],
            [
                0.0009383038846923345,
                -7.189580143000339e-17,
                0.32378990452966644
            ],
            [
                0.22988445174964714,
                -5.083625695178169e-17,
                0.22894614786495482
            ],
            [
                0.3247282084143588,
                0.0,
                0.0
            ],
            [
                0.22988445174964714,
                5.083625695178169e-17,
                -0.22894614786495482
            ],
            [
                0.0009383038846923345,
                7.189580143000339e-17,
                -0.32378990452966644
            ],
            [
                -0.2280078439802625,
                5.083625695178169e-17,
                -0.22894614786495482
            ]
        ],
        "overrideEnabled":false
    },
    "curveShape9":{
        "knots":[
            -2.0,
            -1.0,
            0.0,
            1.0,
            2.0,
            3.0,
            4.0,
            5.0,
            6.0,
            7.0,
            8.0,
            9.0,
            10.0
        ],
        "degree":3,
        "form":3,
        "overrideColorRGB":[
            0.0,
            0.0,
            0.0
        ],
        "cvs":[
            [
                0.386765108054684,
                8.567159368267473e-17,
                -0.38583055738553046
            ],
            [
                0.0009383038846923345,
                1.2115696779754138e-16,
                -0.5456424750263466
            ],
            [
                -0.3848885002852993,
                8.567159368267473e-17,
                -0.38583055738553046
            ],
            [
                -0.5447041711416543,
                0.0,
                0.0
            ],
            [
                -0.3848885002852993,
                -8.567159368267473e-17,
                0.38583055738553046
            ],
            [
                0.0009383038846923345,
                -1.2115696779754138e-16,
                0.5456424750263466
            ],
            [
                0.386765108054684,
                -8.567159368267473e-17,
                0.38583055738553046
            ],
            [
                0.5465807789110388,
                0.0,
                0.0
            ],
            [
                0.386765108054684,
                8.567159368267473e-17,
                -0.38583055738553046
            ],
            [
                0.0009383038846923345,
                1.2115696779754138e-16,
                -0.5456424750263466
            ],
            [
                -0.3848885002852993,
                8.567159368267473e-17,
                -0.38583055738553046
            ]
        ],
        "overrideEnabled":false
    },
    "curveShape8":{
        "knots":[
            -2.0,
            -1.0,
            0.0,
            1.0,
            2.0,
            3.0,
            4.0,
            5.0,
            6.0,
            7.0,
            8.0,
            9.0,
            10.0,
            11.0,
            12.0,
            13.0,
            14.0
        ],
        "degree":3,
        "form":3,
        "overrideColorRGB":[
            0.0,
            0.0,
            0.0
        ],
        "cvs":[
            [
                0.5222599422198108,
                1.0833956399560034e-16,
                -0.4879180200400677
            ],
            [
                0.0009383038846923345,
                1.250071892256927e-16,
                -0.5629823308154627
            ],
            [
                -0.5203833344504262,
                1.0833956399560034e-16,
                -0.4879180200400677
            ],
            [
                -0.9773373262956434,
                1.2042359228741729e-17,
                -0.0542339645352229
            ],
            [
                -0.9936638138892917,
                0.0,
                0.0
            ],
            [
                -0.9773373262956434,
                -1.2042359228741729e-17,
                0.0542339645352229
            ],
            [
                -0.5203833344504262,
                -1.0833956399560034e-16,
                0.4879180200400677
            ],
            [
                0.0009383038846923345,
                -1.250071892256927e-16,
                0.5629823308154627
            ],
            [
                0.5222599422198108,
                -1.0833956399560034e-16,
                0.4879180200400677
            ],
            [
                0.9807152202805358,
                -1.2042359228741729e-17,
                0.0542339645352229
            ],
            [
                0.9936638138892917,
                0.0,
                0.0
            ],
            [
                0.9807152202805358,
                1.2042359228741729e-17,
                -0.0542339645352229
            ],
            [
                0.5222599422198108,
                1.0833956399560034e-16,
                -0.4879180200400677
            ],
            [
                0.0009383038846923345,
                1.250071892256927e-16,
                -0.5629823308154627
            ],
            [
                -0.5203833344504262,
                1.0833956399560034e-16,
                -0.4879180200400677
            ]
        ],
        "overrideEnabled":false
    }
}