{"newControl_ctrlShape3": {"overrideRGBColors": true, "knots": [-2.0, -1.0, 0.0, 1.0, 2.0, 3.0, 4.0, 5.0, 6.0, 7.0, 8.0, 9.0, 10.0], "degree": 3, "form": 3, "overrideColorRGB": [0.15999996662139893, 0.2999999225139618, 0.875], "cvs": [[0.39071534790752627, -3.3213025636607687e-05, -0.39071534790752627, 1.0], [0.0, -3.321302563659778e-05, -0.5525549440381461, 1.0], [-0.3907153479075263, -3.3213025636607687e-05, -0.39071534790752627, 1.0], [-0.5525549440381461, -3.321302563663161e-05, 0.0, 1.0], [-0.3907153479075263, -3.321302563665554e-05, 0.39071534790752627, 1.0], [-5.551115123125783e-17, -3.321302563666545e-05, 0.5525549440381462, 1.0], [0.39071534790752627, -3.321302563665554e-05, 0.39071534790752627, 1.0], [0.5525549440381461, -3.321302563663161e-05, 0.0, 1.0], [0.39071534790752627, -3.3213025636607687e-05, -0.39071534790752627, 1.0], [0.0, -3.321302563659778e-05, -0.5525549440381461, 1.0], [-0.3907153479075263, -3.3213025636607687e-05, -0.39071534790752627, 1.0]], "overrideEnabled": true, "useOutlinerColor": false, "outlinerColor": [0.0, 0.0, 0.0]}, "newControl_ctrlShape2": {"overrideRGBColors": true, "knots": [0.0, 1.0, 2.0, 3.0, 4.0, 5.0, 6.0, 7.0, 8.0, 9.0, 10.0, 11.0, 12.0, 13.0, 14.0, 15.0, 16.0, 17.0, 18.0, 19.0, 20.0, 21.0, 22.0, 23.0, 24.0, 25.0, 26.0, 27.0, 28.0, 29.0, 30.0, 31.0, 32.0, 33.0, 34.0, 35.0, 36.0, 37.0, 38.0, 39.0, 40.0, 41.0, 42.0, 43.0, 44.0, 45.0, 46.0, 47.0, 48.0, 49.0, 50.0, 51.0, 52.0, 53.0, 54.0, 55.0, 56.0, 57.0, 58.0, 59.0, 60.0], "degree": 1, "form": 3, "overrideColorRGB": [0.15999996662139893, 0.2999999225139618, 0.875], "cvs": [[0.9219504149314843, 3.3213025636162066e-05, -0.210844941323165, 1.0], [0.8749107515882641, 3.321302563623625e-05, -0.2776502588024137, 1.0], [0.8163927895709013, 3.321302563631274e-05, -0.34655197865054954, 1.0], [0.7453800337773753, 3.321302563638861e-05, -0.41489179450049773, 1.0], [0.6608561158032973, 3.3213025636460926e-05, -0.48001120993873503, 1.0], [0.5618049206395436, 3.321302563652668e-05, -0.5392519819470025, 1.0], [0.44721007988172534, 3.321302563658298e-05, -0.5899556141117768, 1.0], [0.3160550984278223, 3.3213025636626836e-05, -0.6294638634147991, 1.0], [0.1673238612687099, 3.3213025636655324e-05, -0.6551182334425465, 1.0], [0.0, 3.321302563666546e-05, -0.6642604811767598, 1.0], [-0.16732392461752585, 3.3213025636655324e-05, -0.6551182334425465, 1.0], [-0.3160551617766382, 3.3213025636626836e-05, -0.6294638634147991, 1.0], [-0.44721001653290926, 3.321302563658298e-05, -0.5899556141117768, 1.0], [-0.5618049523139514, 3.321302563652668e-05, -0.5392519819470025, 1.0], [-0.6608561474777053, 3.3213025636460926e-05, -0.48001120993873503, 1.0], [-0.7453799704285591, 3.321302563638861e-05, -0.41489179450049773, 1.0], [-0.8163927420592891, 3.321302563631274e-05, -0.34655197865054954, 1.0], [-0.874910767425468, 3.321302563623625e-05, -0.2776502588024137, 1.0], [-0.921950367419872, 3.3213025636162066e-05, -0.210844941323165, 1.0], [-0.9585278748131806, 3.321302563609319e-05, -0.1487943325798784, 1.0], [-0.9721584990032117, 3.3213025636061615e-05, -0.12035603548286833, 1.0], [-0.9827600965852834, 3.321302563602901e-05, -0.09099303571826511, 1.0], [-0.9903326660746578, 3.321302563599564e-05, -0.0609366198133956, 1.0], [-0.9948762078425193, 3.321302563596176e-05, -0.030417820900321857, 1.0], [-0.9963907217651398, 3.3213025635927634e-05, 0.000332137842446123, 1.0], [-0.9948762078425193, 3.321302563589348e-05, 0.031082096585214325, 1.0], [-0.9903326660746578, 3.32130256358596e-05, 0.06160083214947232, 1.0], [-0.9827600965852834, 3.3213025635826234e-05, 0.0916573114031578, 1.0], [-0.9721584990032117, 3.321302563579363e-05, 0.1210203111677608, 1.0], [-0.9585278748131806, 3.321302563576205e-05, 0.1494586082647711, 1.0], [-0.921950367419872, 3.3213025635693365e-05, 0.21132914799849156, 1.0], [-0.874910767425468, 3.321302563561934e-05, 0.2779903469212719, 1.0], [-0.8163927420592891, 3.3213025635542986e-05, 0.3467798443418102, 1.0], [-0.7453799704285591, 3.32130256354672e-05, 0.41503526373160216, 1.0], [-0.6608561474777053, 3.3213025635394966e-05, 0.48009426023655055, 1.0], [-0.5618049523139514, 3.321302563532926e-05, 0.5392944890025586, 1.0], [-0.44721001653290926, 3.321302563527299e-05, 0.5899735735011212, 1.0], [-0.3160551617766382, 3.321302563522914e-05, 0.6294691728374426, 1.0], [-0.16732392461752585, 3.321302563520068e-05, 0.6551189282998723, 1.0], [0.0, 3.321302563519051e-05, 0.6642604811767598, 1.0], [0.1673238612687099, 3.321302563520068e-05, 0.6551182641271293, 1.0], [0.3160550984278223, 3.3213025635229164e-05, 0.6294638594554981, 1.0], [0.44721007988172534, 3.321302563527302e-05, 0.5899556378675828, 1.0], [0.5618049206395436, 3.321302563532929e-05, 0.5392519740284003, 1.0], [0.6608561158032973, 3.3213025635395074e-05, 0.480011225775939, 1.0], [0.7453800337773753, 3.321302563546736e-05, 0.41489177866329374, 1.0], [0.8163927895709013, 3.321302563554326e-05, 0.3465520103249575, 1.0], [0.8749107515882641, 3.321302563561972e-05, 0.2776502588024137, 1.0], [0.9219504149314843, 3.321302563569391e-05, 0.2108449096487568, 1.0], [0.9585278946096858, 3.321302563576281e-05, 0.1487943325798784, 1.0], [0.9721585326572701, 3.321302563579436e-05, 0.12035666897102848, 1.0], [0.9827600837175552, 3.3213025635826966e-05, 0.09099835701881176, 1.0], [0.9903326744881724, 3.3213025635860305e-05, 0.06095454752833218, 1.0], [0.9948761782714901, 3.321302563589419e-05, 0.03046032795587794, 1.0], [0.9963907217651398, 3.321302563592826e-05, -0.0002490875446308216, 1.0], [0.9948761782714901, 3.3213025635962356e-05, -0.03093861151690591, 1.0], [0.9903326744881724, 3.321302563599613e-05, -0.061373029807027635, 1.0], [0.9827600837175552, 3.321302563602939e-05, -0.09131719160989138, 1.0], [0.9721585326572701, 3.321302563606183e-05, -0.12053607281802603, 1.0], [0.9585278946096858, 3.321302563609319e-05, -0.1487943325798784, 1.0], [0.9219504149314843, 3.3213025636162066e-05, -0.210844941323165, 1.0]], "overrideEnabled": true, "useOutlinerColor": false, "outlinerColor": [0.0, 0.0, 0.0]}, "newControl_ctrlShape1": {"overrideRGBColors": true, "knots": [-2.0, -1.0, 0.0, 1.0, 2.0, 3.0, 4.0, 5.0, 6.0, 7.0, 8.0, 9.0, 10.0], "degree": 3, "form": 3, "overrideColorRGB": [0.15999996662139893, 0.2999999225139618, 0.875], "cvs": [[0.2611528176479391, -3.321302563661563e-05, -0.2611528176479392, 1.0], [0.0, -3.3213025636609e-05, -0.3693258565696631, 1.0], [-0.2611528176479391, -3.321302563661563e-05, -0.26115281764793896, 1.0], [-0.3693258565696632, -3.321302563663161e-05, 0.0, 1.0], [-0.2611528176479391, -3.32130256366476e-05, 0.2611528176479392, 1.0], [-5.551115123125783e-17, -3.3213025636654226e-05, 0.3693258565696633, 1.0], [0.2611528176479391, -3.32130256366476e-05, 0.26115281764793896, 1.0], [0.3693258565696631, -3.321302563663161e-05, 0.0, 1.0], [0.2611528176479391, -3.321302563661563e-05, -0.2611528176479392, 1.0], [0.0, -3.3213025636609e-05, -0.3693258565696631, 1.0], [-0.2611528176479391, -3.321302563661563e-05, -0.26115281764793896, 1.0]], "overrideEnabled": true, "useOutlinerColor": false, "outlinerColor": [0.0, 0.0, 0.0]}, "newControl_ctrlShape0": {"overrideRGBColors": true, "knots": [-2.0, -1.0, 0.0, 1.0, 2.0, 3.0, 4.0, 5.0, 6.0, 7.0, 8.0, 9.0, 10.0], "degree": 3, "form": 3, "overrideColorRGB": [0.15999996662139893, 0.2999999225139618, 0.875],