{"eye2Shape": {"overrideRGBColors": false, "knots": [0.0, 1.0, 2.0, 3.0, 4.0, 5.0, 6.0, 7.0, 8.0, 9.0, 10.0, 11.0, 12.0, 13.0, 14.0, 15.0, 16.0, 17.0, 18.0, 19.0, 20.0, 21.0, 22.0, 23.0, 24.0, 25.0, 26.0, 27.0, 28.0, 29.0, 30.0, 31.0, 32.0, 33.0, 34.0, 35.0, 36.0, 37.0, 38.0, 39.0, 40.0, 41.0, 42.0, 43.0, 44.0, 45.0, 46.0, 47.0, 48.0, 49.0, 50.0, 51.0, 52.0, 53.0, 54.0, 55.0, 56.0, 57.0, 58.0, 59.0, 60.0, 61.0, 62.0, 63.0, 64.0, 65.0, 66.0, 67.0, 68.0, 69.0, 70.0, 71.0, 72.0, 73.0, 74.0, 75.0, 76.0, 77.0, 78.0, 79.0, 80.0], "degree": 1, "form": 3, "overrideColorRGB": [0.0, 0.0, 0.0], "cvs": [[0.9884217893872761, -7.024334957144923e-05, -0.049983406780740536, 1.0], [0.903629980320423, -7.024334957131165e-05, -0.1739173173058559, 1.0], [0.8145196406383283, -7.024334957118854e-05, -0.28480546842082166, 1.0], [0.7215704135514455, -7.02433495710799e-05, -0.3826479941041889, 1.0], [0.6252624781844304, -7.024334957098576e-05, -0.46744489435595726, 1.0], [0.5260753437691867, -7.02433495709061e-05, -0.5391960351975764, 1.0], [0.4244890554518199, -7.024334957084093e-05, -0.5979015506075971, 1.0], [0.3209833904213346, -7.024334957079023e-05, -0.6435613066074679, 1.0], [0.21603825984528524, -7.024334957075403e-05, -0.6761755711542907, 1.0], [0.11013344091267657, -7.02433495707323e-05, -0.6957440762909641, 1.0], [0.003748777801788228, -7.024334957072505e-05, -0.7022668220174886, 1.0], [-0.10263595229837527, -7.02433495707323e-05, -0.6957440762909641, 1.0], [-0.20854077123098408, -7.024334957075403e-05, -0.6761755711542907, 1.0], [-0.3134859018070334, -7.024334957079023e-05, -0.6435613066074679, 1.0], [-0.4169915668375188, -7.024334957084093e-05, -0.5979015506075971, 1.0], [-0.5185778216602479, -7.02433495709061e-05, -0.5391960351975764, 1.0], [-0.6177649225808539, -7.024334957098576e-05, -0.46744489435595726, 1.0], [-0.714072924937144, -7.02433495710799e-05, -0.3826479941041889, 1.0], [-0.8070220682874328, -7.024334957118854e-05, -0.28480546842082166, 1.0], [-0.8961324917061217, -7.024334957131165e-05, -0.1739173173058559, 1.0], [-0.9809243415945643, -7.024334957144923e-05, -0.049983406780740536, 1.0], [-0.9837733954689515, -7.024334957145431e-05, -0.045412460576533364, 1.0], [-0.9863225488253285, -7.024334957145953e-05, -0.04070653098279209, 1.0], [-0.9885718021870495, -7.02433495714649e-05, -0.03588062359716182, 1.0], [-0.9905211550307605, -7.024334957147037e-05, -0.03094974401728856, 1.0], [-0.9921706076181384, -7.024334957147594e-05, -0.025928897840817422, 1.0], [-0.9935201596875064, -7.02433495714816e-05, -0.020833090665394183, 1.0], [-0.9945698111080259, -7.024334957148733e-05, -0.015677328088664177, 1.0], [-0.9953195622067932, -7.02433495714931e-05, -0.010476548718997503, 1.0], [-0.9957694128202601, -7.02433495714989e-05, -0.005245758154039937, 1.0], [-0.9959193630465554, -7.024334957150473e-05, -2.8980712052373292e-08, 1.0], [-0.9957694128202601, -7.024334957151056e-05, 0.005245700192616054, 1.0], [-0.9953195622067932, -7.024334957151636e-05, 0.010476490757573398, 1.0], [-0.9945698111080259, -7.024334957152213e-05, 0.015677270127240073, 1.0], [-0.9935201596875064, -7.024334957152786e-05, 0.020833032703970078, 1.0], [-0.9921706076181384, -7.024334957153352e-05, 0.025928839879393317, 1.0], [-0.9905211550307605, -7.024334957153909e-05, 0.030949686055864456, 1.0], [-0.9885718021870495, -7.024334957154456e-05, 0.03588056563573794, 1.0], [-0.9863225488253285, -7.024334957154993e-05, 0.040706473021367984, 1.0], [-0.9837733954689515, -7.024334957155515e-05, 0.04541240261510948, 1.0], [-0.9809243415945643, -7.024334957156023e-05, 0.04998334881931643, 1.0], [-0.8961324917061217, -7.024334957169781e-05, 0.17391722584979408, 1.0], [-0.8070220682874328, -7.024334957182092e-05, 0.2848054104593978, 1.0], [-0.714072924937144, -7.024334957192955e-05, 0.38264793614276504, 1.0], [-0.6177649225808539, -7.02433495720237e-05, 0.467444786152577, 1.0], [-0.5185778216602479, -7.024334957210336e-05, 0.5391959604888339, 1.0], [-0.4169915668375188, -7.024334957216853e-05, 0.5979014675251948, 1.0], [-0.3134859018070334, -7.024334957221922e-05, 0.6435613114484895, 1.0], [-0.20854077123098408, -7.024334957225543e-05, 0.6761754838850589, 1.0], [-0.10263595229837527, -7.024334957227716e-05, 0.695743987451671, 1.0], [0.003748777801788228, -7.024334957228441e-05, 0.702266822017488, 1.0], [0.11013344091267657, -7.024334957227716e-05, 0.695743987451671, 1.0], [0.21603825984528524, -7.024334957225543e-05, 0.6761754838850589, 1.0], [0.3209833904213346, -7.024334957221922e-05, 0.6435613114484895, 1.0], [0.4244890554518199, -7.024334957216853e-05, 0.5979014675251948, 1.0], [0.5260753437691867, -7.024334957210336e-05, 0.5391959604888339, 1.0], [0.6252624781844304, -7.02433495720237e-05, 0.467444786152577, 1.0], [0.7215704135514455, -7.024334957192955e-05, 0.38264793614276504, 1.0], [0.8145196406383283, -7.024334957182092e-05, 0.2848054104593978, 1.0], [0.903629980320423, -7.024334957169781e-05, 0.17391722584979408, 1.0], [0.9884217893872761, -7.024334957156023e-05, 0.04998334881931643, 1.0], [0.9898463833137449, -7.024334957155515e-05, 0.04541240261510948, 1.0], [0.9911209212637585, -7.024334957154993e-05, 0.040706473021367984, 1.0], [0.992245537215868, -7.024334957154456e-05, 0.03588056563573794, 1.0], [0.993220231170073, -7.024334957153909e-05, 0.030949686055864456, 1.0], [0.9940450031263731, -7.024334957153352e-05, 0.025928839879393317, 1.0], [0.9947197191062186, -7.024334957152786e-05, 0.020833032703970078, 1.0], [0.9952446470667101, -7.024334957152213e-05, 0.015677270127240073, 1.0], [0.9956195190507465, -7.024334957151636e-05, 0.010476490757573398, 1.0], [0.9958443350583278, -7.024334957151056e-05, 0.005245700192616054, 1.0], [0.9959193630465554, -7.024334957150473e-05, -2.8980712052373292e-08, 1.0], [0.9958443350583278, -7.02433495714989e-05, -0.005245758154039937, 1.0], [0.9956195190507465, -7.02433495714931e-05, -0.010476548718997503, 1.0], [0.9952446470667101, -7.024334957148733e-05, -0.015677328088664177, 1.0], [0.9947197191062186, -7.02433495714816e-05, -0.020833090665394183, 1.0], [0.9940450031263731, -7.024334957147594e-05, -0.025928897840817422, 1.0], [0.993220231170073, -7.024334957147037e-05, -0.03094974401728856, 1.0], [0.992245537215868, -7.02433495714649e-05, -0.03588062359716182, 1.0], [0.9911209212637585, -7.024334957145953e-05, -0.04070653098279209, 1.0], [0.9898463833137449, -7.024334957145431e-05, -0.045412460576533364, 1.0], [0.9884217893872761, -7.024334957144923e-05, -0.049983406780740536, 1.0]], "overrideEnabled": false, "useOutlinerColor": false, "outlinerColor": [0.0, 0.0, 0.0]}, "eye2Shape1": {"overrideRGBColors": false, "knots": [-2.0, -1.0, 0.0, 1.0, 2.0, 3.0, 4.0, 5.0, 6.0, 7.0, 8.0, 9.0, 10.0], "degree": 3, "form": 3, "overrideColorRGB": [0.0, 0.0, 0.0], "cvs": [[0.39375716204592603, 2.4109945810646405e-17, -0.3937571620459259, 1.0], [5.551115123125783e-17, 3.4098158324669114e-17, -0.5568567188468889, 1.0], [-0.3937571620459259, 2.4109945810646405e-17, -0.3937571620459259, 1.0], [-0.556856718846889, 0.0, 0.0, 1.0], [-0.3937571620459259, -2.4123498337802474e-17, 0.3937571620459259, 1.0], [0.0, -3.4111710851825183e-17, 0.5568567188468891, 1.0], [0.39375716204592603, -2.4123498337802474e-17, 0.3937571620459259, 1.0], [0.556856718846889, 0.0, 0.0, 1.0], [0.39375716204592603, 2.4109945810646405e-17, -0.3937571620459259, 1.0], [5.551115123125783e-17, 3.4098158324669114e-17, -0.5568567188468889, 1.0], [-0.3937571620459259, 2.4109945810646405e-17, -0.3937571620459259, 1.0]], "overrideEnabled": false, "useOutlinerColor": false, "outlinerColor": [0.0, 0.0, 0.0]}, "eye2Shape2": {"overrideRGBColors": false,