{"eye3Shape1": {"overrideRGBColors": false, "knots": [0.0, 1.0, 2.0, 3.0, 4.0, 5.0, 6.0, 7.0, 8.0, 9.0, 10.0, 11.0, 12.0, 13.0, 14.0, 15.0, 16.0, 17.0, 18.0, 19.0, 20.0, 21.0, 22.0, 23.0, 24.0, 25.0, 26.0, 27.0, 28.0, 29.0, 30.0, 31.0, 32.0, 33.0, 34.0, 35.0, 36.0, 37.0, 38.0, 39.0, 40.0], "degree": 1, "form": 3, "overrideColorRGB": [0.0, 0.0, 0.0], "cvs": [[-0.13488057744097026, 4.706207093106119e-16, -0.4238974502168218, 1.0], [-0.2629246281780336, 4.587300867152491e-16, -0.4131873295188859, 1.0], [-0.38378164999786435, 4.4037192402488563e-16, -0.3966517665885805, 1.0], [-0.4971010183193212, 4.1674057280911035e-16, -0.37536653768265493, 1.0], [-0.6025323532968939, 3.8903002235600175e-16, -0.35040709274368464, 1.0], [-0.6997251527172569, 3.584347148055263e-16, -0.3228492896069637, 1.0], [-0.7883288939724484, 3.261486394457625e-16, -0.2937685782150661, 1.0], [-0.8679930850464608, 2.933661478462992e-16, -0.264240734824742, 1.0], [-0.9383672543179222, 2.6128136515078137e-16, -0.2353413317463826, 1.0], [-0.9991009097708249, 2.310885070732314e-16, -0.2081460228689216, 1.0], [-0.9405064578793584, 1.0970069805818307e-16, -0.09880960457942312, 1.0], [-0.8704424910205983, -2.916185018398655e-18, 0.0026266659524409874, 1.0], [-0.7897671033045511, -1.0581842146437574e-16, 0.09531276069517958, 1.0], [-0.6993384092358594, -1.980622453024214e-16, 0.1783986108280301, 1.0], [-0.600014472332576, -2.7870393584039764e-16, 0.2510341883195013, 1.0], [-0.4926534376912971, -3.4679974974357197e-16, 0.3123694447434665, 1.0], [-0.3781133688300755, -4.014059663198063e-16, 0.3615543520684349, 1.0], [-0.2572523904508717, -4.4157883940404406e-16, 0.39773885931895003, 1.0], [-0.1309285048878306, -4.663746362752689e-16, 0.4200729276288706, 1.0], [0.0, -4.748496213821402e-16, 0.4277065155827259, 1.0], [0.13087417357767672, -4.663142555518058e-16, 0.4200185415081329, 1.0], [0.25705904930212664, -4.413641508148842e-16, 0.39754548502892173, 1.0], [0.3777326417662811, -4.009832970100786e-16, 0.3611736453992769, 1.0], [0.4920732918772469, -3.461556811457681e-16, 0.3117893193240525, 1.0], [0.5992591773850425, -2.778652994288857e-16, 0.25027881179342437, 1.0], [0.6984683128826, -1.9709613108441846e-16, 0.17752841250159102, 1.0], [0.7888788761199373, -1.048321779799482e-16, 0.09442443153738667, 1.0], [0.8696690448470749, -2.0574419830564856e-18, 0.0018531789896460982, 1.0], [0.9400169968140307, 1.1024412032386393e-16, -0.09929907584206821, 1.0], [0.9991009097708247, 2.310885070732314e-16, -0.2081460228689216, 1.0], [0.9378959546759024, 2.6128136515078137e-16, -0.2353413317463826, 1.0], [0.8672840145412931, 2.933661478462992e-16, -0.264240734824742, 1.0], [0.7875675826073115, 3.261486394457625e-16, -0.2937685782150661, 1.0], [0.6990483363288343, 3.584347148055263e-16, -0.3228492896069637, 1.0], [0.6020287689461755, 3.8903002235600175e-16, -0.35040709274368464, 1.0], [0.49681104738547577, 4.1674057280911035e-16, -0.37536653768265493, 1.0], [0.38369701225869846, 4.4037192402488563e-16, -0.3966517665885805, 1.0], [0.26298915680615864, 4.587300867152491e-16, -0.4131873295188859, 1.0], [0.13498940321836472, 4.706207093106119e-16, -0.4238974502168218, 1.0], [0.0, 4.748496213821403e-16, -0.4277065155827253, 1.0], [-0.13488057744097026, 4.706207093106119e-16, -0.4238974502168218, 1.0]], "overrideEnabled": false, "useOutlinerColor": false, "outlinerColor": [0.0, 0.0, 0.0]}, "eye3Shape": {"overrideRGBColors": false, "knots": [0.0, 1.0, 2.0, 3.0, 4.0, 5.0, 6.0, 7.0, 8.0, 9.0, 10.0, 11.0, 12.0, 13.0, 14.0, 15.0, 16.0, 17.0, 18.0, 19.0, 20.0, 21.0, 22.0, 23.0, 24.0, 25.0, 26.0, 27.0, 28.0, 29.0, 34.0, 39.0, 49.0, 50.0, 51.0, 52.0, 53.0, 54.0, 55.0, 56.0, 57.0, 58.0, 59.0, 60.0, 61.0, 62.0, 63.0, 64.0, 65.0, 66.0, 67.0, 68.0, 69.0, 70.0, 71.0, 72.0, 73.0, 74.0, 75.0, 76.0, 77.0, 78.0, 79.0, 80.0, 81.0, 82.0, 83.0, 84.0, 85.0, 86.0, 87.0, 88.0, 89.0, 90.0], "degree": 1, "form": 3, "overrideColorRGB": [0.0, 0.0, 0.0], "cvs": [[-0.0877422922275724, -2.7339112277478006e-16, 0.24624883173098022, 1.0], [-0.17378448760289095, -2.596421092437607e-16, 0.23386482128797814, 1.0], [-0.25763507539971636, -2.3715346183974027e-16, 0.21360884847421535, 1.0], [-0.3388026264703532, -2.0627408029988013e-16, 0.1857951742349464, 1.0], [-0.41679563008856174, -1.6735281907615307e-16, 0.1507380187261531, 1.0], [-0.4911225347388311, -1.2073853262053174e-16, 0.10875160210381751, 1.0], [-0.5612919112734654, -6.678012067017774e-17, 0.06015018531319394, 1.0], [-0.6268122489662253, -5.8263923918749e-18, 0.005247947720992463, 1.0], [-0.6871920778801436, 6.177370719202645e-17, -0.055640808938260955, 1.0], [-0.7419398464997086, 1.356713009869592e-16, -0.12220184411394808, 1.0], [-0.6765464042317894, 1.602256096358046e-16, -0.14431839917020395, 1.0], [-0.6105365952763844, 1.8244958775384409e-16, -0.16433597908442255, 1.0], [-0.54397886403172, 2.023388879629522e-16, -0.18225066808650237, 1.0], [-0.47694173647456695, 2.1988893645905943e-16, -0.19805834645998277, 1.0], [-0.4094936977924233, 2.3509529529366276e-16, -0.21175501685621945, 1.0], [-0.34170323317278756, 2.4795348123307034e-16, -0.22333664113729457, 1.0], [-0.27363882780315824, 2.584591016139679e-16, -0.23279926274383578, 1.0], [-0.2053689260817616, 2.6660758263228586e-16, -0.24013876195938222, 1.0], [-0.13696205398536826, 2.7239448633952127e-16, -0.24535114143528913, 1.0], [-0.0684867374907484, 2.7581532950198227e-16, -0.24843236303363958, 1.0], [-0.07516891758983446, 2.584583317657581e-16, -0.23279856932621357, 1.0], [-0.08310797831284927, 2.4179908821866823e-16, -0.21779325672002403, 1.0], [-0.09227177771354572, 2.2595389122556823e-16, -0.20352117206527653, 1.0], [-0.10262809226713288, 2.1103898786612507e-16, -0.19008702142290557, 1.0], [-0.11414453529173263, 1.9717067050519442e-16, -0.1775955516431169, 1.0], [-0.12678912799818548, 1.844652767928208e-16, -0.16615155036538853, 1.0], [-0.14052940212606907, 1.730390990938599e-16, -0.15585976443992688, 1.0], [-0.1553332973076803, 1.6300833920278985e-16, -0.1468248591383936, 1.0], [-0.17116850843968462, 1.5448938005484391e-16, -0.13915166288953884, 1.0], [-0.18800281199729119, 1.4759846872968903e-16, -0.13294488175429664, 1.0], [-0.21091569600859889, 1.416349075009185e-16, -0.12757338332875823, 1.0], [-0.2323178269677526, 1.3790766475099113e-16, -0.12421618151681968, 1.0], [-0.22358908594100385, 9.094452384339714e-17, -0.08191554473850204, 1.0], [-0.20802577609539885, 4.865381814650476e-17, -0.04382346345495014, 1.0], [-0.1871487662225194, 1.0603255247964838e-17, -0.009550563276729873, 1.0], [-0.16160660574537028, -2.2813636561492014e-17, 0.020548697023460405, 1.0], [-0.13204784408695602, -5.120323842075767e-17, 0.04611977709437742, 1.0], [-0.09912111224882514, -7.417197675391275e-17, 0.06680817737405098, 1.0], [-0.0634751228110697, -9.132618741466035e-17, 0.08225931672196651, 1.0], [-0.02575834361815088, -1.0227231946967537e-16, 0.09211871597078924, 1.0], [0.013380431171295615, -1.0661677670044422e-16, 0.09603185516391288, 1.0], [0.05329281529135266, -1.039659855310474e-16, 0.09364423473936623, 1.0], [0.09333001458338397, -9.392628181518801e-17, 0.08460127355663549, 1.0], [0.13142205507766425, -7.682872292563766e-17, 0.0692011615878505, 1.0], [0.16569499604515647, -5.375564751747187e-17, 0.048418782825749296, 1.0], [0.19579429713461827, -2.5440630364170868e-17, 0.022914882685630245, 1.0], [0.22136533641626344, 7.382889616351285e-18, -0.006649915785023386, 1.0], [0.2420537366959371, 4.398138293580315e-17, -0.03961490796018452, 1.0], [0.25750487604385264, 8.362122953551551e-17, -0.07531930763528205, 1.0], [0.26736429568731146, 1.2556903578276327e-16, -0.11310253255210512, 1.0], [0.27127737369652705, 1.690911816188773e-16, -0.1523037965060825, 1.0], [0.26888981445588844, 2.1345422812594363e-16, -0.19226247644973138, 1.0], [0.2598468328785215, 2.5792460053048196e-16, -0.2323178269677526, 1.0], [0.3089290532115141, 2.5063413798448517e-16, -0.22575116208665058, 1.0], [0.357850074342009, 2.421807517899314e-16, -0.21813702870348828, 