{
    "curveShape13":{
        "knots":[
            -2.0,
            -1.0,
            0.0,
            1.0,
            2.0,
            3.0,
            4.0,
            5.0,
            6.0,
            7.0,
            8.0,
            9.0,
            10.0
        ],
        "degree":3,
        "form":3,
        "overrideColorRGB":[
            0.0,
            0.0,
            0.0
        ],
        "cvs":[
            [
                -0.5318006411162269,
                1.2926426991524708e-16,
                -0.582154517822626
            ],
            [
                -0.3804515131170149,
                1.431844374791815e-16,
                -0.6448453792764959
            ],
            [
                -0.22910238525529947,
                1.2926426991524708e-16,
                -0.582154517822626
            ],
            [
                -0.16641152380143182,
                9.565801261344249e-17,
                -0.4308053899609018
            ],
            [
                -0.22910238525529947,
                6.205175528111234e-17,
                -0.27945626196170276
            ],
            [
                -0.3804515131170149,
                4.8131587717180436e-17,
                -0.21676540050784415
            ],
            [
                -0.5318006411162269,
                6.205175528111234e-17,
                -0.27945626196170276
            ],
            [
                -0.594491502432598,
                9.565801261344249e-17,
                -0.4308053899609018
            ],
            [
                -0.5318006411162269,
                1.2926426991524708e-16,
                -0.582154517822626
            ],
            [
                -0.3804515131170149,
                1.431844374791815e-16,
                -0.6448453792764959
            ],
            [
                -0.22910238525529947,
                1.2926426991524708e-16,
                -0.582154517822626
            ]
        ],
        "overrideEnabled":false
    },
    "curveShape12":{
        "knots":[
            -2.0,
            -1.0,
            0.0,
            1.0,
            2.0,
            3.0,
            4.0,
            5.0,
            6.0,
            7.0,
            8.0,
            9.0,
            10.0
        ],
        "degree":3,
        "form":3,
        "overrideColorRGB":[
            0.0,
            0.0,
            0.0
        ],
        "cvs":[
            [
                0.7713440644484081,
                1.7127278805171178e-16,
                -0.7713440644483951
            ],
            [
                0.0,
                2.422162998228717e-16,
                -1.0908452376253452
            ],
            [
                -0.7713440644484081,
                1.7127278805171178e-16,
                -0.7713440644483951
            ],
            [
                -1.090845237625345,
                1.2661166150080644e-30,
                -5.7020823155579125e-15
            ],
            [
                -0.7713440644484081,
                -1.7127278805171683e-16,
                0.7713440644484179
            ],
            [
                0.0,
                -2.4221629982287163e-16,
                1.090845237625345
            ],
            [
                0.7713440644484081,
                -1.7127278805171683e-16,
                0.7713440644484179
            ],
            [
                1.090845237625345,
                1.2661166150080644e-30,
                -5.7020823155579125e-15
            ],
            [
                0.7713440644484081,
                1.7127278805171178e-16,
                -0.7713440644483951
            ],
            [
                0.0,
                2.422162998228717e-16,
                -1.0908452376253452
            ],
            [
                -0.7713440644484081,
                1.7127278805171178e-16,
                -0.7713440644483951
            ]
        ],
        "overrideEnabled":false
    },
    "curveShape11":{
        "knots":[
            2.0,
            2.0,
            2.0,
            3.0,
            4.0,
            5.0,
            6.0,
            6.0,
            6.0
        ],
        "degree":3,
        "form":1,
        "overrideColorRGB":[
            0.0,
            0.0,
            0.0
        ],
        "cvs":[
            [
                -0.6186329282378901,
                1.47393588602066e-17,
                -0.06638017107050646
            ],
            [
                -0.6269260483328967,
                -4.118766937045227e-17,
                0.18549277242902804
            ],
            [
                -0.4433036600609723,
                -1.099671400618938e-16,
                0.4952479710057441
            ],
            [
                0.0,
                -1.4244481747137574e-16,
                0.6415144268849461
            ],
            [
                0.4433036600609723,
                -1.099671400618938e-16,
                0.4952479710057441
            ],
            [
                0.6269260483328967,
                -4.118766937045227e-17,
                0.18549277242902804
            ],
            [
                0.6186329282378901,
                1.47393588602066e-17,
                -0.06638017107050646
            ]
        ],
        "overrideEnabled":false
    },
    "curveShape10":{
        "knots":[
            -2.0,
            -1.0,
            0.0,
            1.0,
            2.0,
            3.0,
            4.0,
            5.0,
            6.0,
            7.0,
            8.0,
            9.0,
            10.0
        ],
        "degree":3,
        "form":3,
        "overrideColorRGB":[
            0.0,
            0.0,
            0.0
        ],
        "cvs":[
            [
                0.5346671593644177,
                1.2990076482890488e-16,
                -0.5850210360785985
            ],
            [
                0.3804515131079472,
                1.4408457721850182e-16,
                -0.6488992482710803
            ],
            [
                0.2262358669915779,
                1.2990076482890488e-16,
                -0.5850210360785985
            ],
            [
                0.1623576547990808,
                9.565801261373406e-17,
                -0.4308053899622149
            ],
            [
                0.2262358669915779,
                6.141526036745958e-17,
                -0.27658974370575296
            ],
            [
                0.3804515131079472,
                4.7231447977861396e-17,
                -0.21271153151326555
            ],
            [
                0.5346671593644177,
                6.141526036745958e-17,
                -0.27658974370575296
            ],
            [
                0.5985453714168132,
                9.565801261373406e-17,
                -0.4308053899622149
            ],
            [
                0.5346671593644177,
                1.2990076482890488e-16,
                -0.5850210360785985
            ],
            [
                0.3804515131079472,
                1.4408457721850182e-16,
                -0.6488992482710803
            ],
            [
                0.2262358669915779,
                1.2990076482890488e-16,
                -0.5850210360785985
            ]
        ],
        "overrideEnabled":false
    }
}