{"face_girlShape3": {"overrideRGBColors": false, "knots": [12.0, 13.0, 15.0, 17.0, 19.0, 21.0, 22.0, 25.0, 26.0, 27.0, 27.75836884, 28.0, 28.92753387, 32.0, 34.0, 44.0, 54.0, 61.0, 62.0, 63.0, 65.0, 67.0, 68.0, 74.0], "degree": 1, "form": 1, "overrideColorRGB": [0.0, 0.0, 0.0], "cvs": [[0.7512357203175928, -3.1029019143587883e-16, 0.03387512416640126, 1.0], [0.7751135068780064, -2.4511810004559367e-16, -0.18420570624562682, 1.0], [0.7706965014976577, -1.199052428594899e-16, -0.3025280173672025, 1.0], [0.7533819760061036, -1.1221068968751344e-18, -0.41160134277992366, 1.0], [0.7168028176867454, 1.3192167576571304e-16, -0.5388338038011766, 1.0], [0.6482769148995662, 2.624925457387923e-16, -0.6684968457327196, 1.0], [0.5837395636920206, 3.087672261967156e-16, -0.7362890218249563, 1.0], [0.4853169377081617, 4.305695052206999e-16, -0.8243106947544749, 1.0], [0.3202789609282284, 7.169350393031442e-17, -0.9108037008496108, 1.0], [0.20846409487657053, 5.92216849358237e-16, -0.9215885139078503, 1.0], [0.02805137948553632, 1.0688597512717462e-15, -0.8764865829361264, 1.0], [-0.010123711668056146, 6.351427850591904e-16, -0.8436244673805717, 1.0], [-0.0525578221281045, 8.473147919176091e-16, -0.8824070457486566, 1.0], [-0.21281092511168248, 5.925670974819267e-16, -0.9305715236798133, 1.0], [-0.377832595064507, 1.1855538997892177e-16, -0.9142872078331643, 1.0], [-0.5013249642997102, 4.903628315168019e-16, -0.8377966434642796, 1.0], [-0.6280742452740751, 3.6740668186042037e-16, -0.7237364026969915, 1.0], [-0.6970624163056554, 1.8231452453406838e-16, -0.6386421651314693, 1.0], [-0.7383894543843434, 9.540809711282988e-17, -0.46851016681580315, 1.0], [-0.7520333329841982, -3.1539165911895466e-17, -0.34539606426404523, 1.0], [-0.7599906397571647, -1.3611671231610837e-16, -0.24718098020327428, 1.0], [-0.7506239502106031, -2.5586165419033045e-16, -0.13905356013055314, 1.0], [-0.7381380644449214, -3.153425312080139e-16, -0.08690995501184462, 1.0], [-0.7035813652273502, -3.8059360842063053e-16, 0.040236404423676486, 1.0]], "overrideEnabled": false, "useOutlinerColor": false, "outlinerColor": [0.0, 0.0, 0.0]}, "face_girlShape2": {"overrideRGBColors": false, "knots": [0.0, 1.0, 2.0, 3.0, 4.0, 5.0, 6.0, 7.0, 8.0, 9.0, 10.0, 11.0, 12.0, 13.0, 14.0, 15.0, 16.0, 17.0, 18.0, 19.0, 20.0, 21.0, 22.0, 23.0, 24.0, 25.0, 26.0, 27.0, 28.0, 29.0, 30.0, 31.0, 32.0, 33.0, 34.0, 35.0, 36.0, 37.0, 38.0, 39.0, 40.0, 41.0, 42.0, 43.0, 44.0, 45.0, 46.0, 47.0, 48.0, 49.0, 50.0, 51.0, 52.0, 53.0, 54.0, 55.0, 56.0, 57.0, 58.0, 59.0, 60.0, 61.0, 62.0, 63.0, 64.0, 65.0, 66.0, 67.0, 68.0, 69.0, 70.0, 71.0, 72.0, 73.0, 74.0, 75.0, 76.0, 77.0, 78.0, 79.0, 80.0, 81.0, 82.0, 83.0, 84.0, 85.0, 86.0, 87.0, 88.0, 89.0, 90.0], "degree": 1, "form": 3, "overrideColorRGB": [0.0, 0.0, 0.0], "cvs": [[0.5856930470706165, -9.121504050194876e-16, 0.4483960819857629, 1.0], [0.5783426022769154, -9.358905680090983e-16, 0.46977931982450816, 1.0], [0.5183816647769155, -1.095779365869017e-15, 0.6137943459170374, 1.0], [0.44301450016509886, -1.2329996562362793e-15, 0.7373913956301722, 1.0], [0.3546539998294055, -1.3446662860738595e-15, 0.8379717541354212, 1.0], [0.25571324589263805, -1.4278942082238501e-15, 0.9129368019717249, 1.0], [0.14860532047759892, -1.4797983159713398e-15, 0.9596878660338436, 1.0], [0.03574321033965949, -1.4974935224537518e-15, 0.9756262910979303, 1.0], [-0.07716529605377315, -1.4797983159713398e-15, 0.9596878660338436, 1.0], [-0.18437535998809934, -1.4278942082238501e-15, 0.9129368019717249, 1.0], [-0.2834181570767224, -1.3446662860738595e-15, 0.8379717541354212, 1.0], [-0.3718250536679089, -1.2329996562362793e-15, 0.7373913956301722, 1.0], [-0.4471273207424939, -1.095779365869017e-15, 0.6137943459170374, 1.0], [-0.5068561815975963, -9.358905680090983e-16, 0.46977931982450816, 1.0], [-0.5148748898266613, -9.121504050194876e-16, 0.4483960819857629, 1.0], [-0.5369263434170544, -9.076991410025478e-16, 0.44438673979215926, 1.0], [-0.5511973166226207, -9.03089852401386e-16, 0.44023506170683224, 1.0], [-0.587389781451112, -8.881354857176114e-16, 0.42676536566191037, 1.0], [-0.6345708632229627, -8.566948932649525e-16, 0.39844619757109, 1.0], [-0.6818076157330335, -8.026269802966976e-16, 0.3497461510317834, 1.0], [-0.7181671523808302, -7.197905991265754e-16, 0.27513377195768673, 1.0], [-0.732716532921678, -6.020446550078735e-16, 0.169077653946212, 1.0], [-0.7275192165135205, -5.414474944448271e-16, 0.11449658399992302, 1.0], [-0.7185352945088208, -5.003246801303413e-16, 0.0774564457552942, 1.0], [-0.7066557192562877, -4.749050096250029e-16, 0.05456044203214949, 1.0], [-0.6927714729069532, -4.614172804893991e-16, 0.04241177565031373, 1.0], [-0.6777735137699903, -4.560901844049984e-16, 0.037613554062179144, 1.0], [-0.6625528120755018, -4.551525189323878e-16, 0.036768980087569236, 1.0], [-0.6243618511914075, -4.590542703247964e-16, 0.04028336531095844, 1.0], [-0.5922405981777967, -4.688085958662585e-16, 0.049069280685714034, 1.0], [-0.5665788674115002, -4.814892084822474e-16, 0.06049096113615349, 1.0], [-0.5477664732693492, -4.941698210982364e-16, 0.07191264158659294, 1.0], [-0.5361931586026012, -5.039242525188168e-16, 0.0806986523287807, 1.0], [-0.5322487616299449, -5.078260039112254e-16, 0.08421303755216902, 1.0], [-0.5315805458782972, -4.4402430595047926e-16, 0.026745576919844805, 1.0], [-0.5298048043011485, -4.0383915710860393e-16, -0.009449987350174549, 1.0], [-0.5271752142666637, -3.6414856962880675e-16, -0.0452000903470009, 1.0], [-0.5237288975476087, -3.24952649390206e-16, -0.08050463670320208, 1.0], [-0.5195029759167491, -2.8625118463456497e-16, -0.11536381715364155, 1.0], [-0.5145345949887097, -2.4804438712012046e-16, -0.1497774409634558, 1.0], [-0.5088608765362561, -2.103321509677541e-16, -0.18374560350007707, 1.0], [-0.4720341944454968, -1.139461543173191e-16, -0.27056239121980363, 1.0], [-0.434316565966493, -4.511276301252722e-17, -0.33256199830598515, 1.0], [-0.397601249194032, 6.398275125322171e-19, -0.3737722682339637, 1.0], [-0.3637816214321912, 2.778373946112512e-17, -0.39822133058137554, 1.0], [-0.3347509169339001, 4.079067152004375e-17, -0.4099369334561316, 1.0], [-0.31240246531952026, 4.4132534134317183e-17, -0.41294701570100445, 1.0], [-0.28705318210113645, 4.2319036594245726e-17, -0.41131356233186406, 1.0], [-0.2501584791897595, 3.778539862318549e-17, -0.40723002427644417, 1.0], [-0.20531928775299196, 3.1891531617953255e-17, -0.40192130082673705, 1.0], [-0.15613658664215208, 2.5997770491839427e-17, -0.39661267274446166, 1.0], [-0.10621149775970579, 2.1464026641660784e-17, -0.3925290393216101, 1.0], [-0.059144856905823995, 1.9650529101589327e-17, -0.39089558595246965, 1.0], [0.03799540760528444, 2.426664690588845e-17, -0.3950534152371375, 1.0], [0.11479184391509893, 3.5807047295754665e-17, -0.4054480838162391, 1.0], [0.17807528736602668, 5.080948309928602e-17, -0.4189610766751257, 1.0], [0.23467652561675906, 6.581191890281737e-17, -0.4324740695340128, 1.0], [0.2914262509585559, 7.735231929268359e-17, -0.442868738113114, 1.0], [0.35515515568267697, 8.196843709698271e-17, -0.4470265673977818, 1.0], [0.4178199506045521, 5.763752156622134e-17, -0.4251112269741984, 1.0], [0.47268864872466926, -3.869775898649678e-18, -0.36971037858552647, 1.0], [0.5185363507510365, -8.532544042518832e-17, -0.2963416385037392, 1.0], [0.5541379666567983, -1.6950135126183414e-16, -0.22052271836824078, 1.0], [0.5782684064150989, -2.391692817779083e-16, -0.15777142518586773, 1.0], [0.5897024846316516, -2.771013229800872e-16, -0.1236052798611609, 1.0], [0.5928734517337024, -3.0430357432292224e-16, -0.09910367005891496, 1.0], [0.5956917500735464, -3.3175315928635554e-16, -0.07437928193635603, 1.0], [0.5981387830020131, -3.594499719912687e-16, -0.04943221086091709, 1.0], [0.6001960492373646, -3.873941183167801e-16, -0.024262361465165146, 1.0], [0.601844952130431, -4.1558559826288975e-16, 0.0011302662508998439, 1.0], [0.6030669903994741, -4.4402430595047926e-16, 0.026745576919844805, 1.0], [0.6057398534060658, 