{"face_boyShape1": {"overrideRGBColors": false, "knots": [12.0, 13.0, 14.0, 15.0, 16.0, 17.0, 18.0, 19.0, 20.0, 21.0, 22.0, 23.0, 24.0, 25.0, 26.0, 27.0, 28.0, 32.0, 33.0, 34.0, 35.0, 36.0, 39.0, 40.0, 41.0, 42.0, 43.0, 44.0, 48.0, 49.0, 50.0, 51.0, 52.0, 53.0, 54.0, 55.0, 60.0, 61.0, 62.0, 63.0, 64.0, 65.0, 66.0, 67.0, 68.0, 74.0], "degree": 1, "form": 1, "overrideColorRGB": [0.0, 0.0, 0.0], "cvs": [[0.6792453515225958, -3.1029019143587883e-16, 0.04731624707888393, 1.0], [0.7183433509400584, -2.4511810004559367e-16, -0.16731881408632576, 1.0], [0.7369358560012823, -1.8167702636214108e-16, -0.23536501896752116, 1.0], [0.7568526050267103, -1.199052428594899e-16, -0.30306928064149874, 1.0], [0.7734297191139757, -5.974091613249058e-17, -0.3710126298135732, 1.0], [0.7793315706420006, -1.1221068968751344e-18, -0.4420121743764911, 1.0], [0.7705399066102964, 6.209227959406852e-17, -0.5228707092566944, 1.0], [0.7409477402527859, 1.3192167576571304e-16, -0.6155827069085822, 1.0], [0.688887042668987, 2.0113284376498033e-16, -0.708749274785494, 1.0], [0.6144809653640158, 2.624925457387923e-16, -0.7910957115604775, 1.0], [0.5242998009271636, 3.087672261967156e-16, -0.8521606663784933, 1.0], [0.42869694965945937, 3.3272385904390897e-16, -0.8815408862391205, 1.0], [0.41609042423831666, 3.613067740907685e-16, -0.9072860873499602, 1.0], [0.3751360094319428, 4.305695052206999e-16, -0.9616524919683087, 1.0], [0.31016541703263323, 5.15782713780377e-16, -0.9977404148605737, 1.0], [0.19669338249971105, 5.92216849358237e-16, -0.9931942131381488, 1.0], [-0.061728890167635775, 6.351427850591904e-16, -1.001493550961023, 1.0], [-0.211275180313295, 5.925670974819266e-16, -0.9939269384826033, 1.0], [-0.27546324397112193, 5.772967875088261e-16, -0.9795306281643978, 1.0], [-0.2999312551538314, 5.626445998289844e-16, -0.9549723183923242, 1.0], [-0.3049351721716991, 5.50836325269549e-16, -0.9286822335290421, 1.0], [-0.2939364449214769, 5.423975477742912e-16, -0.9123432365260622, 1.0], [-0.28418995410179, 5.315474792364373e-16, -0.9025538071923336, 1.0], [-0.2979908888021981, 5.311250215539942e-16, -0.9017899964316101, 1.0], [-0.33669122308459365, 5.301462749834418e-16, -0.8997615905908756, 1.0], [-0.39259343702147065, 5.249632803791928e-16, -0.8931675318339263, 1.0], [-0.45853808565645937, 5.126709264904016e-16, -0.8794577694630648, 1.0], [-0.4997892195013228, 4.903628315168019e-16, -0.8676753468522356, 1.0], [-0.5341041097654463, 4.378853287861353e-16, -0.8345080270077632, 1.0], [-0.5324553743020838, 4.2446959745104807e-16, -0.7929697378927174, 1.0], [-0.5213143807095357, 4.072208302713983e-16, -0.7732391736026214, 1.0], [-0.5045101508709301, 3.8613902724718603e-16, -0.7574198778149892, 1.0], [-0.5214982149369691, 3.846209324474695e-16, -0.7553186807793528, 1.0], [-0.5656527095922973, 3.7894009422847173e-16, -0.7483761541614302, 1.0], [-0.6265385004756875, 3.6740668186042037e-16, -0.7357725180923049, 1.0], [-0.693773538202475, 3.4833065285530627e-16, -0.7166544949797391, 1.0], [-0.7360866496514611, 2.367431676587352e-16, -0.6380317651346443, 1.0], [-0.7405049623822999, 1.8231452453406835e-16, -0.5531687995408854, 1.0], [-0.7233330532296348, 9.540809711282988e-17, -0.46657323350136837, 1.0], [-0.7114217124186367, -3.1539165911895466e-17, -0.34144189559131055, 1.0], [-0.7057369836463626, -8.071620476358564e-17, -0.2940331489099819, 1.0], [-0.6947636933703593, -1.3611671231610837e-16, -0.24155503928501343, 1.0], [-0.6791010692235019, -1.9530906873613339e-16, -0.1866322350501286, 1.0], [-0.659686606800778, -2.558616541903304e-16, -0.1316814742099175, 1.0], [-0.6375828749094582, -3.153425312080139e-16, -0.07888466432230556, 1.0], [-0.5929823923409796, -3.8059360842063053e-16, 0.048943827796246175, 1.0]], "overrideEnabled": false, "useOutlinerColor": false, "outlinerColor": [0.0, 0.0, 0.0]}, "face_boyShape": {"overrideRGBColors": false, "knots": [0.0, 1.0, 2.0, 3.0, 4.0, 5.0, 6.0, 7.0, 8.0, 9.0, 10.0, 11.0, 12.0, 13.0, 14.0, 15.0, 16.0, 17.0, 18.0, 19.0, 20.0, 21.0, 22.0, 23.0, 24.0, 25.0, 26.0, 27.0, 28.0, 29.0, 30.0, 31.0, 32.0, 33.0, 34.0, 35.0, 36.0, 37.0, 38.0, 39.0, 40.0, 41.0, 42.0, 43.0, 44.0, 45.0, 46.0, 47.0, 48.0, 49.0, 50.0, 51.0, 52.0, 53.0, 54.0, 55.0, 56.0, 57.0, 58.0, 59.0, 60.0, 61.0, 62.0, 63.0, 64.0, 65.0, 66.0, 67.0, 68.0, 69.0, 70.0, 71.0, 72.0, 73.0, 74.0, 75.0, 76.0, 77.0, 78.0, 79.0, 80.0, 81.0, 82.0, 83.0, 84.0, 85.0, 86.0, 87.0, 88.0, 89.0, 90.0], "degree": 1, "form": 3, "overrideColorRGB": [0.0, 0.0, 0.0],