{"newControl_ctrlShape": {"overrideRGBColors": true, "knots": [0.0, 1.0, 2.0, 3.0, 4.0, 5.0, 6.0, 7.0, 8.0, 9.0, 10.0, 11.0, 12.0, 13.0, 14.0, 15.0, 16.0, 17.0, 18.0, 19.0, 20.0, 21.0, 22.0, 23.0, 24.0, 25.0, 26.0, 27.0, 30.0, 31.0, 32.0, 33.0, 34.0, 35.0, 36.0, 37.0, 38.0, 39.0, 41.0, 42.0, 43.0, 44.0, 45.0, 46.0, 47.0, 50.0, 51.0, 52.0, 53.0, 54.0, 55.0, 56.0, 57.0, 60.0, 61.0, 62.0, 63.0, 64.0, 65.0, 66.0, 67.0, 68.0, 70.0, 74.0, 102.0, 104.0, 106.0, 108.0, 109.0, 110.0], "degree": 1, "form": 3, "overrideColorRGB": [0.15999996662139893, 0.2999999225139618, 0.875], "cvs": [[-0.1720243201521025, 2.3475844240837627e-15, 0.935390746624498, 1.0], [-0.26162849524289244, 2.2571475633383683e-15, 0.8539324641537946, 1.0], [-0.33232540943890687, 2.1570856554550865e-15, 0.7638047099423692, 1.0], [-0.3857319937017549, 2.050443148604586e-15, 0.6677496791196154, 1.0], [-0.4234651909139743, 1.9402639615619436e-15, 0.5685090899777698, 1.0], [-0.44714193948775444, 1.8295923307395912e-15, 0.4688249469113632, 1.0], [-0.458379170664101, 1.7214723866708424e-15, 0.3714391589474966, 1.0], [-0.4587938211788231, 1.6189483657681292e-15, 0.2790937304806995, 1.0], [-0.45000282683640647, 1.525064398564765e-15, 0.1945305705380722, 1.0], [-0.43362312176495743, 1.4428646155940634e-15, 0.12049158814671479, 1.0], [-0.4112716452148552, 1.3753932532684565e-15, 0.059718787701158654, 1.0], [-0.39367486694127285, 1.321904075561413e-15, 0.011540019543199118, 1.0], [-0.3763039038446541, 1.2677434124854338e-15, -0.03724356886622455, 1.0], [-0.35966680505543913, 1.2112099983659585e-15, -0.08816434141871463, 1.0], [-0.34427164652615766, 1.150602885165782e-15, -0.14275437590357817, 1.0], [-0.330626486327946, 1.084220807210344e-15, -0.20254603621241618, 1.0], [-0.31923938849240524, 1.010362657643762e-15, -0.2690715431856826, 1.0], [-0.3106184230116009, 9.27327223731035e-16, -0.34386321303126366, 1.0], [-0.3052716479566694, 8.3341339861628e-16, -0.42845326658961336, 1.0], [-0.303707133319676, 7.269200225040555e-16, -0.5243739723849014, 1.0], [-0.30643293717175746, 6.061459620686991e-16, -0.6331575750994399, 1.0], [-0.30351022341519623, 4.9080884730309045e-16, -0.7370440125155168, 1.0], [-0.2854705677297716, 3.9945347197062737e-16, -0.8193296193766312, 1.0], [-0.25594704010754876, 3.292908080389077e-16, -0.8825265288042738, 1.0], [-0.21857271054059318, 2.775318804150884e-16, -0.9291468262362199, 1.0], [-0.17698066094189943, 2.413877040801592e-16, -0.9617026060509402, 1.0], [-0.1348039136198168, 2.1806929070638721e-16, -0.9827059656071383, 1.0], [-0.09567553856641109, 2.047876503116785e-16, -0.9946690037536342, 1.0], [-0.032911418464482436, 1.9727349985462586e-16, -1.0014371487933116, 1.0], [0.06293738028734862, 1.9938277443427944e-16, -0.9995372831511219, 1.0], [0.1373466267320508, 2.279359506837565e-16, -0.9738188683676442, 1.0], [0.19298980376452163, 2.766522102295852e-16, -0.9299391627001483, 1.0], [0.2325402035447951, 3.392507243585362e-16, -0.8735554337191302, 1.0], [0.2586712136003371, 4.0945069744460446e-16, -0.8103249191927631, 1.0], [0.27405631682604514, 4.809713007745606e-16, -0.7459048866915425, 1.0], [0.2813688053819535, 5.475317056351752e-16, -0.6859526037859641, 1.0], [0.28328211447924356, 6.028511097829983e-16, -0.6361253142046651, 1.0], [0.28246963164538125, 6.40648658035021e-16, -0.6020803093599997, 1.0], [0.26518600127428765, 7.686667824633126e-16, -0.4867718338656147, 1.0], [0.25581977507799875, 8.74640874439311e-16, -0.3913188576388083, 1.0], [0.25225188872545967, 9.716346701689601e-16, -0.30395461317774847, 1.0], [0.25322835585802816, 1.0587170157454315e-15, -0.22551780935999968, 1.0], [0.25749514243334565, 1.1349568102014557e-15, -0.15684710737940868, 1.0], [0.26379826209276946, 1.1994228996302044e-15, -0.09878121611353956, 1.0], [0.27088358542650975, 1.2511840242457307e-15, -0.05215893980738722, 1.0], [0.28429286620348737, 1.3209265995402816e-15, 0.01065958741429245, 1.0], [0.30963361403673934, 1.3981222177377232e-15, 0.08019121888401871, 1.0], [0.32927673003405394, 1.4741672475554381e-15, 0.1486864924741066, 1.0], [0.34393603942126105, 1.5474188685922268e-15, 0.21466568711522002, 1.0], [0.35432517668932745, 1.6162340486886527e-15, 0.27664889100315915, 1.0], [0.3611577763292201, 1.6789698615643977e-15, 0.33315628770115785, 1.0], [0.36514766356676903, 1.7339832750600252e-15, 0.38270796540501456, 1.0], [0.36700856826037254, 1.779631574653454e-15, 0.4238242984128276, 1.0], [0.36695420882433744, 1.8439550449097088e-15, 0.48176172974827663, 1.0], [0.36385667464465005, 1.982110036134266e-15, 0.6062006831479351, 1.0], [0.349029423210324, 2.0959339000698254e-15, 0.7087241053891457, 1.0], [0.32505700728625186, 2.187732578036168e-15, 0.7914090037656109, 1.0], [0.29452407500475775, 2.2598112701992462e-15, 0.8563317179990088, 1.0], [0.26001532218188184, 2.3144756002414866e-15, 0.9055689692807471, 1.0], [0.22411544463366412, 2.3540309800870783e-15, 0.9411972880673682, 1.0], [0.18940913817614455, 2.3807830334184477e-15, 0.9652933955502789, 1.0], [0.15848105094164755, 2.397037172159784e-15, 0.9799338221860209, 1.0], [0.10187808279057264, 2.351762837612568e-15, 0.9935593585961561, 1.0], [0.03438771836817101, 2.4058175156910222e-15, 0.9987982208775539, 1.0], [-0.0039346904850465665, 2.4140546993448335e-15, 0.9989642418121227, 1.0], [-0.06097595551282031, 2.407858865093905e-15, 0.9896811366391459, 1.0], [-0.11299207070141883, 2.3845440714624936e-15, 0.9686810374570177, 1.0], [-0.15484690525799855, 2.3593672876547804e-15, 0.9460038066220561, 1.0], [-0.16742756226330852, 2.3508480420295335e-15, 0.9383303523373889, 1.0], [-0.1720243201521025, 2.3475844240837627e-15, 0.935390746624498, 1.0]], "overrideEnabled": true, "useOutlinerColor": false, "outlinerColor": [0.0, 0.0, 0.0]}}