{"newControl_ctrlShape": {"overrideRGBColors": true, "knots": [0.0, 1.0, 2.0, 3.0, 4.0, 5.0, 6.0, 7.0, 8.0, 9.0, 10.0, 11.0, 12.0, 13.0, 14.0, 15.0, 16.0, 17.0, 18.0, 19.0, 20.0, 21.0, 22.0, 23.0, 24.0, 25.0, 26.0, 27.0, 30.0, 31.0, 32.0, 33.0, 34.0, 35.0, 36.0, 37.0, 38.0, 39.0, 41.0, 42.0, 43.0, 44.0, 45.0, 46.0, 47.0, 50.0, 51.0, 52.0, 53.0, 54.0, 55.0, 56.0, 57.0, 60.0, 61.0, 62.0, 63.0, 64.0, 65.0, 66.0, 67.0, 68.0, 70.0, 74.0, 102.0, 104.0, 106.0, 108.0, 109.0, 110.0], "degree": 1, "form": 3, "overrideColorRGB": [0.15999996662139893, 0.2999999225139618, 0.875], "cvs": [[0.1720243201521044, 2.3475844240837627e-15, 0.9353907466244975, 1.0], [0.2616284952428942, 2.2571475633383683e-15, 0.8539324641537942, 1.0], [0.3323254094389084, 2.1570856554550865e-15, 0.7638047099423685, 1.0], [0.38573199370175626, 2.050443148604586e-15, 0.6677496791196145, 1.0], [0.4234651909139754, 1.9402639615619436e-15, 0.5685090899777689, 1.0], [0.44714193948775544, 1.8295923307395912e-15, 0.46882494691136234, 1.0], [0.4583791706641018, 1.7214723866708424e-15, 0.3714391589474957, 1.0], [0.45879382117882367, 1.6189483657681292e-15, 0.27909373048069863, 1.0], [0.4500028268364069, 1.525064398564765e-15, 0.19453057053807132, 1.0], [0.43362312176495765, 1.4428646155940634e-15, 0.1204915881467139, 1.0], [0.4112716452148553, 1.3753932532684565e-15, 0.05971878770115782, 1.0], [0.39367486694127285, 1.321904075561413e-15, 0.011540019543198323, 1.0], [0.376303903844654, 1.2677434124854338e-15, -0.03724356886622531, 1.0], [0.3596668050554389, 1.2112099983659585e-15, -0.08816434141871535, 1.0], [0.3442716465261573, 1.150602885165782e-15, -0.1427543759035789, 1.0], [0.33062648632794556, 1.084220807210344e-15, -0.20254603621241685, 1.0], [0.3192393884924047, 1.010362657643762e-15, -0.26907154318568327, 1.0], [0.31061842301160025, 9.27327223731035e-16, -0.3438632130312643, 1.0], [0.3052716479566685, 8.3341339861628e-16, -0.428453266589614, 1.0], [0.3037071333196749, 7.269200225040555e-16, -0.524373972384902, 1.0], [0.3064329371717561, 6.061459620686991e-16, -0.6331575750994406, 1.0], [0.3035102234151948, 4.9080884730309045e-16, -0.7370440125155174, 1.0], [0.2854705677297699, 3.9945347197062737e-16, -0.8193296193766318, 1.0], [0.255947040107547, 3.292908080389077e-16, -0.8825265288042743, 1.0], [0.2185727105405913, 2.775318804150884e-16, -0.9291468262362204, 1.0], [0.1769806609418975, 2.413877040801592e-16, -0.9617026060509406, 1.0], [0.1348039136198148, 2.1806929070638721e-16, -0.9827059656071385, 1.0], [0.09567553856640909, 2.047876503116785e-16, -0.9946690037536344, 1.0], [0.03291141846448041, 1.9727349985462586e-16, -1.0014371487933116, 1.0], [-0.06293738028735064, 1.9938277443427944e-16, -0.9995372831511217, 1.0], [-0.13734662673205275, 2.279359506837565e-16, -0.973818868367644, 1.0], [-0.19298980376452352, 2.766522102295852e-16, -0.9299391627001479, 1.0], [-0.23254020354479688, 3.392507243585362e-16, -0.8735554337191298, 1.0], [-0.2586712136003388, 4.0945069744460446e-16, -0.8103249191927626, 1.0], [-0.2740563168260467, 4.809713007745606e-16, -0.7459048866915421, 1.0], [-0.28136880538195486, 5.475317056351752e-16, -0.6859526037859635, 1.0], [-0.2832821144792449, 6.028511097829983e-16, -0.6361253142046644, 1.0], [-0.28246963164538247, 6.40648658035021e-16, -0.602080309359999, 1.0], [-0.26518600127428865, 7.686667824633126e-16, -0.4867718338656141, 1.0], [-0.2558197750779995, 8.74640874439311e-16, -0.39131885763880775, 1.0], [-0.25225188872546034, 9.716346701689601e-16, -0.3039546131777479, 1.0], [-0.2532283558580286, 1.0587170157454315e-15, -0.22551780935999918, 1.0], [-0.257495142433346, 1.1349568102014557e-15, -0.15684710737940818, 1.0], [-0.2637982620927697, 1.1994228996302044e-15, -0.09878121611353903, 1.0], [-0.27088358542650987, 1.2511840242457307e-15, -0.05215893980738668, 1.0], [-0.28429286620348737, 1.3209265995402816e-15, 0.010659587414293025, 1.0], [-0.3096336140367392, 1.3981222177377232e-15, 0.08019121888401935, 1.0], [-0.3292767300340536, 1.4741672475554381e-15, 0.14868649247410726, 1.0], [-0.3439360394212606, 1.5474188685922268e-15, 0.21466568711522074, 1.0], [-0.3543251766893269, 1.6162340486886527e-15, 0.2766488910031598, 1.0], [-0.3611577763292194, 1.6789698615643977e-15, 0.3331562877011586, 1.0], [-0.36514766356676825, 1.7339832750600252e-15, 0.38270796540501534, 1.0], [-0.36700856826037165, 1.779631574653454e-15, 0.42382429841282837, 1.0], [-0.36695420882433644, 1.8439550449097088e-15, 0.4817617297482774, 1.0], [-0.3638566746446488, 1.982110036134266e-15, 0.6062006831479357, 1.0], [-0.34902942321032254, 2.0959339000698254e-15, 0.7087241053891463, 1.0], [-0.3250570072862503, 2.187732578036168e-15, 0.7914090037656115, 1.0], [-0.29452407500475597, 2.2598112701992462e-15, 0.8563317179990094, 1.0], [-0.26001532218188006, 2.3144756002414866e-15, 0.9055689692807476, 1.0], [-0.22411544463366223, 2.3540309800870783e-15, 0.9411972880673687, 1.0], [-0.1894091381761426, 2.3807830334184477e-15, 0.9652933955502794, 1.0], [-0.15848105094164555, 2.397037172159784e-15, 0.9799338221860211, 1.0], [-0.10187808279057065, 2.351762837612568e-15, 0.9935593585961563, 1.0], [-0.034387718368169, 2.4058175156910222e-15, 0.9987982208775539, 1.0], [0.003934690485048586, 2.4140546993448335e-15, 0.9989642418121227, 1.0], [0.06097595551282231, 2.407858865093905e-15, 0.9896811366391457, 1.0], [0.1129920707014208, 2.3845440714624936e-15, 0.9686810374570175, 1.0], [0.15484690525800043, 2.3593672876547804e-15, 0.9460038066220559, 1.0], [0.1674275622633104, 2.3508480420295335e-15, 0.9383303523373885, 1.0], [0.1720243201521044, 2.3475844240837627e-15, 0.9353907466244975, 1.0]], "overrideEnabled": true, "useOutlinerColor": false, "outlinerColor": [0.0, 0.0, 0.0]}}