{"newControl_ctrlShape": {"overrideRGBColors": true, "knots": [-0.125, -0.0625, 0.0, 0.0625, 0.125, 0.1875, 0.25, 0.3125, 0.375, 0.4375, 0.5, 0.5625, 0.625, 0.6875, 0.75, 0.8125, 0.875, 0.9375000000000001, 1.0, 1.0625, 1.125], "degree": 3, "form": 3, "overrideColorRGB": [0.26800012588500977, 0.18285703659057617, 1.0], "cvs": [[0.5434389745594287, 4.859132871976006e-17, 0.4151921554169097, 1.0], [0.48513730276012296, 5.848070302157132e-17, -0.08041688528424976, 1.0], [0.39631015398299735, 2.9946212898960236e-17, -0.6160755414168699, 1.0], [0.3594820843668138, 2.2984367978402177e-17, -0.8105537448122224, 1.0], [0.2633067492427255, 1.240396275881341e-17, -0.9677911083931803, 1.0], [0.033447965224504383, -5.2050798960446465e-22, -1.0214335922955926, 1.0], [-0.19497489810260976, -1.2406179219470999e-17, -0.9552896179583773, 1.0], [-0.27570532816578225, -2.2984911560460924e-17, -0.7698041940136606, 1.0], [-0.3207672463843651, -2.994975623024827e-17, -0.5827119963261289, 1.0], [-0.4403785204263312, -5.847231974910113e-17, -0.04417569666958412, 1.0], [-0.5439770414310899, -4.8594872051047976e-17, 0.4475593851367252, 1.0], [-0.5624156422626259, -3.729383122549176e-17, 0.7666781673358503, 1.0], [-0.4287282272441527, -2.0128956524587443e-17, 0.9932138530820837, 1.0], [-0.0052255020000573325, 2.5844190352214447e-22, 1.005571405308687, 1.0], [0.29041481523391044, 2.012756615145964e-17, 0.9595740477819213, 1.0], [0.49674320221314383, 3.729515523728374e-17, 0.7169693505092746, 1.0], [0.5434389745594287, 4.859132871976006e-17, 0.4151921554169097, 1.0], [0.48513730276012296, 5.848070302157132e-17, -0.08041688528424976, 1.0], [0.39631015398299735, 2.9946212898960236e-17, -0.6160755414168699, 1.0]], "overrideEnabled": true, "useOutlinerColor": false, "outlinerColor": [0.0, 0.0, 0.0]}}