{"nurbsCircleShape1": {"overrideRGBColors": false, "knots": [-0.125, -0.0625, 0.0, 0.0625, 0.125, 0.1875, 0.25, 0.3125, 0.375, 0.4375, 0.5, 0.5625, 0.625, 0.6875, 0.75, 0.8125, 0.875, 0.9375000000000001, 1.0, 1.0625, 1.125], "degree": 3, "form": 3, "overrideColorRGB": [0.0, 0.0, 0.0], "cvs": [[-0.682836223995055, 6.27244940736771e-17, 0.2745349979928472, 1.0], [-0.5995126407806749, 5.848070302157132e-17, -0.11742067111442842, 1.0], [-0.44112682132781095, 4.0329696259603025e-17, -0.497480747523979, 1.0], [-0.3157995523797501, 3.0954059494854274e-17, -0.7330628178531292, 1.0], [-0.17397292554160515, 1.6705245093690585e-17, -0.940715209617704, 1.0], [0.11097058313676392, -8.671002707416095e-23, -1.0252621113005271, 1.0], [0.39593994403057725, -1.6707001505389523e-17, -0.9407152096177053, 1.0], [0.54996431482617, -3.0953563012058533e-17, -0.6863884557473705, 1.0], [0.6126096095798584, -4.0333239590891036e-17, -0.4467338049653004, 1.0], [0.6713562037330422, -5.847231974910113e-17, -0.057631618789649196, 1.0], [0.6993753641474755, -6.272803740496497e-17, 0.2745349979928474, 1.0], [0.667136453476447, -4.814012092438416e-17, 0.5979781774276708, 1.0], [0.4337730470697715, -2.598289112567637e-17, 0.9077706634150455, 1.0], [-2.2412828726847014e-06, 8.488929228413418e-22, 1.0453091468322624, 1.0], [-0.43373732249654684, 2.598212693431994e-17, 0.9077706634150453, 1.0], [-0.6479671186743469, 4.814286058909878e-17, 0.6336865408731793, 1.0], [-0.682836223995055, 6.27244940736771e-17, 0.2745349979928472, 1.0], [-0.5995126407806749, 5.848070302157132e-17, -0.11742067111442842, 1.0], [-0.44112682132781095, 4.0329696259603025e-17, -0.497480747523979, 1.0]], "overrideEnabled": false, "useOutlinerColor": false, "outlinerColor": [0.0, 0.0, 0.0]}}