{"newControl_ctrl1Shape5": {"overrideRGBColors": true, "knots": [-2.0, -1.0, 0.0, 1.0, 2.0, 3.0, 4.0, 5.0, 6.0, 7.0, 8.0, 9.0, 10.0], "degree": 3, "form": 3, "overrideColorRGB": [0.26800012588500977, 0.18285703659057617, 1.0], "cvs": [[0.15654362770186192, 9.585532629600008e-18, -0.9569623904893384, 1.0], [1.3555990247350196e-17, 1.3555990247350162e-17, -1.0218048841865337, 1.0], [-0.15654362770186192, 9.585532629600005e-18, -0.9569623904893382, 1.0], [-0.2213861213990577, 7.027449282311244e-34, -0.8004187627874765, 1.0], [-0.15654362770186192, -9.585532629600007e-18, -0.6438751350856143, 1.0], [-2.2176399193445e-17, -1.3555990247350171e-17, -0.5790326413884187, 1.0], [0.15654362770186192, -9.585532629600005e-18, -0.6438751350856143, 1.0], [0.2213861213990577, -1.8486256037115584e-33, -0.8004187627874765, 1.0], [0.15654362770186192, 9.585532629600008e-18, -0.9569623904893384, 1.0], [1.3555990247350196e-17, 1.3555990247350162e-17, -1.0218048841865337, 1.0], [-0.15654362770186192, 9.585532629600005e-18, -0.9569623904893382, 1.0]], "overrideEnabled": true, "useOutlinerColor": false, "outlinerColor": [0.0, 0.0, 0.0]}, "newControl_ctrl1Shape4": {"overrideRGBColors": true, "knots": [-2.0, -1.0, 0.0, 1.0, 2.0, 3.0, 4.0, 5.0, 6.0, 7.0, 8.0, 9.0, 10.0], "degree": 3, "form": 3, "overrideColorRGB": [0.26800012588500977, 0.18285703659057617, 1.0], "cvs": [[0.15654362770186192, 9.585532629600008e-18, 0.6444835756705801, 1.0], [1.3555990247350147e-17, 1.3555990247350162e-17, 0.5796410819733844, 1.0], [-0.15654362770186192, 9.585532629600005e-18, 0.6444835756705801, 1.0], [-0.2213861213990577, 7.027449282311244e-34, 0.801027203372442, 1.0], [-0.15654362770186192, -9.585532629600007e-18, 0.957570831074304, 1.0], [-2.2176399193445e-17, -1.3555990247350171e-17, 1.0224133247714997, 1.0], [0.15654362770186192, -9.585532629600005e-18, 0.957570831074304, 1.0], [0.2213861213990577, -1.8486256037115584e-33, 0.801027203372442, 1.0], [0.15654362770186192, 9.585532629600008e-18, 0.6444835756705801, 1.0], [1.3555990247350147e-17, 1.3555990247350162e-17, 0.5796410819733844, 1.0], [-0.15654362770186192, 9.585532629600005e-18, 0.6444835756705801, 1.0]], "overrideEnabled": true, "useOutlinerColor": false, "outlinerColor": [0.0, 0.0, 0.0]}, "newControl_ctrl1Shape3": {"overrideRGBColors": true, "knots": [0.0, 10.0, 11.0, 12.0, 22.0], "degree": 1, "form": 1, "overrideColorRGB": [0.26800012588500977, 0.18285703659057617, 1.0], "cvs": [[-8.237492480009298e-18, 2.6661935463674765e-16, -0.6009949550085721, 1.0], [-8.237492480009298e-18, 2.6661935463674765e-16, -0.6009949550085721, 1.0], [6.528704538409849e-17, -9.861186535490508e-32, -0.0006215419126625044, 1.0], [6.52870453840985e-17, -2.6661935463674784e-16, 0.5997518711832472, 1.0], [6.52870453840985e-17, -2.6661935463674784e-16, 0.5997518711832472, 1.0]], "overrideEnabled": true, "useOutlinerColor": false, "outlinerColor": [0.0, 0.0, 0.0]}, "newControl_ctrl1Shape2": {"overrideRGBColors": true, "knots": [-2.0, -1.0, 0.0, 1.0, 2.0, 3.0, 4.0, 5.0, 6.0, 7.0, 8.0, 9.0, 10.0], "degree": 3, "form": 3, "overrideColorRGB": [0.26800012588500977, 0.18285703659057617, 1.0], "cvs": [[0.9569623904893385, 9.585532629600008e-18, 0.1565436277018615, 1.0], [1.0218048841865337, 1.3555990247350162e-17, -4.4021653339198235e-16, 1.0], [0.9569623904893381, 9.585532629600005e-18, -0.15654362770186234, 1.0], [0.8004187627874764, 7.027449282311244e-34, -0.22138612139905806, 1.0], [0.6438751350856142, -9.585532629600007e-18, -0.1565436277018622, 1.0], [0.5790326413884187, -1.3555990247350171e-17, -2.793185473850225e-16, 1.0], [0.6438751350856144, -9.585532629600005e-18, 0.15654362770186164, 1.0], [0.8004187627874766, -1.8486256037115584e-33, 0.22138612139905733, 1.0], [0.9569623904893385, 9.585532629600008e-18, 0.1565436277018615, 1.0], [1.0218048841865337, 1.3555990247350162e-17, -4.4021653339198235e-16, 1.0], [0.9569623904893381, 9.585532629600005e-18, -0.15654362770186234, 1.0]], "overrideEnabled": true, "useOutlinerColor": false, "outlinerColor": [0.0, 0.0, 0.0]}, "newControl_ctrl1Shape1": {"overrideRGBColors": true, "knots": [-2.0, -1.0, 0.0, 1.0, 2.0, 3.0, 4.0, 5.0, 6.0, 7.0, 8.0, 9.0, 10.0], "degree": 3, "form": 3, "overrideColorRGB": [0.26800012588500977, 0.18285703659057617, 1.0], "cvs": [[-0.64448357567058, 9.585532629600008e-18, 0.1565436277018622, 1.0], [-0.5796410819733844, 1.3555990247350162e-17, 2.709683403375458e-16, 1.0], [-0.6444835756705802, 9.585532629600005e-18, -0.15654362770186164, 1.0], [-0.8010272033724422, 7.027449282311244e-34, -0.22138612139905733, 1.0], [-0.9575708310743041, -9.585532629600007e-18, -0.1565436277018615, 1.0], [-1.0224133247714997, -1.3555990247350171e-17, 4.3186632634450576e-16, 1.0], [-0.9575708310743039, -9.585532629600005e-18, 0.15654362770186234, 1.0], [-0.8010272033724419, -1.8486256037115584e-33, 0.22138612139905806, 1.0], [-0.64448357567058, 9.585532629600008e-18, 0.1565436277018622, 1.0], [-0.5796410819733844, 1.3555990247350162e-17, 2.709683403375458e-16, 1.0], [-0.6444835756705802, 9.585532629600005e-18, -0.15654362770186164, 1.0]], "overrideEnabled": true, "useOutlinerColor": false, "outlinerColor": [0.0, 0.0, 0.0]}, "newControl_ctrl1Shape0": {"overrideRGBColors": true, "knots": [0.0, 10.0, 11.0, 12.0, 22.0], "degree": 1, "form": 1, "overrideColorRGB": [0.26800012588500977, 0.18285703659057617, 1.0], "cvs": [[0.6009949550085721, 2.6661935463674765e-16, -2.7513286717364003e-16, 1.0], [0.6009949550085721, 2.6661935463674765e-16, -2.7513286717364003e-16, 1.0], [0.0006215419126625044, -9.861186535490508e-32, 6.50110253272155e-17, 1.0], [-0.5997518711832472, -2.6661935463674784e-16, 3.316303799639633e-16, 1.0], [-0.5997518711832472, -2.6661935463674784e-16, 3.316303799639633e-16, 1.0]], "overrideEnabled": true, "useOutlinerColor": false, "outlinerColor": [0.0, 0.0, 0.0]}}