{"godnode_regShape1": {"overrideRGBColors": true, "knots": [-2.0, -1.0, 0.0, 1.0, 2.0, 3.0, 4.0, 5.0, 6.0, 7.0, 8.0, 9.0, 10.0], "degree": 3, "form": 3, "overrideColorRGB": [0.15999996662139893, 0.2999999225139618, 0.875], "cvs": [[0.7301464612874878, 4.470857633622435e-17, -0.7301464612874866, 1.0], [-1.17805376866914e-16, 6.322747500908137e-17, -1.0325830280714865, 1.0], [-0.7301464612874872, 4.4708576336224396e-17, -0.7301464612874872, 1.0], [-1.0325830280714865, 1.8321740431101316e-32, -2.9921672834743255e-16, 1.0], [-0.7301464612874875, -4.470857633622438e-17, 0.7301464612874866, 1.0], [-3.11137418370517e-16, -6.32274750090814e-17, 0.777115955355394, 1.0], [0.7301464612874866, -4.470857633622442e-17, 0.7301464612874875, 1.0], [1.0325830280714865, -3.3959600167392314e-32, 5.546023586724975e-16, 1.0], [0.7301464612874878, 4.470857633622435e-17, -0.7301464612874866, 1.0], [-1.17805376866914e-16, 6.322747500908137e-17, -1.0325830280714865, 1.0], [-0.7301464612874872, 4.4708576336224396e-17, -0.7301464612874872, 1.0]], "overrideEnabled": true, "useOutlinerColor": false, "outlinerColor": [0.0, 0.0, 0.0]}, "godnode_regShape": {"overrideRGBColors": true, "knots": [-2.0, -1.0, 0.0, 1.0, 2.0, 3.0, 4.0, 5.0, 6.0, 7.0, 8.0, 9.0, 10.0], "degree": 3, "form": 3, "overrideColorRGB": [0.15999996662139893, 0.2999999225139618, 0.875], "cvs": [[0.7817696676528313, 4.7869586058076424e-17, -0.78176966765283, 1.0], [-1.2613451574985e-16, 6.769781782851778e-17, -1.10558926664654, 1.0], [-0.7817696676528301, 4.786958605807645e-17, -0.7817696676528301, 1.0], [-1.10558926664654, 1.9617133941026972e-32, -3.203721098146042e-16, 1.0], [-0.7817696676528304, -4.786958605807643e-17, 0.7817696676528301, 1.0], [-3.331356228515727e-16, -6.769781782851778e-17, 1.1055892666465406, 1.0], [0.78176966765283, -4.786958605807645e-17, 0.7817696676528304, 1.0], [1.10558926664654, -3.636063001616339e-32, 5.938141518269444e-16, 1.0], [0.7817696676528313, 4.7869586058076424e-17, -0.78176966765283, 1.0], [-1.2613451574985e-16, 6.769781782851778e-17, -1.10558926664654, 1.0], [-0.7817696676528301, 4.786958605807645e-17, -0.7817696676528301, 1.0]], "overrideEnabled": true, "useOutlinerColor": false, "outlinerColor": [0.0, 0.0, 0.0]}}