{"handShape": {"overrideRGBColors": true, "knots": [0.0, 0.0, 1.0, 2.0, 3.0, 4.0, 5.0, 6.0, 7.0, 8.0, 9.0, 10.0, 11.0, 12.0, 13.0, 14.0, 15.0, 16.0, 17.0, 18.0, 19.0, 20.0, 21.0, 22.0, 23.0, 24.0, 25.0, 26.0, 27.0, 28.0, 29.0, 30.0, 31.0, 32.0, 33.0, 34.0, 35.0, 36.0, 37.0, 38.0, 39.0, 40.0, 41.0, 42.0, 43.0, 44.0, 45.0, 46.0, 47.0, 48.0, 48.0], "degree": 2, "form": 1, "overrideColorRGB": [0.177204892039299, 0.7068446278572083, 0.6089246869087219], "cvs": [[0.05043248286191502, 0.0, -0.9989619359096363, 1.0], [-0.07515355876424516, 0.0, -0.9989619359096362, 1.0], [-0.07515355876424494, 0.0, -0.7883340016396444, 1.0], [-0.06773742902537214, 0.0, -0.5020571012215447, 1.0], [-0.06032129930625305, 0.0, -0.21578020159359576, 1.0], [-0.14140814829266735, 0.0, -0.44371404816398397, 1.0], [-0.2224949972395741, 0.0, -0.6716478949319099, 1.0], [-0.2946823940303422, 0.0, -0.8723870125600269, 1.0], [-0.398513038827087, 0.0, -0.8723870125600268, 1.0], [-0.5181657902113234, 0.0, -0.8160217227518258, 1.0], [-0.49838912268919366, 0.0, -0.6182492499977484, 1.0], [-0.42372952154041915, 0.0, -0.32158909242174094, 1.0], [-0.34906992058918235, 0.0, -0.024928934887216245, 1.0], [-0.36884755407046893, 0.0, 0.10164598838535299, 1.0], [-0.5221213171051176, 0.0, -0.0288844616012518, 1.0], [-0.6397972710016138, 0.0, -0.11293747273892592, 1.0], [-0.7772489268561578, 0.0, -0.11293747273892578, 1.0], [-0.8741583658442247, 0.0, -0.024928934887215714, 1.0], [-0.7713156369105403, 0.0, 0.11746809522964402, 1.0], [-0.6447407135609313, 0.0, 0.24008749174471908, 1.0], [-0.4281794891477844, 0.0, 0.5347694028942505, 1.0], [-0.2017284821336061, 0.0, 0.72759843308901, 1.0], [-0.20172848213360592, 0.0, 0.8986730319196672, 1.0], [0.09097566592459609, 0.0, 0.9989619359096361, 1.0], [0.3678586726433277, 0.0, 0.9211769654139992, 1.0], [0.36785867264332756, 0.0, 0.7671537002491204, 1.0], [0.46081161897598016, 0.0, 0.6474999829057267, 1.0], [0.5543614700746287, 0.0, 0.4775940133009582, 1.0], [0.6514261943995412, 0.0, 0.2186221126421319, 1.0], [0.6816901331611783, 0.0, 0.05148655274872006, 1.0], [0.73206880691754, 0.0, -0.13242508859215338, 1.0], [0.8231055906182404, 0.0, -0.3492654630098396, 1.0], [0.8741583658442241, 0.0, -0.49901565160121575, 1.0], [0.8018960075599799, 0.0, -0.6268716406449631, 1.0], [0.6426332212094319, 0.0, -0.5875055426790154, 1.0], [0.5213560784638772, 0.0, -0.3366075061545072, 1.0], [0.4212100261873556, 0.0, -0.20740934734040822, 1.0], [0.4735453270644055, 0.0, -0.3871121929568595, 1.0], [0.5349767790161065, 0.0, -0.6202260474854899, 1.0], [0.5610202584762748, 0.0, -0.8433449957706232, 1.0], [0.4536093608233659, 0.0, -0.8921732250229659, 1.0], [0.35401432930519405, 0.0, -0.8723870125600276, 1.0], [0.3124812988957234, 0.0, -0.7240576578463164, 1.0], [0.24523879340547147, 0.0, -0.482279467937796, 1.0], [0.17870030923270938, 0.0, -0.24472540625027425, 1.0], [0.1779962877966968, 0.0, -0.5262837367461162, 1.0], [0.1779962877966965, 0.0, -0.8120661960555693, 1.0], [0.1565081184321089, 0.0, -0.978320554392496, 1.0], [0.05043248286191502, 0.0, -0.9989619359096363, 1.0], [0.051449889734593995, 0.0, -0.9989619359096363, 1.0]], "overrideEnabled": true, "useOutlinerColor": false, "outlinerColor": [0.0, 0.0, 0.0]}}