{"handShape3": {"overrideRGBColors": false, "knots": [0.0, 1.0, 2.0, 4.0, 6.0, 7.0, 8.0, 9.0, 10.0, 11.0, 12.0, 13.0, 14.0, 15.0, 16.0, 17.0, 18.0, 19.0, 20.0, 21.0, 22.0, 23.0, 24.0, 25.0, 27.0, 29.0, 31.0, 33.0, 35.0, 37.0, 39.0, 40.0, 41.0, 42.0, 44.0, 47.0, 50.0, 53.0, 56.0, 58.0, 60.0, 62.0, 63.0, 64.0, 65.0, 66.0, 68.0, 70.0, 72.0, 75.0, 77.0, 79.0, 80.0, 81.0, 83.0, 84.0, 85.0, 86.0, 87.0, 88.0, 89.0, 90.0, 91.0, 92.0, 93.0, 94.0, 95.0, 96.0, 97.0, 98.0, 99.0, 100.0, 101.0, 102.0, 103.0, 105.0, 107.0, 109.0, 110.0], "degree": 1, "form": 3, "overrideColorRGB": [0.0, 0.0, 0.0], "cvs": [[0.8158043645906735, 0.0003402209552920371, 0.004985804722080324, 1.0], [0.7913689387723563, 0.0003402209552920285, -0.004793818037945997, 1.0], [0.7658884353096735, 0.00034022095529202194, -0.009446876525560505, 1.0], [0.715161442084931, 0.0003402209552920147, -0.0034796935160627887, 1.0], [0.6704222333289224, 0.0003402209552920166, 0.022675743806569372, 1.0], [0.4459550726025451, 0.001452809652998602, 0.16640324405098197, 1.0], [0.5048490196503561, 0.0003402209552917077, -0.6686581994528519, 1.0], [0.5048607864081236, 0.0003402209552917007, -0.6859222880575205, 1.0], [0.501552540992874, 0.0003402209552916934, -0.702446196021589, 1.0], [0.49520397089671864, 0.00034022095529168605, -0.7178354981644421, 1.0], [0.48609510973290826, 0.0003402209552916788, -0.7316954449304162, 1.0], [0.47450587919859677, 0.0003402209552916718, -0.7436315261553161, 1.0], [0.4607165947902928, 0.00034022095529166534, -0.7532492213020963, 1.0], [0.4450069813054732, 0.0003402209552916596, -0.7601540253929863, 1.0], [0.4304699167240704, 0.0003402209552916549, -0.764963791851831, 1.0], [0.4110948170894818, 0.00034022095529164973, -0.7688652139287213, 1.0], [0.3919573771849844, 0.0003402209552916463, -0.7683754515303187, 1.0], [0.3736900343323562, 0.0003402209552916447, -0.7638023253396911, 1.0], [0.3569252527858912, 0.0003402209552916449, -0.7554531824433957, 1.0], [0.3422954698673674, 0.0003402209552916469, -0.7436358435245007, 1.0], [0.3304329529314015, 0.0003402209552916507, -0.7286576608559884, 1.0], [0.32197041599660486, 0.0003402209552916563, -0.7108264872398672, 1.0], [0.1298316340566399, 0.00034022095529185134, -0.22604698907066983, 1.0], [0.12928019805673502, 0.0003402209552915459, -0.8951878359260961, 1.0], [0.12134922414944696, 0.00034022095529153014, -0.9306467700222507, 1.0], [0.10021356660770248, 0.0003402209552915149, -0.9586903703250583, 1.0], [0.06930042527404562, 0.0003402209552915022, -0.975666340820764, 1.0], [0.01948903152431912, 0.0003402209552914907, -0.9810825427070834, 1.0], [-0.022276715388321343, 0.0003402209552914855, -0.9745340768772774, 1.0], [-0.056416116651032584, 0.0003402209552914882, -0.9517747824209603, 1.0], [-0.07829920489475105, 0.00034022095529149827, -0.9165930467502357, 1.0], [-0.08319777855210692, 0.00034022095529150575, -0.8955277505932954, 1.0], [-0.1611783450222815, 0.000340220955291804, -0.20742802350697143, 1.0], [-0.25048138241962614, 0.0003402209552915318, -0.7524660072786049, 1.0], [-0.25638719323663245, 0.00034022095529152207, -0.7740392954565455, 1.0], [-0.27391246348766146, 0.0003402209552915075, -0.8021387263562111, 1.0], [-0.3003688427734612, 0.0003402209552914942, -0.8228263888029378, 1.0], [-0.3320048810326149, 0.000340220955291484, -0.833365861346773, 1.0], [-0.365685896968168, 0.00034022095529147805, -0.8324163407522924, 1.0], [-0.40383990938978387, 0.0003402209552914772, -0.8166692695637167, 1.0], [-0.4327570626334131, 0.0003402209552914831, -0.7885210469857455, 1.0], [-0.4492870699568978, 0.0003402209552914949, -0.7514512274148172, 1.0], [-0.4519223389456117, 0.0003402209552915027, -0.7306577692569226, 1.0], [-0.47004792796734846, 0.00034022095529175924, -0.17433854888393835, 1.0], [-0.5867293975473487, 0.00034022095529158403, -0.465556739081874, 1.0], [-0.5959848218133992, 0.0003402209552915736, -0.4872318924738236, 1.0], [-0.6260684348266574, 0.0003402209552915544, -0.5210044985442708, 1.0], [-0.6669747703549584, 0.0003402209552915393, -0.5393035130006488, 1.0], [-0.7131753229157889, 0.0003402209552915308, -0.5388862764482077, 1.0], [-0.7573454712267637, 0.0003402209552915304, -0.5191780776006749, 1.0], [-0.7862761292964557, 0.0003402209552915382, -0.48623089931158525, 1.0], [-0.7995775992615368, 0.0003402209552915527, -0.44396668074741724, 1.0], [-0.7992884306359546, 0.0003402209552915621, -0.42080064986523835, 1.0], [-0.6657545660600254, 0.0003402209552919777, 0.5589356813374259, 1.0], [-0.6334933020521745, 0.00034022095529201776, 0.6469870596496173, 1.0], [-0.5837961677662455, 0.00034022095529206054, 0.7335014606972775, 1.0], [-0.5033510851636648, 0.0003402209552921114, 0.8274091771038778, 1.0], [-0.3860401213023755, 0.00034022095529216494, 0.9130081623334794, 1.0], [-0.2264988237178072, 0.0003402209552922166, 0.9745830667553695, 1.0], [-0.021870151626686533, 0.00034022095529226095, 0.9963748415137559, 1.0], [0.16110643999511, 0.00034022095529228675, 0.9771288453761273, 1.0], [0.3092613857128607, 0.0003402209552922965, 0.930196784782439, 1.0], [0.4272952547769769, 0.00034022095529229364, 0.8632835050166462, 1.0], [0.5196568294158546, 0.00034022095529228155, 0.784089352534361, 1.0], [0.5903314946739726, 0.0003402209552922637, 0.7003067757173524, 1.0], [0.6427456773852831, 0.0003402209552922434, 0.619618269519515, 1.0], [0.6797020927524919, 0.000340220955292224, 0.5496955311124163, 1.0], [0.703183682257755, 0.00034022095529220956, 0.5001307339500033, 1.0], [0.730888032364025, 0.00034022095529219205, 0.4401429174189673, 1.0], [0.7613726131427566, 0.00034022095529217253, 0.3743904261464304, 1.0], [0.7931178256493304, 0.00034022095529215296, 0.3075301524386314, 1.0], [0.8243209947210789, 0.000340220955292134, 0.2442141437962362, 1.0], [0.8527642704531629, 0.0003402209552921178, 0.1890871242961334, 1.0], [0.8758308671118202, 0.0003402209552921053, 0.14678697153386977, 1.0], [0.881595862258838, 0.00034022095529209973, 0.13009482327217575, 1.0], [0.8791048919054884, 0.00034022095529208336, 0.09012939024321363, 1.0], [0.8627598650091262, 0.00034022095529206406, 0.04997125157273548, 1.0], [0.8383663225391491, 0.00034022095529204736, 0.01991878218377295, 1.0], [0.8158043645906735, 0.0003402209552920371, 0.004985804722080324, 1.0]], "overrideEnabled": false, "useOutlinerColor": false, "outlinerColor": [0.0, 0.0, 0.0]}}