{"handShape4": {"overrideRGBColors": false, "knots": [0.0, 1.0, 2.0, 5.0, 7.0, 9.0, 10.0, 12.0, 14.0, 16.0, 18.0, 20.0, 21.0, 23.0, 25.0, 28.0, 29.0, 30.0, 31.0, 32.0, 33.0, 34.0, 37.0, 39.0, 41.0, 42.0, 44.0, 46.0, 48.0, 50.0, 52.0, 53.0, 55.0, 57.0, 60.0, 61.0, 62.0, 63.0, 64.0, 65.0, 66.0, 69.0, 71.0, 73.0, 74.0, 76.0, 78.0, 80.0, 82.0, 84.0, 85.0, 87.0, 89.0, 92.0, 93.0, 94.0, 95.0, 96.0, 98.0, 101.0, 103.0, 105.0, 109.0, 115.0, 117.0, 119.0, 120.0, 122.0, 123.0, 124.0, 125.0, 126.0, 128.0, 131.0, 133.0, 135.0, 147.0, 148.0, 149.0, 150.0, 151.0, 152.0, 153.0, 154.0, 155.0, 156.0, 157.0, 158.0, 159.0, 161.0, 163.0, 165.0, 169.0, 171.0, 173.0, 176.0, 177.0, 178.0, 179.0, 180.0], "degree": 1, "form": 3, "overrideColorRGB": [0.0, 0.0, 0.0], "cvs": [[0.6531094409057352, -7.020533903978914e-16, -0.5808836936950685, 1.0], [0.6255050610653753, -6.96293778114799e-16, -0.5679141998291017, 1.0], [0.6061033551002348, -6.894193857698251e-16, -0.5524344444274902, 1.0], [0.5833016370984374, -6.746297246426441e-16, -0.5191310882568361, 1.0], [0.5715713688709172, -6.589277666796228e-16, -0.4837734222412111, 1.0], [0.5669811762983881, -6.440261277968147e-16, -0.450217914581299, 1.0], [0.5669811762983881, -5.118266040485785e-16, -0.2498262508841972, 1.0], [0.5601243510164313, -5.003835700959992e-16, -0.224058829161785, 1.0], [0.5427273120977963, -4.934567887632377e-16, -0.2084611042472343, 1.0], [0.5204001549699849, -4.934567887632377e-16, -0.2084611042472343, 1.0], [0.50300311605135, -5.003835700959992e-16, -0.224058829161785, 1.0], [0.4961462907693932, -5.118266040485785e-16, -0.2498262508841972, 1.0], [0.4961462907693932, -7.57169866627376e-16, -0.7049949645996094, 1.0], [0.49155609819686424, -7.720714631585368e-16, -0.73855037689209, 1.0], [0.479825829969344, -7.877735058248528e-16, -0.7739082336425782, 1.0], [0.4570241119675466, -8.025631246003865e-16, -0.8072114944458009, 1.0], [0.437622406002406, -8.094375592970077e-16, -0.8226913452148439, 1.0], [0.41001802616204625, -8.151971292284528e-16, -0.835660743713379, 1.0], [0.3739559337602088, -8.176124436775484e-16, -0.8410995483398438, 1.0], [0.3378938413583715, -8.151971292284528e-16, -0.835660743713379, 1.0], [0.3102894615180116, -8.094375592970077e-16, -0.8226913452148439, 1.0], [0.29088775555287116, -8.025631246003865e-16, -0.8072114944458009, 1.0], [0.2680860375510738, -7.877735058248528e-16, -0.7739082336425782, 1.0], [0.2563557693235535, -7.720714631585368e-16, -0.73855037689209, 1.0], [0.25176557675102457, -7.57169866627376e-16, -0.7049949645996094, 1.0], [0.25176557675102457, -5.121243361295384e-16, -0.2504966839286308, 1.0], [0.24490881444158297, -5.006813445286064e-16, -0.2247293575736503, 1.0], [0.22751171255043284, -4.937545631958449e-16, -0.2091316326590994, 1.0], [0.20518455542262126, -4.937545631958449e-16, -0.2091316326590994, 1.0], [0.18778745353147114, -5.006813445286064e-16, -0.2247293575736503, 1.0], [0.1809306282495145, -5.121243361295384e-16, -0.2504966839286308, 1.0], [0.1809306282495145, -8.277358426499529e-16, -0.8638954162597656, 1.0], [0.17634056162201578, -8.426374391811137e-16, -0.8974508285522462, 1.0], [0.1646102933944955, -8.58339397144135e-16, -0.9328084945678712, 1.0], [0.1418085124201831, -8.731291006229634e-16, -0.9661119461059571, 1.0], [0.12240680645504243, -8.800034506162899e-16, -0.9815916061401369, 1.0], [0.09480242661468258, -8.857631052510296e-16, -0.9945611953735352, 1.0], [0.0587403342128453, -8.881784197001252e-16, -1.0, 1.0], [0.02267824181100786, -8.857631052510296e-16, -0.9945611953735352, 1.0], [-0.004926138029351823, -8.800034506162899e-16, -0.9815916061401369, 1.0], [-0.024327843994492504, -8.731291006229634e-16, -0.9661119461059571, 1.0], [-0.04712962496880502, -8.58339397144135e-16, -0.9328084945678712, 1.0], [-0.05885989319632523, -8.426374391811137e-16, -0.8974508285522462, 1.0], [-0.06344995982382395, -8.277358426499529e-16, -0.8638954162597656, 1.0], [-0.06344995982382395, -5.118266040485785e-16, -0.2498262508841972, 1.0], [-0.0703067851057807, -5.003835700959992e-16, -0.224058829161785, 1.0], [-0.08770388699693077, -4.934567887632377e-16, -0.2084611042472343, 1.0], [-0.1100310441247423, -4.934567887632377e-16, -0.2084611042472343, 1.0], [-0.12742814601589236, -5.003835700959992e-16, -0.224058829161785, 1.0], [-0.1342849712978491, -5.118266040485785e-16, -0.2498262508841972, 1.0], [-0.1342849712978491, -7.568721345464161e-16, -0.7043245315551758, 1.0], [-0.13887503792534783, -7.717737310775769e-16, -0.7378799438476564, 1.0], [-0.15060530615286805, -7.874756890405982e-16, -0.7732376098632814, 1.0], [-0.17340708712718056, -8.022653925194266e-16, -0.8065410614013673, 1.0], [-0.19280879309232124, -8.091397425127531e-16, -0.822020721435547, 1.0], [-0.22041317293268092, -8.148993971474929e-16, -0.8349903106689454, 1.0], [-0.25647526533451837, -8.173147115965885e-16, -0.8404291152954102, 1.0], [-0.2925373262500981, -8.148993971474929e-16, -0.8349903106689454, 1.0], [-0.33954341205559857, -8.022653925194266e-16, -0.8065410614013673, 1.0], [-0.362345193029911, -7.874756890405982e-16, -0.7732376098632814, 1.0], [-0.3740754612574313, -7.717737310775769e-16, -0.7378799438476564, 1.0], [-0.3786655593711876, -7.568721345464161e-16, -0.7043245315551758, 1.0], [-0.37738624819854993, 0.0011024540571288066, 0.11879682061169115, 1.0], [-0.555752977854349, -4.900910609956753e-16, -0.10358695983886723, 1.0], [-0.5786185027570975, -5.029632512885095e-16, -0.13257255554199232, 1.0], [-0.6077741790213166, -5.158926163052833e-16, -0.16168689727783203, 1.0], [-0.6221607538818613, -5.210567220748086e-16, -0.17331542968750013, 1.0], [-0.6451962888323196, -5.268306492147096e-16, -0.18631715774536128, 1.0], [-0.6707393735919472, -5.308966614714144e-16, -0.19547300338745122, 1.0], [-0.7027426118891916, -5.329475399949539e-16, -0.20009117126464848, 1.0], [-0.7390384503956103, -5.308823889662532e-16, -0.19544086456298837, 1.0], [-0.7700854116928518, -5.241509334311286e-16, -0.1802829742431642, 1.0], [-0.8001761053375732, -5.064861883710822e-16, -0.14050550460815425, 1.0], [-0.8053895584506999, -4.898933635057862e-16, -0.10314178466796875, 1.0], [-0.7994535887093622, -4.7391510339537055e-16, -0.06716194152832045, 1.0], [-0.7877374853619629, -4.594231743491493e-16, -0.034529018402099654, 1.0], [-0.3097633667897842, -1.786480233078699e-17, 0.95977204144001, 1.0], [-0.3006397828533697, -1.2088516733523453e-17, 0.9727790802717209, 1.0], [-0.2869261322894562, -7.098281681778846e-18, 0.984016090631485, 1.0], [-0.26998243250720966, -3.1799347301767897e-18, 0.9928394235670567, 1.0], [-0.2511686379432809, -6.193131438276877e-19, 0.998605430778116, 1.0], [-0.23184489195186586, 2.977467013772135e-19, 1.0006704659666865, 1.0], [0.5908880619406381, 2.977467013772135e-19, 1.0006704659666865, 1.0], [0.6096238965308416, -6.836264364536856e-19, 0.9984606101177633, 1.0], [0.6268721943687502, -3.408604178305644e-18, 0.9923245057463645, 1.0], [0.641570357234136, -7.548474399288586e-18, 0.983002346754074, 1.0], [0.6526560387968314, -1.2774524747037771e-17, 0.9712343275547027, 1.0], [0.6590666408366088, -1.8758042248802994e-17, 0.9577606439590454, 1.0], [0.800736537839629, -2.8166837640091663e-16, 0.3657392024993896, 1.0], [0.8067716977442277, -2.9660336720602286e-16, 0.3321085929870605, 1.0], [0.8107668000488207, -3.129675143513839e-16, 0.29525980949401853, 1.0], [0.8113617643717265, -3.2930785987092713e-16, 0.2584646224975585, 1.0], [0.8113617643717265, -6.440261277968147e-16, -0.450217914581299, 1.0], [0.8067716977442277, -6.589277666796228e-16, -0.4837734222412111, 1.0], [0.7950414295167078, -6.746297246426441e-16, -0.5191310882568361, 1.0], [0.7722397115149101, -6.894193857698251e-16, -0.5524344444274902, 1.0], [0.7528380055497697, -6.96293778114799e-16, -0.5679141998291017, 1.0], [0.7252336257094097, -7.020533903978914e-16, -0.5808836936950685, 1.0], [0.6891715333075725, -7.04468704846987e-16, -0.5863224983215334, 1.0], [0.6531094409057352, -7.020533903978914e-16, -0.5808836936950685, 1.0]],