{"hand2Shape": {"overrideRGBColors": true, "knots": [0.0, 1.0, 3.0, 5.0, 7.0, 8.0, 9.0, 10.0, 11.0, 13.0, 19.0, 20.0, 21.0, 22.0, 23.0, 24.0, 25.0, 26.0, 27.0, 28.0, 29.0, 30.0, 31.0, 32.0, 33.0, 34.0, 35.0, 36.0, 43.0, 44.0, 45.0, 46.0, 47.0, 48.0, 49.0, 50.0, 51.0, 52.0, 53.0, 54.0, 55.0, 56.0, 57.0, 58.0, 59.0, 60.0, 61.0, 62.0, 63.0, 64.0, 65.0, 66.0, 67.0, 68.0, 69.0, 70.0, 71.0, 72.0, 73.0, 74.0, 75.0, 76.0, 77.0, 78.0, 78.41162976, 79.0, 80.0, 81.0, 82.0, 83.0, 84.0, 85.0, 86.0, 87.0, 88.0, 89.0, 90.0, 91.0, 92.0, 93.0, 94.0, 95.0, 95.6529678, 96.0, 97.0, 98.0, 99.0, 100.0, 101.0, 102.0, 103.0, 104.0, 105.0, 106.0, 107.0, 108.0, 109.0, 110.0, 111.0, 113.0, 113.4592761, 114.0, 115.0, 117.0, 119.0, 121.0, 122.0, 123.0, 124.0, 125.0, 126.0, 127.0, 128.0, 129.0], "degree": 1, "form": 3, "overrideColorRGB": [0.177204892039299, 0.7068446278572083, 0.6089246869087219], "cvs": [[-0.25400297965490815, -8.821974353562679e-16, -0.947895260726098, 1.0], [-0.26162679376763565, -8.794022266303287e-16, -0.9396648592512393, 1.0], [-0.27385595852737565, -8.725301636259599e-16, -0.9209470074197764, 1.0], [-0.28173056977426125, -8.641934112491988e-16, -0.899860471582684, 1.0], [-0.28485475923544284, -8.546847887899116e-16, -0.8771736661246736, 1.0], [-0.29643410088716227, -5.329070518200752e-16, -0.13135833198542507, 1.0], [-0.3633515928757931, -4.662189196849706e-16, 0.03823321579587929, 1.0], [-0.43030758932781166, -4.455844771118507e-16, 0.10147651608337399, 1.0], [-0.5009968558527638, -4.575464457995653e-16, 0.0903103211487238, 1.0], [-0.6581113088560054, -5.592661665672133e-16, -0.10802115462685524, 1.0], [-0.664943163807053, -5.631111032246847e-16, -0.11531001983671509, 1.0], [-0.8227137821922298, -6.468450957969243e-16, -0.2719521551164224, 1.0], [-0.8391909090927661, -6.542481214042796e-16, -0.2852123702362068, 1.0], [-0.8575691893554958, -6.600032867643989e-16, -0.29422433100031353, 1.0], [-0.8771390224234661, -6.640374082306395e-16, -0.29898424617359415, 1.0], [-0.8971907663409635, -6.662772174530641e-16, -0.29948813854471323, 1.0], [-0.9170148319162473, -6.666495307850298e-16, -0.29573221423229495, 1.0], [-0.935901562176828, -6.650810375249516e-16, -0.2877124017137954, 1.0], [-0.9531413565657545, -6.614985540261869e-16, -0.2754249097540664, 1.0], [-0.9680987821300553, -6.557546965559134e-16, -0.25867731924409176, 1.0], [-0.9786138123611589, -6.485042639340061e-16, -0.239484765679233, 1.0], [-0.9846157783386265, -6.401081768992899e-16, -0.2186972201077586, 1.0], [-0.9860340482788255, -6.309274408938847e-16, -0.1971648405464615, 1.0], [-0.9827979532613176, -6.213229766566156e-16, -0.1757375980436111, 1.0], [-0.9748368229450124, -6.116557049263075e-16, -0.15526546397825486, 1.0], [-0.9620800276772542, -6.022866311450803e-16, -0.13659859587101747, 1.0], [-0.8145186953134329, -5.131697441930396e-16, 0.034851978637279964, 1.0], [-0.7017610210603986, -4.1119371125555255e-16, 0.24410323058728123, 1.0], [-0.6954242314765756, -4.061098618577796e-16, 0.25436853191440323, 1.0], [-0.531701920533152, -2.891813257090018e-16, 0.48628497177799096, 1.0], [-0.4577378140970233, -3.857744589727319e-17, 0.6834888821870152, 1.0], [-0.4378310937576366, -2.9710570009539204e-17, 0.934473667524126, 1.0], [-0.4291544181142458, -2.1691149262044166e-17, 0.9525135357033562, 1.0], [-0.4173265616768326, -1.4707504225253328e-17, 0.9682143930735574, 1.0], [-0.40278603884045105, -8.947958778354393e-18, 0.9811530959472893, 1.0], [-0.3859714106196275, -4.600835807918329e-18, 0.9909065029706187, 1.0], [-0.3673211914064125, -1.854458531388348e-18, 0.997051471946217, 1.0], [-0.34727394221570884, -8.971499180534794e-19, 0.9991648613338883, 1.0], [0.04778833164117806, -5.980999315826428e-19, 0.9990050198879293, 1.0], [0.06786189178699069, -1.444681693171826e-18, 0.9970563451340304, 1.0], [0.08656819019836179, -4.1117192795042935e-18, 0.991011243329161, 1.0], [0.10343571158112144, -8.405658507020139e-18, 0.9813065551686977, 1.0], [0.11799312713983034, -1.4132944571773995e-17, 0.9683791223516519, 1.0], [0.12976920131724198, -2.110002482049009e-17, 0.9526657815374944, 1.0], [0.13829251207672058, -2.9113342960297955e-17, 0.9346033779746641, 1.0], [0.16321894331970385, -3.7979345345305086e-17, 0.8087204463417275, 1.0], [0.2567030440054894, -1.0705989292317189e-16, 0.5699775803043048, 1.0], [0.46669007904441306, -2.7721931466963977e-16, 0.281448893973645, 1.0], [0.9411833516058162, -3.585609050340069e-16, -0.0168818282693117, 1.0], [0.957969609591636, -3.625584346769262e-16, -0.03002223570978729, 1.0], [0.9710641167233457, -3.6820373986378666e-16, -0.04610847378898669, 1.0], [0.9803181505871518, -3.752039589530751e-16, -0.06442957470837833, 1.0], [0.9855830508674065, -3.8326610324833626e-16, -0.08427429170514812, 1.0], [0.9867099547056956, -3.9209722640476224e-16, -0.10493142866493373, 1.0], [0.9835497967008388, -4.014044244291925e-16, -0.12568984012182405, 1.0], [0.9759541190799527, -4.1089466627352443e-16, -0.14583822866455337, 1.0], [0.9633782340319769, -4.2029164979036364e-16, -0.16461167438183288, 1.0], [0.9474988598638999, -4.28359892722845e-16, -0.1795473324775843, 1.0], [0.9290952330891885, -4.3490584804252095e-16, -0.19037965611512547, 1.0], [0.9089473175948498, -4.397359687209439e-16, -0.1968432678163448, 1.0], [0.88783469288174, -4.4265675008131354e-16, -0.1986727984119398, 1.0], [0.8665370005488567, -4.4347456039188756e-16, -0.1956025997683244, 1.0], [0.8458338407964382, -4.4199585262421837e-16, -0.1873672097281021, 1.0], [0.39647710307465056, -3.8278397209475915e-16, 0.05400408143440172, 1.0], [0.364697531141288, -3.91770105995592e-16, 0.042201314312453574, 1.0], [0.3626950853450105, -4.046145945959916e-16, 0.01145371392374124, 1.0], [0.6841546101035854, -6.283040104496487e-16, -0.5799858884254205, 1.0], [0.6924212809027014, -6.362484171652415e-16, -0.6002576196730943, 1.0], [0.6959981585511444, -6.449880184117166e-16, -0.6212738358135417, 1.0], [0.6950736439699706, -6.541827304607515e-16, -0.6422930078858158, 1.0], [0.6898364810676234, -6.634925119356709e-16, -0.6625737845963492, 1.0], [0.680475413752547, -6.725773214597995e-16, -0.6813748146515746, 1.0], [0.6671791445344226, -6.810972023597569e-16, -0.6979549327341127, 1.0], [0.6501360743343056, -6.887120709072204e-16, -0.7115726098830175, 1.0], [0.6299388118149405, -6.948456482365256e-16, -0.721034957887777, 1.0], [0.6088188621603285, -6.988920093288541e-16, -0.725462216899075, 1.0], [0.5875847424571815, -7.008510694809112e-16, -0.7250424429916552, 1.0], [0.567045068838075, -7.007229133959917e-16, -0.7199641065322838, 1.0], [0.5480085195337252, -6.985074987224481e-16, -0.7104153989234422, 1.0], [0.5312835702320828, -6.942048254602804e-16, -0.696584562216065, 1.0], [0.5176788577651034, -6.87814935961136e-16, -0.6786599737888224, 1.0], [0.20057650241997535, -4.880495421862031e-16, -0.14348543991025264, 1.0], [0.17497632236105923, -4.974225118245406e-16, -0.14488557854998027, 1.0], [0.16852249008358558, -5.024039554334375e-16, -0.16917245777148643, 1.0], [0.34668138549178273, -7.802213600671335e-16, -0.8522506926788044, 1.0], [0.3497196308999987, -7.894308951927453e-16, -0.8742267696610089, 1.0], [0.3480281473138116, -7.988967424881963e-16, -0.8956935285001021, 1.0], [0.34195877102535766, -8.082893214337098e-16, -0.9159717501312035, 1.0], [0.33186366061478, -8.172791362128038e-16, -0.934382486144906, 1.0], [0.3180947432959059, -8.255366063057019e-16, -0.9502465386461517, 1.0], [0.30100403720425617, -8.327321511926272e-16, -0.9628847309097014, 1.0], [0.2809435109524204, -8.385361056505083e-16, -0.9716176790643081, 1.0], [0.2591853696820464, -8.423793482420852e-16, -0.9754272587547713, 1.0], [0.23779411973357525, -8.439782923366172e-16, -0.9741392408561823, 1.0], [0.2174847274569199, -8.434325490087012e-16, -0.9681501386954067, 1.0], [0.1989724571174952, -8.408413058164609e-16, -0.9578555568881836, 1.0], [0.1829722750652154, -8.363041738344933e-16, -0.9436520087613779, 1.0], [0.17019935464380231, -8.299203406209217e-16, 