{"nurbsCircleShape3": {"overrideRGBColors": true, "knots": [0.0, 0.9999999999999999, 1.9999999999999998, 2.9999999999999996, 3.9999999999999996, 4.999999999999999, 5.999999999999999], "degree": 1, "form": 1, "overrideColorRGB": [0.0, 0.0, 1.0], "cvs": [[6.123233995736766e-17, 6.123233995736766e-17, -1.0, 1.0], [-0.8660254037844386, 3.0616169978683836e-17, -0.5000000000000001, 1.0], [-0.8660254037844388, -3.061616997868379e-17, 0.4999999999999997, 1.0], [-4.498103985761725e-16, -6.123233995736766e-17, 1.0, 1.0], [0.8660254037844384, -3.061616997868386e-17, 0.5000000000000004, 1.0], [0.866025403784439, 3.061616997868379e-17, -0.49999999999999933, 1.0], [9.494107596574928e-16, 6.123233995736766e-17, -1.0, 1.0]], "overrideEnabled": true, "useOutlinerColor": false, "outlinerColor": [0.0, 0.0, 0.0]}}