{"hiveShape": {"overrideRGBColors": false, "knots": [0.0, 1.0, 2.0, 3.0, 4.0, 5.0, 6.0], "degree": 1, "form": 3, "overrideColorRGB": [0.0, 0.0, 0.0], "cvs": [[0.4878725051879884, -5.348766575323256e-16, -0.20443515777587895, 1.0], [0.4878725051879884, -7.703086181887111e-16, -0.7345808029174805, 1.0], [0.031185054779052868, -8.881784197001252e-16, -1.0, 1.0], [-0.42550244331359866, -7.703086181887111e-16, -0.7345808029174805, 1.0], [-0.42550244331359866, -5.351844269537104e-16, -0.20512819290161133, 1.0], [0.031185054779052868, -4.1731458309064894e-16, 0.06029109954833978, 1.0], [0.4878725051879884, -5.348766575323256e-16, -0.20443515777587895, 1.0]], "overrideEnabled": false, "useOutlinerColor": false, "outlinerColor": [0.0, 0.0, 0.0]}, "hiveShape1": {"overrideRGBColors": false, "knots": [0.0, 1.0, 2.0, 3.0, 4.0, 5.0, 6.0], "degree": 1, "form": 3, "overrideColorRGB": [0.0, 0.0, 0.0], "cvs": [[-0.0012052284528255436, 0.0002000000094993727, 0.6486144650690262, 1.0], [-0.0012052284528255436, 0.00020000000949913695, 0.11777592785283972, 1.0], [-0.4710596786786556, 0.00020000000949901972, -0.1462573420293625, 1.0], [-0.9409141289044858, 0.00020000000949913695, 0.11777592785283972, 1.0], [-0.9409141289044858, 0.0002000000094993727, 0.6486144650690262, 1.0], [-0.4710596786786556, 0.00020000000949949026, 0.913340722393245, 1.0], [-0.0012052284528255436, 0.0002000000094993727, 0.6486144650690262, 1.0]], "overrideEnabled": false, "useOutlinerColor": false, "outlinerColor": [0.0, 0.0, 0.0]}, "hiveShape2": {"overrideRGBColors": false, "knots": [0.0, 1.0, 2.0, 3.0, 4.0, 5.0, 6.0], "degree": 1, "form": 3, "overrideColorRGB": [0.0, 0.0, 0.0], "cvs": [[1.003284238462591, 0.00040000001899886294, 0.6486144650690262, 1.0], [1.003284238462591, 0.00040000001899862723, 0.11777592785283972, 1.0], [0.5334296928693292, 0.00040000001899851, -0.1462573420293625, 1.0], [0.06357524264349902, 0.00040000001899862723, 0.11777592785283972, 1.0], [0.06357524264349902, 0.00040000001899886294, 0.6486144650690262, 1.0], [0.5334296928693292, 0.0004000000189989805, 0.913340722393245, 1.0], [1.003284238462591, 0.00040000001899886294, 0.6486144650690262, 1.0]], "overrideEnabled": false, "useOutlinerColor": false, "outlinerColor": [0.0, 0.0, 0.0]}}