{"info_questionShape1": {"overrideRGBColors": false, "knots": [0.0, 1.0, 2.0, 3.0, 4.0, 5.0, 6.0, 7.0, 8.0, 9.0, 10.0, 11.0, 12.0, 13.0, 14.0, 15.0, 16.0, 17.0, 18.0, 19.0, 20.0, 21.0, 22.0, 23.0, 24.0, 25.0, 26.0, 27.0, 28.0], "degree": 1, "form": 3, "overrideColorRGB": [0.0, 0.0, 0.0], "cvs": [[0.10825252532958973, -6.291140204315366e-16, 0.5666555335978045, 1.0], [0.10596323013305653, -6.47729687029818e-16, 0.5834230354288592, 1.0], [0.09951610565185554, -6.645319090275872e-16, 0.5985571315744891, 1.0], [0.08954219818115228, -6.788199519494483e-16, 0.6114266565302389, 1.0], [0.0766726493835449, -6.898931871991242e-16, 0.6214005401590841, 1.0], [0.06153860092163088, -6.970509597105578e-16, 0.6278476884821429, 1.0], [0.044771099090576194, -6.995925879479128e-16, 0.6301369836786761, 1.0], [-0.11693954467773438, -6.995925879479128e-16, 0.6301369836786761, 1.0], [-0.13370704650878906, -6.970509597105578e-16, 0.6278476884821429, 1.0], [-0.1488411903381348, -6.898931871991242e-16, 0.6214005401590841, 1.0], [-0.1617107391357422, -6.788199519494483e-16, 0.6114266565302389, 1.0], [-0.17168455123901372, -6.645319090275872e-16, 0.5985571315744891, 1.0], [-0.17813177108764655, -6.47729687029818e-16, 0.5834230354288592, 1.0], [-0.18042106628417975, -6.291140204315366e-16, 0.5666555335978045, 1.0], [-0.18042106628417975, -5.133807854141886e-16, 0.46241230277810264, 1.0], [-0.17813177108764655, -4.94765065876348e-16, 0.44564475326333186, 1.0], [-0.17168455123901372, -4.779628968181381e-16, 0.43051070480141806, 1.0], [-0.1617107391357422, -4.636748274264973e-16, 0.41764115600381047, 1.0], [-0.1488411903381348, -4.52601618646601e-16, 0.40766729621682307, 1.0], [-0.13370704650878906, -4.454438196653878e-16, 0.40122012405190643, 1.0], [-0.11693954467773438, -4.4290219142803285e-16, 0.39893082885537323, 1.0], [0.044771099090576194, -4.4290219142803285e-16, 0.39893082885537323, 1.0], [0.06153860092163088, -4.454438196653878e-16, 0.40122012405190643, 1.0], [0.0766726493835449, -4.52601618646601e-16, 0.40766729621682307, 1.0], [0.08954219818115228, -4.636748274264973e-16, 0.41764115600381047, 1.0], [0.09951610565185554, -4.779628968181381e-16, 0.43051070480141806, 1.0], [0.10596323013305653, -4.94765065876348e-16, 0.44564475326333186, 1.0], [0.10825252532958973, -5.133807854141886e-16, 0.46241230277810264, 1.0], [0.10825252532958973, -6.291140204315366e-16, 0.5666555335978045, 1.0]], "overrideEnabled": false, "useOutlinerColor": false, "outlinerColor": [0.0, 0.0, 0.0]}, "info_questionShape2": {"overrideRGBColors": false, "knots": [0.0, 1.0, 2.0, 3.0, 4.0, 5.0, 6.0, 7.0, 8.0, 9.0, 10.0, 11.0, 12.0, 13.0, 14.0, 15.0, 16.0, 17.0, 18.0, 19.0, 20.0, 21.0, 22.0, 23.0, 24.0, 25.0, 26.0, 27.0, 28.0, 29.0, 30.0, 31.0, 32.0, 33.0, 34.0, 35.0, 36.0, 37.0, 38.0, 39.0, 40.0, 41.0, 42.0, 43.0, 44.0, 45.0, 46.0, 47.0, 48.0, 49.0, 50.0, 51.0, 52.0, 53.0, 54.0, 55.0, 56.0, 57.0, 58.0, 59.0, 60.0, 61.0, 62.0, 63.0, 64.0, 65.0, 66.0, 67.0, 68.0, 69.0, 70.0, 71.0, 72.0, 73.0, 74.0, 75.0, 76.0, 77.0, 78.0, 79.0, 80.0, 81.0, 82.0, 83.0, 84.0, 85.0, 86.0, 87.0, 88.0, 89.0, 90.0, 91.0, 92.0, 93.0, 94.0, 95.0, 96.0, 97.0, 98.0, 99.0, 100.0, 101.0, 102.0, 103.0, 104.0, 105.0, 106.0, 107.0, 108.0, 109.0, 110.0, 111.0, 112.0, 113.0, 114.0, 115.0, 116.0, 117.0, 118.0, 119.0, 120.0, 121.0, 122.0], "degree": 1, "form": 3, "overrideColorRGB": [0.0, 0.0, 0.0], "cvs": [[0.3419026374816895, 2.8991669009040227e-17, -0.026113373949192553, 1.0], [0.3178031921386718, -5.22029367733394e-19, 0.0004702022532003802, 1.0], [0.29184761047363283, -2.772777472147586e-17, 0.02497495918069026, 1.0], [0.2639986991882325, -5.264600172203968e-17, 0.04741930274758488, 1.0], [0.23421926498413093, -7.529735679751418e-17, 0.06782182960305372, 1.0], [0.20247240066528327, -9.570248637598868e-17, 0.0862011363962667, 1.0], [0.1851016044616699, -1.0939286814422313e-16, 0.09853233604226252, 1.0], [0.16975412368774412, -1.2312454276863622e-16, 0.11090072898659864, 1.0], [0.1564483642578124, -1.3706225815746891e-16, 0.12345470695290706, 1.0], [0.14520292282104486, -1.51370973977199e-16, 0.13634285239968458, 1.0], [0.13603649139404295, -1.6621543813606742e-16, 0.14971355705056366, 1.0], [0.12896757125854486, -1.8176050442143356e-16, 0.1637153079966085, 1.0], [0.12512521743774407, -1.9238039175587117e-16, 0.1732808521250262, 1.0], [0.12161703109741218, -2.0415436148094276e-16, 0.18388590125832716, 1.0], [0.11844301223754872, -2.1699982788429103e-16, 0.19545606879983124, 1.0], [0.11560306549072263, -2.3083452289091393e-16, 0.2079172542551535, 1.0], [0.11309719085693348, -2.4557591372801335e-16, 0.2211951187113299, 1.0], [0.11092548370361321, -2.61141679381028e-16, 0.23521551399026075, 1.0], [0.10844430923461912, -2.73087279157037e-16, 0.2459751537302508, 1.0], [0.10332746505737311, -2.8350795493019224e-16, 0.2553612640360372, 1.0], [0.09605741500854481, -2.92115133163276e-16, 0.2631139209726827, 1.0], [0.08711681365966795, -2.9862034619818904e-16, 0.2689732959726827, 1.0], [0.07698822021484364, -3.027350204977136e-16, 0.2726794651011004, 1.0], [0.0661542892456054, -3.0417068840375045e-16, 0.27397259979043165, 1.0], [-0.13230876922607426, -3.0417068840375045e-16, 0.27397259979043165, 1.0], [-0.14504528045654297, -3.0217862573048595e-16, 0.27217830924782893, 1.0], [-0.1562411308288575, -2.966419948707582e-16, 0.26719135551247764, 1.0], [-0.16546945571899419, -2.8822026391356393e-16, 0.2596057346323506, 1.0], [-0.17230329513549802, -2.7757295388745897e-16, 0.2500154903391376, 1.0], [-0.1763157844543457, -2.653593740627624e-16, 0.23901447562966505, 1.0], [-0.17707986831665046, -2.522390984075893e-16, 0.2271967819193379, 1.0], [-0.1742461204528809, -2.22612003495002e-16, 0.2005110671976582, 1.0], [-0.16977891921997068, -1.9525172756794484e-16, 0.17586712150368866, 1.0], [-0.16371536254882812, -1.700758966722973e-16, 0.15319074897561213, 1.0], [-0.15609264373779297, -1.4700208391437972e-16, 0.13240770606789765, 1.0], [-0.14694786071777344, -1.259478094609532e-16, 0.1134437015512959, 1.0], [-0.13631811141967776, -1.0683069935789727e-16, 0.09622453956399113, 1.0], [-0.12011051177978516, -8.459142581126199e-17, 0.07619318275246778, 1.0], [-0.10020914077758791, -6.09714885606022e-17, 0.05491823463235068, 1.0], [-0.076595401763916, -3.60739079881277e-17, 0.032492487714625984, 1.0], [-0.04925079345703132, -1.0001598596929896e-17, 0.009008639142848551, 1.0], [-0.01815662384033201, 1.71422074725446e-17, -0.015440327837132006, 1.0], [0.0167056083679199, 4.5254701596322793e-17, -0.04076181144919255, 1.0], [0.03526744842529295, 5.936065890430388e-17, -0.05346732826437828, 1.0], [0.052270030975341775, 7.427045047922929e-17, -0.06689687462057892, 1.0], [0.06782484054565419, 9.004569796801179e-17, -0.08110595436301082, 1.0], [0.0820432662963867, 1.0674823477580093e-16, -0.09615026207175115, 1.0], [0.09503650665283192, 1.2444000018686469e-16, -0.11208558769430921, 1.0], [0.10691614151000983, 1.4318282760635263e-16, -0.12896762581076482, 1.0], [0.11723031997680666, 1.6303145653848105e-16, -0.14684568138327458, 1.0], [0.1255026817321777, 1.8401362731227255e-16, -0.16574474067892853, 1.0], [0.13180751800537116, 2.0614988047669802e-16, -0.18568330497946617, 1.0], [0.13621902465820301, 2.2946065070161e-16, -0.2066797801991922, 1.0], [0.1388114929199219, 2.539666902942162e-16, -0.2287528583547096, 1.0], [0.13965911865234382, 2.7968864568260594e-16, -0.2519211360951883, 1.0], [0.13864440917968757, 3.049022754235247e-16, -0.2746315547963607, 1.0], [0.1355507850646972, 3.2857028179394117e-16, -0.29594979973044255, 1.0], [0.13030395507812498, 3.506309372678242e-16, -0.31582027168478843, 1.0], [0.12282981872558596, 3.710223025609058e-16, -0.3341871807118877, 1.0], [0.11305389404296873, 3.8968265014715487e-16, -0.3509949275990949, 1.0], [0.10090208053588856, 4.065501466214218e-16, -0.3661878177663307, 1.0], [0.0868507385253906, 4.2114378314878454e-16, -0.37933259697165367, 1.0], [0.07135162353515623, 4.3303792567324783e-16, -0.39004588813986585, 1.0], 