{"infoShape2": {"overrideRGBColors": false, "knots": [0.0, 1.0, 3.0, 4.0, 5.0, 6.0, 7.0, 8.0, 9.0, 10.0, 11.0, 12.0, 13.0, 14.0, 15.0, 16.0, 17.0, 18.0, 19.0, 20.0, 21.0, 22.0, 23.0, 27.0, 28.0, 29.0, 30.0, 31.0, 34.0, 35.0, 36.0, 37.0, 38.0, 39.0, 40.0, 41.0, 42.0, 43.0, 45.0, 47.0, 48.0, 49.0, 50.0, 51.0, 52.0, 53.0, 54.0, 55.0, 56.0, 57.0, 58.0, 59.0, 60.0, 61.0, 62.0, 63.0, 64.0, 65.0, 67.0, 69.0, 70.0, 71.0, 72.0, 73.0, 75.0, 77.0, 79.0, 80.0, 81.0, 82.0, 83.0, 84.0, 85.0, 86.0], "degree": 1, "form": 3, "overrideColorRGB": [0.0, 0.0, 0.0], "cvs": [[0.25380031627137223, -5.118741644884476e-16, 0.4610552592901511, 1.0], [0.24866001170594254, -5.22753243904745e-16, 0.47085426289122534, 1.0], [0.2361808971734718, -5.4116398146935e-16, 0.4874371810583398, 1.0], [0.19259845775086437, -5.835295519361356e-16, 0.5255966945318504, 1.0], [0.14430486720521007, -6.150858702652129e-16, 0.554020099225454, 1.0], [0.09136306804139172, -6.347867448876047e-16, 0.571765069547109, 1.0], [0.033835907396860376, -6.41586143053011e-16, 0.5778894229559226, 1.0], [0.005611439165659204, -6.414815344840251e-16, 0.5777951999334618, 1.0], [-0.022110538068227492, -6.407492745011237e-16, 0.5771356387762352, 1.0], [-0.04983251530211419, -6.387617646299507e-16, 0.5753454490331933, 1.0], [-0.07805688816588374, -6.348913534565906e-16, 0.5718592925695702, 1.0], [-0.12538736301939934, -6.147720445582552e-16, 0.5537374301580709, 1.0], [-0.16926296192687007, -5.732432897037977e-16, 0.516331653180532, 1.0], [-0.19969642597716297, -5.167906613516668e-16, 0.46548364597838354, 1.0], [-0.20670016247313472, -4.5189978489987e-16, 0.40703514057677204, 1.0], [-0.2002721591619775, -4.061519059955797e-16, 0.3658291144995016, 1.0], [-0.1939698024420068, -3.6040402709128935e-16, 0.3246230884222312, 1.0], [-0.18766744572203609, -3.14656148186999e-16, 0.2834170623449608, 1.0], [-0.1812394900945946, -2.689082692827087e-16, 0.24221103626769036, 1.0], [-0.1686662479070946, -1.8934921740419082e-16, 0.1705506129888814, 1.0], [-0.15603015858214353, -1.0944161146787783e-16, 0.09857624012511224, 1.0], [-0.14326837498228995, -2.967334245138816e-17, 0.026727370801381767, 1.0], [-0.13031824070494624, 4.946727515118607e-17, -0.044556160387583255, 1.0], [-0.12830818134825672, 7.02954976868141e-17, -0.06331655543763226, 1.0], [-0.13092544514220206, 9.872520564933903e-17, -0.08892375987488776, 1.0], [-0.1396984859136865, 1.1808911997740118e-16, -0.10636522334534693, 1.0], [-0.1560091777471826, 1.299212173384781e-16, -0.11702262919861806, 1.0], [-0.1812394900945946, 1.3575589791652093e-16, -0.12227804225403816, 1.0], [-0.2192106052068994, 1.420323061765569e-16, -0.12793132823426312, 1.0], [-0.23216078716795896, 1.4542626131708647e-16, -0.13098833125550335, 1.0], [-0.24465029675047845, 1.525743723589655e-16, -0.1374267773004254, 1.0], [-0.25368507343810054, 1.6300007739024506e-16, -0.1468174175592143, 1.0], [-0.2588253780035302, 1.7523906820335926e-16, -0.15784132045228016, 1.0], [-0.2596314712194726, 1.8782671895338701e-16, -0.16917926829773933, 1.0], [-0.25646985012572254, 2.0050733156937592e-16, -0.18060094874817878, 1.0], [-0.24991624790709466, 2.1060767006979142e-16, -0.1896985248895362, 1.0], [-0.23984501797240232, 2.1805796011560343e-16, -0.19640914958436095, 1.0], [-0.22613065678160638, 2.227885332469003e-16, -0.2006700710626319, 1.0], [-0.20879395443480464, 2.2474115594855827e-16, -0.2024288372369485, 1.0], [-0.18994968372862786, 2.2502014742556016e-16, -0.20268013041932154, 1.0], [-0.04857624012511219, 2.2502014742556016e-16, -0.20268013041932154, 1.0], [0.10150758784729996, 2.2502014742556016e-16, -0.20268013041932154, 1.0], [0.12567007106263195, 2.2148674948608884e-16, -0.19949752849061042, 1.0], [0.14355108302552244, 2.1070063193575258e-16, -0.1897822574945165, 1.0], [0.15464822810608903, 1.923829091766679e-16, -0.17328311961609888, 1.0], [0.15845901530701667, 1.662544838527145e-16, -0.14974872630555236, 1.0], [0.15772611659485847, 1.4170683376657443e-16, -0.12763816874939948, 1.0], [0.15561143916565934, 1.1715918368043436e-16, -0.1055276111932475, 1.0], [0.15224039119202648, 9.26116394734127e-17, -0.08341714900452679, 1.0], [0.14773866694886229, 6.806398938727264e-17, -0.06130659144837436, 1.0], [0.13324958842713386, -2.296685321238383e-17, 0.02068670231383285, 1.0], [0.11825801890809085, -1.1343981873715494e-16, 0.10217750507872525, 1.0], [0.10326635402161632, -2.0391278426192604e-16, 0.1836683078436181, 1.0], [0.08877727549988768, -2.949436268615825e-16, 0.26566160160582486, 1.0], [0.0838672832818701, -3.249540571223616e-16, 0.2926925941137597, 1.0], [0.07864324611146012, -3.548250445841989e-16, 0.3195979877142232, 1.0], [0.07379610103089362, -3.8469597910647703e-16, 0.3465033336309715, 1.0], [0.07001678508240738, -4.147064093672561e-16, 0.3735343261389059, 1.0], [0.06976549190003434, -4.440891882141197e-16, 0.39999998051207486, 1.0], [0.0740369037957862, -4.734719670609833e-16, 0.4264656348852438, 1.0], [0.08060094874817869, -4.906855294337628e-16, 0.4419702335027975, 1.0], [0.0908710674615576, -5.029477607133673e-16, 0.45301506954710913, 1.0], [0.10428182643372574, -5.097703993452639e-16, 0.45916035610716754, 1.0], [0.12026798289734875, -5.106653955331565e-16, 0.459966497006826, 1.0], [0.14874374431092297, -5.038775911312157e-16, 0.4538525863317773, 1.0], [0.17721941035706545, -4.920686812970699e-16, 0.4432160659460349, 1.0], [0.19832498591858894, -4.797018943880387e-16, 0.4320770545629782, 1.0], [0.20868932765442882, -4.73553335163479e-16, 0.4265389247564597, 1.0], [0.2194304661126807, -4.690087916432228e-16, 0.42244556385558063, 1.0], [0.23698703807313004, -4.663703369520849e-16, 0.42006905514281234, 1.0], [0.2503350452752784, -4.718912447627292e-16, 0.42504184681456536, 1.0], [0.25777847331482917, -4.839674993708522e-16, 0.43591916996519986, 1.0], [0.25762149852234884, -5.009950850721502e-16, 0.4512562556890769, 1.0], [0.25380031627137223, -5.118741644884476e-16, 0.4610552592901511, 1.0]], "overrideEnabled": false, "useOutlinerColor": false, "outlinerColor": [0.0, 0.0, 0.0]}, "infoShape": {"overrideRGBColors": false, "knots": [-2.0, -1.0, 0.0, 1.0, 2.0, 3.0, 4.0, 5.0, 6.0, 7.0, 8.0, 9.0, 10.0], "degree": 3, "form": 3, "overrideColorRGB": [0.0, 0.0, 0.0], "cvs": [[0.7836116248912245, 4.798237340988473e-17, -0.7836116248912246, 1.0], [6.785732323110912e-17, 6.785732323110912e-17, -1.1081941875543877, 1.0], [-0.7836116248912245, 4.798237340988472e-17, -0.7836116248912244, 1.0], [-1.1081941875543881, 3.517735619006027e-33, -5.74489823752483e-17, 1.0], [-0.7836116248912245, -4.7982373409884725e-17, 0.7836116248912245, 1.0], [-1.1100856969603225e-16, -6.785732323110917e-17, 1.1081941875543884, 1.0], [0.7836116248912245, -4.798237340988472e-17, 0.7836116248912244, 1.0], [1.1081941875543881, -9.253679210110099e-33, 1.511240500779959e-16, 1.0], [0.7836116248912245, 4.798237340988473e-17, -0.7836116248912246, 1.0], [6.785732323110912e-17, 6.785732323110912e-17, -1.1081941875543877, 1.0], [-0.7836116248912245, 4.798237340988472e-17, -0.7836116248912244, 1.0]], "overrideEnabled": false, "useOutlinerColor": false, "outlinerColor": [0.0, 0.0, 0.0]}, "infoShape1": {"overrideRGBColors": false, "knots": [-2.0, -1.0, 0.0, 1.0, 2.0, 3.0, 4.0, 5.0, 6.0, 7.0, 8.0, 9.0, 10.0], "degree": 3, "form": 3, "overrideColorRGB": [0.0, 0.0, 0.0],