{"info_exclamationShape": {"overrideRGBColors": true, "knots": [0.0, 1.0, 2.0, 3.0, 4.0, 5.0, 6.0, 7.0, 8.0, 9.0, 10.0, 11.0, 12.0, 13.0, 14.0, 15.0, 16.0, 17.0, 18.0, 19.0], "degree": 1, "form": 3, "overrideColorRGB": [0.0, 0.0012000000569969416, 0.1168999969959259], "cvs": [[0.0964647096207345, 7.223991429667633e-16, 0.5282755439850386, 1.0], [0.09564464507605686, 7.156401906245884e-16, 0.5343634670349653, 1.0], [0.09348285613562712, 7.10039873475139e-16, 0.5394077842804488, 1.0], [0.09042642531897682, 7.052672133942754e-16, 0.5437066143127973, 1.0], [0.08659971175696501, 7.015429154043167e-16, 0.5470611637207563, 1.0], [0.08172939239051003, 6.993082836707822e-16, 0.5490739410492473, 1.0], [0.07566631255652556, 6.985634240727905e-16, 0.5497448509308391, 1.0], [-0.08199894012902131, 6.985634240727905e-16, 0.5497448509308391, 1.0], [-0.09246027054283967, 7.019291094887054e-16, 0.5467133110138471, 1.0], [-0.09993974747155054, 7.105916095611568e-16, 0.5389108245941694, 1.0], [-0.10279733719323025, 7.223991429667633e-16, 0.5282755439850386, 1.0], [-0.10279733719323025, 8.974426837420415e-16, 0.3706103389832074, 1.0], [-0.09993974747155054, 9.09057093635674e-16, 0.36014900856938903, 1.0], [-0.09246027054283967, 9.173609811340816e-16, 0.35266953164067827, 1.0], [-0.08199894012902131, 9.205335430380226e-16, 0.34981194191899867, 1.0], [0.07566631255652556, 9.205335430380226e-16, 0.34981194191899867, 1.0], [0.08612764297034392, 9.173609811340816e-16, 0.35266953164067827, 1.0], [0.0936071198990549, 9.09057093635674e-16, 0.36014900856938903, 1.0], [0.0964647096207345, 8.974426837420415e-16, 0.3706103389832074, 1.0], [0.0964647096207345, 7.223991429667633e-16, 0.5282755439850386, 1.0]], "overrideEnabled": true, "useOutlinerColor": false, "outlinerColor": [0.0, 0.0, 0.0]}, "info_exclamationShape3": {"overrideRGBColors": true, "knots": [0.0, 1.0, 2.0, 3.0, 4.0, 5.0, 6.0, 7.0, 8.0, 9.0, 10.0, 11.0, 12.0, 13.0, 14.0, 15.0, 16.0, 17.0, 18.0, 19.0, 20.0, 21.0, 22.0, 23.0, 24.0, 25.0, 26.0, 27.0, 28.0, 29.0, 30.0, 31.0, 32.0, 33.0, 34.0, 35.0, 36.0], "degree": 1, "form": 3, "overrideColorRGB": [0.0, 0.0012000000569969416, 0.1168999969959259], "cvs": [[0.1474294465592112, 1.8560854037473376e-15, -0.49285826033625035, 1.0], [0.14524276671912317, 1.825545948471439e-15, -0.4653507644561232, 1.0], [0.14275787292029518, 1.795006387316422e-15, -0.4378431732085648, 1.0], [0.13334024367835173, 1.6621995621208282e-15, -0.31822141951593785, 1.0], [0.12377345977332244, 1.5290616529219764e-15, -0.1983014518645705, 1.0], [0.11390846190955295, 1.3957581487819364e-15, -0.07823232955011772, 1.0], [0.10787027297522678, 1.3115882730550398e-15, -0.0024188453582230096, 1.0], [0.10183198867346888, 1.2274183973281431e-15, 0.07339463883367126, 1.0], [0.0957937997391427, 1.1432485216012465e-15, 0.14920812302556596, 1.0], [0.09537132201697474, 1.1390000160960557e-15, 0.15303483658757777, 1.0], [0.09420345244910378, 1.135082594594123e-15, 0.15656333619084917, 1.0], [0.09243915496375221, 1.13133066215426e-15, 0.15994277649846644, 1.0], [0.08888585982825403, 1.1257579265151556e-15, 0.16496225052800728, 1.0], [0.08369243560340056, 1.1215094210099649e-15, 0.1687889640900191, 1.0], [0.07700813231970915, 1.1194128027072737e-15, 0.17067742997136648, 1.0], [0.07499540267493376, 1.1194128027072737e-15, 0.17067742997136648, 1.0], [-0.08266985001061311, 1.1194128027072737e-15, 0.17067742997136648, 1.0], [-0.09330513061974388, 1.1227784881231886e-15, 0.16764589005437447, 1.0], [-0.10066034378502708, 1.13144098819564e-15, 0.15984340363469673, 1.0], [-0.10413915695641385, 1.1432485216012465e-15, 0.14920812302556596, 1.0], [-0.10632583679650176, 1.1737880827562635e-15, 0.1217005317780071, 1.0], [-0.1086615759322439, 1.204327538032162e-15, 0.09419303589788042, 1.0], [-0.11084825577233182, 1.234867099187179e-15, 0.06668544465032156, 1.0], [-0.12026598038170677, 1.3676739243827728e-15, -0.052936309042305396, 1.0], [-0.12983276428673607, 1.5008118335816246e-15, -0.17285627669367276, 1.0], [-0.13969766678307405, 1.6341153377216647e-15, -0.29292539900812553, 1.0], [-0.14573595108483184, 1.7182852134485613e-15, -0.36873888320002024, 1.0], [-0.151774140019158, 1.802455089175458e-15, -0.44455236739191495, 1.0], [-0.1578124243209158, 1.8866249649023546e-15, -0.5203658515838088, 1.0], [-0.1549299436995779, 1.898432498307961e-15, -0.53100113219294, 1.0], [-0.14682924332115999, 1.9070949983804124e-15, -0.5388036186126177, 1.0], [-0.13634311737511506, 1.9104606837963274e-15, -0.5418351585296097, 1.0], [0.12732685027625212, 1.9104606837963274e-15, -0.5418351585296097, 1.0], [0.1387324136307444, 1.9067639143771544e-15, -0.5385054046538773, 1.0], [0.14700696883704323, 1.898266903366773e-15, -0.5308519775298537, 1.0], [0.14946706710364466, 1.8866249649023546e-15, -0.5203658515838088, 1.0], [0.1474294465592112, 1.8560854037473376e-15, -0.49285826033625035, 1.0]], "overrideEnabled": true, "useOutlinerColor": false, "outlinerColor": [0.0, 0.0, 0.0]}, "info_exclamationShape4": {"overrideRGBColors": true, "knots": [-2.0, -1.0, 0.0, 1.0, 2.0, 3.0, 4.0, 5.0, 6.0, 7.0, 8.0, 9.0, 10.0], "degree": 3, "form": 3, "overrideColorRGB": [0.0, 0.0012000000569969416, 0.1168999969959259], "cvs": [[0.7828651766394827, -0.0027974903502973676, -0.7810454458682896, 1.0], [-0.0007464482517417492, -0.002797490350297348, -1.1056280085314532, 1.0], [-0.7843580731429662, -0.0027974903502973676, -0.7810454458682896, 1.0], [-1.10894063580613, -0.0027974903502974158, 0.002566179022934545, 1.0], [-0.7843580731429662, -0.002797490350297464, 0.7861778039141591, 1.0], [-0.0007464482517419158, -0.0027974903502974834, 1.1107603665773231, 1.0], [0.7828651766394827, -0.002797490350297464, 0.7861778039141587, 1.0], [1.1074477393026463, -0.0027974903502974158, 0.002566179022934545, 1.0], [0.7828651766394827, -0.0027974903502973676, -0.7810454458682896, 1.0], [-0.0007464482517417492, -0.002797490350297348, -1.1056280085314532, 1.0], [-0.7843580731429662, -0.0027974903502973676, -0.7810454458682896, 1.0]], "overrideEnabled": true, "useOutlinerColor": false, "outlinerColor": [0.0, 0.0, 0.0]}}