{"jaw_cntrl_newControlShape": {"overrideRGBColors": false, "knots": [-2.0, -1.0, 0.0, 1.0, 2.0, 3.0, 4.0, 5.0, 6.0, 7.0, 8.0, 9.0, 10.0], "degree": 3, "form": 3, "overrideColorRGB": [0.0, 0.0, 0.0], "cvs": [[0.3213862018188677, 0.10682811386316615, 1.2310247939462147, 1.0], [-2.9377149532895556e-17, 0.14989060084833739, 1.2956151727908245, 1.0], [-0.3213862018188674, 0.10682811386316615, 1.2310247939462147, 1.0], [-0.3968048667637404, -0.0003636955224735061, 1.1871919561892847, 1.0], [-0.3213862018188675, -0.1086910355315851, 1.2309302315283628, 1.0], [-7.758839798183797e-17, -0.15489950317680012, 1.2956151126117117, 1.0], [0.3213862018188673, -0.1086910355315851, 1.2309302315283628, 1.0], [0.3968048667637404, -0.0003636955224735061, 1.1871919561892847, 1.0], [0.3213862018188677, 0.10682811386316615, 1.2310247939462147, 1.0], [-2.9377149532895556e-17, 0.14989060084833739, 1.2956151727908245, 1.0], [-0.3213862018188674, 0.10682811386316615, 1.2310247939462147, 1.0]], "overrideEnabled": true, "useOutlinerColor": false, "outlinerColor": [0.0, 0.0, 0.0]}}