{"nurbsCircleShape1": {"overrideRGBColors": false, "knots": [-2.0, -1.0, 0.0, 1.0, 2.0, 3.0, 4.0, 5.0, 6.0, 7.0, 8.0, 9.0, 10.0], "degree": 3, "form": 3, "overrideColorRGB": [0.0, 0.0, 0.0], "cvs": [[0.0681511559450675, 0.06815115594506695, 1.2732294723121838, 1.0], [5.901590623008073e-18, 0.09638028902891765, 1.2732294723121838, 1.0], [-0.0681511559450675, 0.06815115594506692, 1.2732294723121838, 1.0], [-0.09638028902891825, -5.604310991141871e-16, 1.2732294723121838, 1.0], [-0.0681511559450675, -0.06815115594506807, 1.2732294723121838, 1.0], [-9.654479469524663e-18, -0.09638028902891885, 1.2732294723121838, 1.0], [0.0681511559450675, -0.06815115594506806, 1.2732294723121838, 1.0], [0.09638028902891825, -5.785708163020604e-16, 1.2732294723121838, 1.0], [0.0681511559450675, 0.06815115594506695, 1.2732294723121838, 1.0], [5.901590623008073e-18, 0.09638028902891765, 1.2732294723121838, 1.0], [-0.0681511559450675, 0.06815115594506692, 1.2732294723121838, 1.0]], "overrideEnabled": false, "useOutlinerColor": false, "outlinerColor": [0.0, 0.0, 0.0]}}