{"polyToCurve1Shape0": {"overrideRGBColors": false, "knots": [0.0, 1.0, 2.0, 3.0, 4.0, 5.0, 6.0, 7.0, 8.0, 9.0, 10.0, 11.0, 12.0, 13.0, 14.0, 15.0, 16.0, 17.0, 18.0, 19.0, 20.0, 21.0, 22.0, 23.0, 24.0, 25.0, 26.0, 27.0, 28.0, 29.0, 30.0, 31.0, 32.0, 33.0, 34.0, 35.0, 36.0, 37.0, 38.0, 39.0, 40.0, 41.0, 42.0, 43.0, 44.0, 45.0, 46.0, 47.0, 48.0, 49.0, 50.0, 51.0, 52.0, 53.0, 54.0, 55.0, 56.0, 57.0, 58.0, 59.0, 60.0, 61.0, 62.0, 63.0, 64.0, 65.0, 66.0, 67.0, 68.0, 69.0, 70.0, 71.0, 72.0, 73.0, 74.0, 75.0, 76.0, 77.0, 78.0, 79.0, 80.0, 81.0, 82.0, 83.0, 84.0], "degree": 1, "form": 3, "overrideColorRGB": [0.0, 0.0, 0.0], "cvs": [[0.41246675736516875, 7.147530561745557e-16, -0.446472015514104, 1.0], [0.3692904778822212, 7.207758206930257e-16, -0.450367394878614, 1.0], [0.3271195673565241, 7.224448625068479e-16, -0.4514468910169953, 1.0], [0.2862001575762298, 7.20305051183235e-16, -0.4500629124721953, 1.0], [0.24677838032949012, 7.149016694867454e-16, -0.44656813503327464, 1.0], [0.2091004914628184, 7.067795869845918e-16, -0.441314967243182, 1.0], [0.17341262276436675, 6.96483948708884e-16, -0.43465599580894154, 1.0], [0.13996115413900911, 6.845596242268345e-16, -0.4269436292734994, 1.0], [0.10899196925817606, 6.715517585705533e-16, -0.41853045434387837, 1.0], [0.0807515720851022, 6.580053590397018e-16, -0.4097689686450663, 1.0], [0.05548597034957892, 6.444655706663898e-16, -0.4010117588840856, 1.0], [0.03344129583975847, 6.314772630178296e-16, -0.39261123360388406, 1.0], [0.014863990489695167, 6.195854433936826e-16, -0.38491989042944685, 1.0], [-5.551115123125783e-17, 6.093353945585074e-16, -0.3782904051498355, 1.0], [-0.014997539315272784, 6.194479864098407e-16, -0.3848309865553665, 1.0], [-0.03368941256168609, 6.31242980122524e-16, -0.39245970505697936, 1.0], [-0.055830976651419395, 6.441702722962927e-16, -0.4008207669942785, 1.0], [-0.08117746443829099, 6.576800349957798e-16, -0.40955855687094034, 1.0], [-0.10948410877611939, 6.71222302553169e-16, -0.4183173701086089, 1.0], [-0.1405062045479037, 6.84247247033094e-16, -0.4267415912109598, 1.0], [-0.17399904663664267, 6.962049027677382e-16, -0.4344755155996365, 1.0], [-0.20971786789615476, 7.065453040892863e-16, -0.44116343869627817, 1.0], [-0.24741802523861953, 7.147186230623709e-16, -0.4464497450045648, 1.0], [-0.2868546894886749, 7.201748940191763e-16, -0.4499787299461373, 1.0], [-0.3277831555293196, 7.223642890243355e-16, -0.4513947780246734, 1.0], [-0.36995871824355286, 7.207368424100324e-16, -0.45034218466181586, 1.0], [-0.41313661048519296, 7.147424507760028e-16, -0.446465156197166, 1.0], [-0.4570721891664194, 7.038315616517768e-16, -0.4394082552984797, 1.0], [-0.5113661757692681, 6.800830441779114e-16, -0.42404828486933455, 1.0], [-0.5663254873619656, 6.432650946431784e-16, -0.40023531983951366, 1.0], [-0.6211997879628128, 5.957515318015988e-16, -0.36950468913664447, 1.0], [-0.6752388036192907, 5.399160366747449e-16, -0.33339163260631755, 1.0], [-0.7276922293642905, 4.781324280166376e-16, -0.2934314791761625, 1.0], [-0.777809729216113, 4.12774317982625e-16, -0.25115942415074843, 1.0], [-0.8248410292222395, 3.4621545646050365e-16, -0.2081107519166856, 1.0], [-0.8680357934009706, 2.808297310705188e-16, -0.16582083594262143, 1.0], [-0.9066437477997877, 2.1899075396801847e-16, -0.1258248715331265, 1.0], [-0.939914571944287, 1.6307227504079928e-16, -0.08965814307481113, 1.0], [-0.9670979647441829, 1.1544811304288202e-16, -0.058855979495302746, 1.0], [-0.9874436212323665, 7.849188012961475e-17, -0.03495357609917216, 1.0], [-1.000201239349347, 5.4577395055018677e-17, -0.019486261814048556, 1.0], [-1.004620513158809, 4.6078407706889957e-17, -0.013989321026540491, 1.0], [-0.9629810570210093, -1.3346375884052674e-16, 0.1021342379277308, 1.0], [-0.906660844592658, -2.834554285109371e-16, 0.19914524559551205, 1.0], [-0.838171627355832, -4.0641669191892314e-16, 0.2786736360289537, 1.0], [-0.7600251722999034, -5.048677946280719e-16, 0.3423494434974994, 1.0], [-0.6747332347837729, -5.813288358612432e-16, 0.39180260762092667, 1.0], [-0.584807577919989, -6.383200095323559e-16, 0.4286631292629155, 1.0], [-0.4927599958356905, -6.783614751222165e-16, 0.45456098701663494, 1.0], [-0.4011022051215401, -7.039734039480137e-16, 0.4711261671307425, 1.0], [-0.31234595338279114, -7.176759616777537e-16, 0.4799886522001402, 1.0], [-0.22900305025387735, -7.219893127689039e-16, 0.48277842403678184, 1.0], [-0.15358524334005208, -7.194336243690182e-16, 0.48112546619250596, 1.0], [-0.08860428024656844, -7.125290628186247e-16, 0.4766597616971846, 1.0], [-0.03657197060786013, -7.037957947272601e-16, 0.4710112937546793, 1.0], [-5.551115123125783e-17, -6.957539844178873e-16, 0.46581004408994997, 1.0], [0.03644809833443763, -7.039438474253421e-16, 0.47110705068211667, 1.0], [0.08839331900374942, -7.128023928631478e-16, 0.4768365450019063, 1.0], [0.1533192622141456, -7.198094529112287e-16, 0.48136854306250987, 1.0], [0.22871002440528077, -7.224448625068481e-16, 0.4830730626604993, 1.0], [0.31204920578336576, -7.18188454973217e-16, 0.4803201205485166, 1.0], [0.40082090278805466, -7.045200640370598e-16, 0.4714797337401857, 1.0], [0.49250871562555826, -6.789195239631178e-16, 0.45492191959710837, 1.0], [0.5845966166771701, -6.388666696214021e-16, 0.4290166958723587, 1.0], [0.6745684542658228, -5.818413296947239e-16, 0.39213407631728003, 1.0], [0.7599079526560877, -5.053233447022769e-16, 0.34264408233870225, 1.0], [0.8380990842292584, -4.067925293384204e-16, 0.27891671864057344, 1.0], [0.9066256973082674, -2.837287585554602e-16, 0.19932202890023376, 1.0], [0.9629715161576864, -1.3361182122292145e-16, 0.10223000111874914, 1.0], [1.004620513158809, 4.6078407706889957e-17, -0.013989321026540491, 1.0], [1.000067695369799, 5.4577395055018677e-17, -0.019486261814048556, 1.0], [0.9871955238945578, 7.849188012961475e-17, -0.03495357609917216, 1.0], [0.9667529390582237, 1.1544811304288202e-16, -0.058855979495302746, 1.0], [0.9394886330692129, 1.6307227504079928e-16, -0.08965814307481113, 1.0], [0.9061516703110251, 2.1899075396801847e-16, -0.1258248715331265, 1.0], [0.8674907429920762, 2.808297310705188e-16, -0.16582083594262143, 1.0], [0.824254667379144, 3.4621545646050365e-16, -0.2081107519166856, 1.0], [0.7771923837973669, 4.12774317982625e-16, -0.25115942415074843, 1.0], [0.7270525844551612, 4.781324280166376e-16, -0.2934314791761625, 1.0], [0.6745843337360262, 5.399160366747449e-16, -0.33339163260631755, 1.0], [0.6205361997900174, 5.957515318015988e-16, -0.36950468913664447, 1.0], [0.565657247000634, 6.432650946431784e-16, -0.40023531983951366, 1.0], [0.5106962916346538, 6.800830441779114e-16, -0.42404828486933455, 1.0], [0.4564020259004928, 7.038315616517768e-16, -0.4394082552984797, 1.0], [0.41246675736516875, 7.147530561745557e-16, -0.446472015514104, 1.0]], "overrideEnabled": false, "useOutlinerColor": false, "outlinerColor": [0.0, 0.0, 0.0]}, "polyToCurve1Shape1": {"overrideRGBColors": false, "knots": [0.0, 1.0, 2.0, 3.0, 4.0, 5.0, 6.0, 7.0, 8.0, 9.0, 10.0, 11.0, 12.0, 13.0, 13.1647998, 14.0, 15.0, 16.0, 17.0, 18.0, 19.0, 20.0, 21.0, 22.0, 23.0, 24.0, 25.0, 26.0, 27.0, 28.0, 29.0, 30.0, 31.0, 32.0, 33.0, 34.0, 35.0, 36.0, 37.0, 38.0, 39.0, 40.0, 40.74843271, 41.0, 43.0, 44.0, 45.0, 46.0, 47.0, 48.0, 49.0, 50.0, 51.0, 52.0, 53.0, 54.0, 55.0, 56.0], "degree": 1, "form": 3, "overrideColorRGB": [0.0, 0.0, 0.0],