{"oct_pin_circleShape1": {"overrideRGBColors": true, "knots": [-2.0, -1.0, 0.0, 1.0, 2.0, 3.0, 4.0, 5.0, 6.0, 7.0, 8.0, 9.0, 10.0], "degree": 3, "form": 3, "overrideColorRGB": [0.15999996662139893, 0.2999999225139618, 0.875], "cvs": [[4.316308156007372e-18, 0.4650921266364005, -1.564780976317095, 1.0], [6.1041815336072264e-18, 0.5355827882543063, -1.535582788254306, 1.0], [4.3163081560073704e-18, 0.5647809763170953, -1.4650921266364003, 1.0], [-5.329063393214112e-34, 0.535582788254306, -1.3946014650184946, 1.0], [-4.3163081560073704e-18, 0.46509212663640054, -1.3654032769557056, 1.0], [-6.104181533607228e-18, 0.3946014650184948, -1.3946014650184946, 1.0], [-4.316308156007369e-18, 0.36540327695570574, -1.4650921266364005, 1.0], [-1.681773268428156e-33, 0.3946014650184947, -1.535582788254306, 1.0], [4.316308156007372e-18, 0.4650921266364005, -1.564780976317095, 1.0], [6.1041815336072264e-18, 0.5355827882543063, -1.535582788254306, 1.0], [4.3163081560073704e-18, 0.5647809763170953, -1.4650921266364003, 1.0]], "overrideEnabled": true, "useOutlinerColor": false, "outlinerColor": [0.0, 0.0, 0.0, 1.0]}, "oct_pin_circleShape2": {"overrideRGBColors": true, "knots": [-2.0, -1.0, 0.0, 1.0, 2.0, 3.0, 4.0, 5.0, 6.0, 7.0, 8.0, 9.0, 10.0, 11.0, 12.0, 13.0, 14.0, 15.0, 16.0, 17.0, 18.0], "degree": 3, "form": 3, "overrideColorRGB": [0.15999996662139893, 0.2999999225139618, 0.875], "cvs": [[-0.0011183434874771515, 0.0, -1.0093697456163344, 1.0], [2.407260445284745e-16, 0.0, -1.0154392743144807, 1.0], [-0.7145229801135417, 0.0, -0.7129414035861601, 1.0], [-0.7180239967509162, 0.0, -0.7180239967509161, 1.0], [-1.0093697456163353, 0.0, 0.0011183434874767685, 1.0], [-1.015439274314481, 0.0, 4.683753385137379e-17, 1.0], [-0.7129414035861602, 0.0, 0.7145229801135417, 1.0], [-0.7180239967509162, 0.0, 0.7180239967509164, 1.0], [0.001118343487476587, 0.0, 1.0093697456163357, 1.0], [7.67364123365209e-17, 0.0, 1.0154392743144809, 1.0], [0.7145229801135414, 0.0, 0.7129414035861605, 1.0], [0.7180239967509161, 0.0, 0.7180239967509159, 1.0], [1.0093697456163349, 0.0, -0.0011183434874768089, 1.0], [1.0154392743144804, 0.0, -1.7444812955291766e-16, 1.0], [0.7129414035861602, 0.0, -0.7145229801135414, 1.0], [0.7180239967509159, 0.0, -0.7180239967509162, 1.0], [-0.0011183434874771515, 0.0, -1.0093697456163344, 1.0], [2.407260445284745e-16, 0.0, -1.0154392743144807, 1.0], [-0.7145229801135417, 0.0, -0.7129414035861601, 1.0]], "overrideEnabled": true, "useOutlinerColor": false, "outlinerColor": [0.0, 0.0, 0.0, 1.0]}, "oct_pin_circleShape": {"overrideRGBColors": true, "knots": [0.0, 1.0], "degree": 1, "form": 1, "overrideColorRGB": [0.15999996662139893, 0.2999999225139618, 0.875], "cvs": [[-8.493481879412919e-34, 0.401436141817914, -1.401436141817914, 1.0], [0.0, -6.07521025968692e-17, -0.9999999999999999, 1.0]], "overrideEnabled": true, "useOutlinerColor": false, "outlinerColor": [0.0, 0.0, 0.0, 1.0]}}