{"oct_pin_squareShape": {"overrideRGBColors": true, "knots": [0.0, 1.0, 2.0, 3.0, 4.0, 4.540208662, 5.0], "degree": 1, "form": 1, "overrideColorRGB": [0.15999996662139893, 0.2999999225139618, 0.875], "cvs": [[0.0, 0.0, -1.0, 1.0], [0.0, 0.40393612011464824, -1.4026262110570789, 1.0], [0.0, 0.46640869700845256, -1.3401536377019445, 1.0], [0.0, 0.5885853416520103, -1.4623302868452577, 1.0], [0.0, 0.4645564757978616, -1.586359158175529, 1.0], [0.0, 0.3423798262211758, -1.4641825084892215, 1.0], [0.0, 0.40393612011464824, -1.4026262110570789, 1.0]], "overrideEnabled": true, "useOutlinerColor": false, "outlinerColor": [0.0, 0.0, 0.0, 1.0]}, "oct_pin_squareShape1": {"overrideRGBColors": true, "knots": [-2.0, -1.0, 0.0, 1.0, 2.0, 3.0, 4.0, 5.0, 6.0, 7.0, 8.0, 9.0, 10.0, 11.0, 12.0, 13.0, 14.0, 15.0, 16.0, 17.0, 18.0], "degree": 3, "form": 3, "overrideColorRGB": [0.15999996662139893, 0.2999999225139618, 0.875], "cvs": [[-0.0011183434874771515, 0.0, -1.0093697456163344, 1.0], [2.407260445284745e-16, 0.0, -1.0154392743144807, 1.0], [-0.7145229801135417, 0.0, -0.7129414035861601, 1.0], [-0.7180239967509162, 0.0, -0.7180239967509161, 1.0], [-1.0093697456163353, 0.0, 0.0011183434874767685, 1.0], [-1.015439274314481, 0.0, 4.683753385137379e-17, 1.0], [-0.7129414035861602, 0.0, 0.7145229801135417, 1.0], [-0.7180239967509162, 0.0, 0.7180239967509164, 1.0], [0.001118343487476587, 0.0, 1.0093697456163357, 1.0], [7.67364123365209e-17, 0.0, 1.0154392743144809, 1.0], [0.7145229801135414, 0.0, 0.7129414035861605, 1.0], [0.7180239967509161, 0.0, 0.7180239967509159, 1.0], [1.0093697456163349, 0.0, -0.0011183434874768089, 1.0], [1.0154392743144804, 0.0, -1.7444812955291766e-16, 1.0], [0.7129414035861602, 0.0, -0.7145229801135414, 1.0], [0.7180239967509159, 0.0, -0.7180239967509162, 1.0], [-0.0011183434874771515, 0.0, -1.0093697456163344, 1.0], [2.407260445284745e-16, 0.0, -1.0154392743144807, 1.0], [-0.7145229801135417, 0.0, -0.7129414035861601, 1.0]], "overrideEnabled": true, "useOutlinerColor": false, "outlinerColor": [0.0, 0.0, 0.0, 1.0]}}