{"newControl_ctrlShape": {"overrideEnabled": true, "overrideColorRGB": [0.15999996662139893, 0.2999999225139618, 0.875], "overrideRGBColors": true, "useOutlinerColor": false, "outlinerColor": [0.0, 0.0, 0.0], "knots": [0.0, 1.0, 2.0, 3.0, 4.0, 4.540208662, 5.0], "cvs": [[0.0, 0.0, -0.9989125112655517, 1.0], [0.0, -0.0006472027900669017, -1.3753671351347476, 1.0], [0.0, 0.0876062810728548, -1.375367137634244, 1.0], [0.0, 0.0048670163542200605, -1.5479631081629566, 1.0], [0.0, -0.004867019532567316, -1.5479631120309494, 1.0], [0.0, -0.08760628099542482, -1.3753671376342442, 1.0], [0.0, -0.0006472027900669017, -1.3753671351347476, 1.0]], "degree": 1, "form": 1}, "newControl_ctrlShape2": {"overrideEnabled": true, "overrideColorRGB": [0.15999996662139893, 0.2999999225139618, 0.875], "overrideRGBColors": true, "useOutlinerColor": false, "outlinerColor": [0.0, 0.0, 0.0], "knots": [-2.0, -1.0, 0.0, 1.0, 2.0, 3.0, 4.0, 5.0, 6.0, 7.0, 8.0, 9.0, 10.0, 11.0, 12.0, 13.0, 14.0, 15.0, 16.0, 17.0, 18.0], "cvs": [[-0.0011171273015332763, 0.0, -1.0082720673890837, 1.0], [2.404642576669615e-16, 0.0, -1.0143349955431473, 1.0], [-0.7137459444221637, 0.0, -0.7121660878414383, 1.0], [-0.7172431537433861, 0.0, -0.717243153743386, 1.0], [-1.0082720673890846, 0.0, 0.001117127301532894, 1.0], [-1.0143349955431478, 0.0, 4.6786598560961083e-17, 1.0], [-0.7121660878414384, 0.0, 0.7137459444221637, 1.0], [-0.7172431537433861, 0.0, 0.7172431537433863, 1.0], [0.0011171273015327125, 0.0, 1.008272067389085, 1.0], [7.665296235258294e-17, 0.0, 1.0143349955431475, 1.0], [0.7137459444221634, 0.0, 0.7121660878414389, 1.0], [0.717243153743386, 0.0, 0.7172431537433858, 1.0], [1.0082720673890841, 0.0, -0.0011171273015329341, 1.0], [1.014334995543147, 0.0, -1.742584191772833e-16, 1.0], [0.7121660878414384, 0.0, -0.7137459444221634, 1.0], [0.7172431537433858, 0.0, -0.7172431537433861, 1.0], [-0.0011171273015332763, 0.0, -1.0082720673890837, 1.0], [2.404642576669615e-16, 0.0, -1.0143349955431473, 1.0], [-0.7137459444221637, 0.0, -0.7121660878414383, 1.0]], "degree": 3, "form": 3}}