{"oct_pin_pickShape": {"overrideRGBColors": true, "knots": [-2.0, -1.0, 0.0, 1.0, 2.0, 3.0, 4.0, 5.0, 6.0, 7.0, 8.0, 9.0, 10.0], "degree": 3, "form": 3, "overrideColorRGB": [0.15999996662139893, 0.2999999225139618, 0.875], "cvs": [[-3.4660472695730143e-07, 0.3854466408162098, -1.4226507728999775, 1.0], [-3.46604726945119e-07, 0.40098879879199734, -1.4009887987919962, 1.0], [-3.466047269310149e-07, 0.4226507728999786, -1.3854466408162087, 1.0], [-3.4660472688135127e-07, 0.525954717454539, -1.4009887987919962, 1.0], [-3.4660472686485334e-07, 0.5823178606536161, -1.4634717581232672, 1.0], [-3.466047269058774e-07, 0.5259547174545391, -1.525954717454538, 1.0], [-3.466047269488231e-07, 0.4634717581232685, -1.5823178606536148, 1.0], [-3.466047269696448e-07, 0.40098879879199756, -1.525954717454538, 1.0], [-3.4660472695730143e-07, 0.3854466408162098, -1.4226507728999775, 1.0], [-3.46604726945119e-07, 0.40098879879199734, -1.4009887987919962, 1.0], [-3.466047269310149e-07, 0.4226507728999786, -1.3854466408162087, 1.0]], "overrideEnabled": true, "useOutlinerColor": false, "outlinerColor": [0.0, 0.0, 0.0, 1.0]}, "oct_pin_pickShape1": {"overrideRGBColors": true, "knots": [0.0, 1.0], "degree": 1, "form": 1, "overrideColorRGB": [0.15999996662139893, 0.2999999225139618, 0.875], "cvs": [[-9.91596926270519e-08, 0.4019301288214381, -1.4019301288214376, 1.0], [0.0, -6.199445838085042e-17, -0.9999999999999999, 1.0]], "overrideEnabled": true, "useOutlinerColor": false, "outlinerColor": [0.0, 0.0, 0.0, 1.0]}, "oct_pin_pickShape2": {"overrideRGBColors": true, "knots": [-2.0, -1.0, 0.0, 1.0, 2.0, 3.0, 4.0, 5.0, 6.0, 7.0, 8.0, 9.0, 10.0, 11.0, 12.0, 13.0, 14.0, 15.0, 16.0, 17.0, 18.0], "degree": 3, "form": 3, "overrideColorRGB": [0.15999996662139893, 0.2999999225139618, 0.875], "cvs": [[-0.0011183434874771515, 0.0, -1.0093697456163344, 1.0], [2.407260445284745e-16, 0.0, -1.0154392743144807, 1.0], [-0.7145229801135417, 0.0, -0.7129414035861601, 1.0], [-0.7180239967509162, 0.0, -0.7180239967509161, 1.0], [-1.0093697456163353, 0.0, 0.0011183434874767685, 1.0], [-1.015439274314481, 0.0, 4.683753385137379e-17, 1.0], [-0.7129414035861602, 0.0, 0.7145229801135417, 1.0], [-0.7180239967509162, 0.0, 0.7180239967509164, 1.0], [0.001118343487476587, 0.0, 1.0093697456163357, 1.0], [7.67364123365209e-17, 0.0, 1.0154392743144809, 1.0], [0.7145229801135414, 0.0, 0.7129414035861605, 1.0], [0.7180239967509161, 0.0, 0.7180239967509159, 1.0], [1.0093697456163349, 0.0, -0.0011183434874768089, 1.0], [1.0154392743144804, 0.0, -1.7444812955291766e-16, 1.0], [0.7129414035861602, 0.0, -0.7145229801135414, 1.0], [0.7180239967509159, 0.0, -0.7180239967509162, 1.0], [-0.0011183434874771515, 0.0, -1.0093697456163344, 1.0], [2.407260445284745e-16, 0.0, -1.0154392743144807, 1.0], [-0.7145229801135417, 0.0, -0.7129414035861601, 1.0]], "overrideEnabled": true, "useOutlinerColor": false, "outlinerColor": [0.0, 0.0, 0.0, 1.0]}}