{"newControl_ctrlShape0": {"overrideEnabled": true, "overrideColorRGB": [0.15999996662139893, 0.2999999225139618, 0.875], "overrideRGBColors": true, "useOutlinerColor": false, "outlinerColor": [0.0, 0.0, 0.0], "knots": [-2.0, -1.0, 0.0, 1.0, 2.0, 3.0, 4.0, 5.0, 6.0, 7.0, 8.0, 9.0, 10.0, 11.0, 12.0, 13.0, 14.0, 15.0, 16.0, 17.0, 18.0], "cvs": [[-0.0011183434874771515, 0.0, -1.0093697456163344, 1.0], [2.407260445284745e-16, 0.0, -1.0154392743144807, 1.0], [-0.7145229801135417, 0.0, -0.7129414035861601, 1.0], [-0.7180239967509162, 0.0, -0.7180239967509161, 1.0], [-1.0093697456163353, 0.0, 0.0011183434874767685, 1.0], [-1.015439274314481, 0.0, 4.683753385137379e-17, 1.0], [-0.7129414035861602, 0.0, 0.7145229801135417, 1.0], [-0.7180239967509162, 0.0, 0.7180239967509164, 1.0], [0.001118343487476587, 0.0, 1.0093697456163357, 1.0], [7.67364123365209e-17, 0.0, 1.0154392743144809, 1.0], [0.7145229801135414, 0.0, 0.7129414035861605, 1.0], [0.7180239967509161, 0.0, 0.7180239967509159, 1.0], [1.0093697456163349, 0.0, -0.0011183434874768089, 1.0], [1.0154392743144804, 0.0, -1.7444812955291766e-16, 1.0], [0.7129414035861602, 0.0, -0.7145229801135414, 1.0], [0.7180239967509159, 0.0, -0.7180239967509162, 1.0], [-0.0011183434874771515, 0.0, -1.0093697456163344, 1.0], [2.407260445284745e-16, 0.0, -1.0154392743144807, 1.0], [-0.7145229801135417, 0.0, -0.7129414035861601, 1.0]], "degree": 3, "form": 3}, "newControl_ctrlShape1": {"overrideEnabled": true, "overrideColorRGB": [0.15999996662139893, 0.2999999225139618, 0.875], "overrideRGBColors": true, "useOutlinerColor": false, "outlinerColor": [0.0, 0.0, 0.0], "knots": [0.3611111111111111, 0.3611111111111111, 0.3611111111111111, 0.3888888888888889, 0.41666666666666674, 0.4444444444444444, 0.5, 0.5277777777777778, 0.5555555555555556, 0.6111111111111112, 0.6388888888888888, 0.6388888888888888, 0.6388888888888888], "cvs": [[-0.7738046872950504, 0.0, -0.5798820148510292, 1.0], [-0.7245389527718012, 0.12982833705483018, -0.6925827878601399, 1.0], [-0.7048959472313154, 0.1466263916641383, -0.7069665678376901, 1.0], [-0.6856195781875624, 0.1491917371749878, -0.729147594642582, 1.0], [-0.040513887247299325, 0.14919174446112865, -0.998041897950851, 1.0], [-5.864154455111439e-16, 0.14919174446112854, -0.9994935995980883, 1.0], [0.04051388724729801, 0.14919174446112843, -0.998041897950851, 1.0], [0.6698770197202766, 0.1498273165773282, -0.7344428184719909, 1.0], [0.7059089182895977, 0.14919174446112812, -0.7190532408045531, 1.0], [0.7278258555400758, 0.12063594963020388, -0.678219249775979, 1.0], [0.7721307777144018, 0.0, -0.5796968455502918, 1.0]], "degree": 3, "form": 1}}