{"nurbsCircleShape1": {"overrideRGBColors": false, "knots": [-0.125, -0.0625, 0.0, 0.0625, 0.125, 0.1875, 0.25, 0.3125, 0.375, 0.4375, 0.5, 0.5625, 0.625, 0.6875, 0.75, 0.8125, 0.875, 0.9375000000000001, 1.0, 1.0625, 1.125], "degree": 3, "form": 3, "overrideColorRGB": [0.0, 0.0, 0.0], "cvs": [[0.682836223995055, 6.27244940736771e-17, 0.2745349979928472, 1.0], [0.6255644258301553, 5.848070302157132e-17, -4.143314281996675e-16, 1.0], [0.4937130986740643, 4.0329696259603025e-17, -0.5185468303650869, 1.0], [0.43906095423634767, 3.0954059494854274e-17, -0.6863884557473724, 1.0], [0.2849598705089098, 1.6705245093690585e-17, -0.940715209617704, 1.0], [1.6361830540742085e-05, -8.671002707416095e-23, -1.0252621113005271, 1.0], [-0.2849529990632726, -1.6707001505389523e-17, -0.9407152096177053, 1.0], [-0.4389773698588653, -3.0953563012058533e-17, -0.6863884557473705, 1.0], [-0.4936295147712311, -4.0333239590891036e-17, -0.5185468303650872, 1.0], [-0.6254808405260309, -5.847231974910113e-17, 9.190625582031489e-17, 1.0], [-0.682752640092221, -6.272803740496497e-17, 0.2745349979928474, 1.0], [-0.6827509261169293, -4.814012092438416e-17, 0.5446280834741628, 1.0], [-0.4337730470697715, -2.598289112567637e-17, 0.9077706634150455, 1.0], [2.2412828726847014e-06, 8.488929228413418e-22, 1.0453091468322624, 1.0], [0.43373732249654684, 2.598212693431994e-17, 0.9077706634150453, 1.0], [0.6828345107579701, 4.814286058909878e-17, 0.5446280834741614, 1.0], [0.682836223995055, 6.27244940736771e-17, 0.2745349979928472, 1.0], [0.6255644258301553, 5.848070302157132e-17, -4.143314281996675e-16, 1.0], [0.4937130986740643, 4.0329696259603025e-17, -0.5185468303650869, 1.0]], "overrideEnabled": false, "useOutlinerColor": false, "outlinerColor": [0.0, 0.0, 0.0]}}