{"rootControl_newControlShape": {"overrideRGBColors": false, "knots": [-2.0, -1.0, 0.0, 1.0, 2.0, 3.0, 4.0, 5.0, 6.0, 7.0, 8.0, 9.0, 10.0], "degree": 3, "form": 3, "overrideColorRGB": [0.0, 0.0, 0.0], "cvs": [[0.8431349466592973, 0.49372697918436187, -0.3804144371790844, 1.0], [1.4847389678386084e-16, 0.4443838524922634, -0.6680012583890749, 1.0], [-0.8431349466592961, 0.49372697918436187, -0.3804144371790851, 1.0], [-0.9494482682330501, 0.6470663478060643, -0.0199124878882472, 1.0], [-0.7990547914871269, 0.24526288468107824, 0.6537199787705406, 1.0], [-7.659789940073678e-16, -0.019875344821209093, 0.8379453157998329, 1.0], [0.7990547914871261, 0.24526288468107824, 0.653719978770541, 1.0], [0.9494482682330501, 0.6470663478060643, -0.019912487888246157, 1.0], [0.8431349466592973, 0.49372697918436187, -0.3804144371790844, 1.0], [1.4847389678386084e-16, 0.4443838524922634, -0.6680012583890749, 1.0], [-0.8431349466592961, 0.49372697918436187, -0.3804144371790851, 1.0]], "overrideEnabled": true, "useOutlinerColor": false, "outlinerColor": [0.0, 0.0, 0.0]}, "rootControl_newControlShape1": {"overrideRGBColors": false, "knots": [-2.0, -1.0, 0.0, 1.0, 2.0, 3.0, 4.0, 5.0, 6.0, 7.0, 8.0, 9.0, 10.0], "degree": 3, "form": 3, "overrideColorRGB": [0.0, 0.0, 0.0], "cvs": [[0.9295873975592375, 0.4003296507242755, -0.4788766360307441, 1.0], [1.1192668190867692e-16, 0.24162753455906505, -0.7724886648750756, 1.0], [-0.9295873975592361, 0.4003296507242755, -0.47887663603074476, 1.0], [-1.0468017584622005, 0.5492422914548746, -0.0199124878882472, 1.0], [-0.8120682995397142, 0.17211562204719477, 0.6682661167574797, 1.0], [-6.448754853241495e-16, -0.4743667653492113, 0.6786928109723334, 1.0], [0.8120682995397132, 0.17211562204719477, 0.6682661167574798, 1.0], [1.0468017584622005, 0.5492422914548746, -0.019912487888246136, 1.0], [0.9295873975592375, 0.4003296507242755, -0.4788766360307441, 1.0], [1.1192668190867692e-16, 0.24162753455906505, -0.7724886648750756, 1.0], [-0.9295873975592361, 0.4003296507242755, -0.47887663603074476, 1.0]], "overrideEnabled": true, "useOutlinerColor": false, "outlinerColor": [0.0, 0.0, 0.0]}}