{"stw_spine_ik_hip_ctrl_newControlShape": {"overrideRGBColors": false, "knots": [-2.0, -1.0, 0.0, 1.0, 2.0, 3.0, 4.0, 5.0, 6.0, 7.0, 8.0, 9.0, 10.0], "degree": 3, "form": 3, "overrideColorRGB": [0.0, 0.0, 0.0], "cvs": [[0.7585613061081501, -0.029132717103515726, 0.552779240823446, 1.0], [-1.639056980985358e-16, -0.2068767196647316, 0.5874938345575526, 1.0], [-0.7585613061081496, -0.029132717103515726, 0.5527792408234463, 1.0], [-1.0727676869895941, 0.307643836650445, -0.0008356543386734645, 1.0], [-0.7585613061081498, -0.02913271710247073, -0.6391281610692059, 1.0], [-2.77974283143481e-16, -0.20687671966371313, -0.6738427548033122, 1.0], [0.7585613061081494, -0.02913271710247073, -0.6391281610692061, 1.0], [1.0727676869895941, 0.30764383665044504, -0.0008356543386740107, 1.0], [0.7585613061081501, -0.029132717103515726, 0.552779240823446, 1.0], [-1.639056980985358e-16, -0.2068767196647316, 0.5874938345575526, 1.0], [-0.7585613061081496, -0.029132717103515726, 0.5527792408234463, 1.0]], "overrideEnabled": true, "useOutlinerColor": false, "outlinerColor": [0.0, 0.0, 0.0]}}