{"eyeBulge_jnt_L_newControlShape": {"overrideRGBColors": true, "knots": [-2.0, -1.0, 0.0, 1.0, 2.0, 3.0, 4.0, 5.0, 6.0, 7.0, 8.0, 9.0, 10.0], "degree": 3, "form": 3, "overrideColorRGB": [0.005036348942667246, 0.061464954167604446, 0.0], "cvs": [[-0.9300451580210907, 8.57645498400184e-16, -0.7368333090528064, 1.0], [-2.3167818220063597e-14, -3.883409338611562e-16, -1.1326762892999942, 1.0], [0.9300451580210443, -1.4139811080273046e-15, -0.736833309052806, 1.0], [1.1265973527115396, -1.3374345161229943e-15, 0.44671444125161763, 1.0], [0.0466557604123542, 1.822479013077206e-16, 1.1088523291985235, 1.0], [-2.296732294421429e-14, 3.4229146172073773e-16, 1.4726850832917546, 1.0], [-0.04665576041240038, 2.9620416007839616e-16, 1.1088523291985235, 1.0], [-1.1265973527115858, 1.4142689888936823e-15, 0.44671444125161797, 1.0], [-0.9300451580210907, 8.57645498400184e-16, -0.7368333090528064, 1.0], [-2.3167818220063597e-14, -3.883409338611562e-16, -1.1326762892999942, 1.0], [0.9300451580210443, -1.4139811080273046e-15, -0.736833309052806, 1.0]], "overrideEnabled": true, "useOutlinerColor": false, "outlinerColor": [0.0, 0.0, 0.0]}}