{"eyeBulge_jnt_L_newControlShape": {"overrideRGBColors": true, "knots": [-2.0, -1.0, 0.0, 1.0, 2.0, 3.0, 4.0, 5.0, 6.0, 7.0, 8.0, 9.0, 10.0], "degree": 3, "form": 3, "overrideColorRGB": [0.005036348942667246, 0.061464954167604446, 0.0], "cvs": [[-0.22750404491166398, -1.4442630919817774e-06, 0.717935048145724, 1.0], [-1.0828709497393139, 8.423780997613183e-06, -0.5944538684374593, 1.0], [-0.7633775833673332, 8.2223153117667e-06, -1.0223912649496476, 1.0], [0.003756187686911949, 3.656134329645911e-06, -0.9877146282556118, 1.0], [0.7714874900493564, -3.28431751679459e-07, -1.0163707575979777, 1.0], [1.087756053499344, -3.668801467935103e-06, -0.5859395852883608, 1.0], [0.22255501235585656, -3.372942365777977e-06, 0.7192930146088599, 1.0], [-0.004054953341027785, -3.946941780047674e-06, 1.1392901262593527, 1.0], [-0.22750404491166398, -1.4442630919817774e-06, 0.717935048145724, 1.0], [-1.0828709497393139, 8.423780997613183e-06, -0.5944538684374593, 1.0], [-0.7633775833673332, 8.2223153117667e-06, -1.0223912649496476, 1.0]], "overrideEnabled": true, "useOutlinerColor": false, "outlinerColor": [0.0, 0.0, 0.0]}}