{"eyeBulge_jnt_L_newControlShape": {"overrideRGBColors": true, "knots": [0.0, 1.0, 2.0, 3.0, 4.0, 5.0, 6.0, 7.0, 8.0, 9.0, 10.0, 11.0, 12.0, 13.0, 14.0, 15.0, 16.0, 17.0, 18.0, 19.0, 20.0, 21.0, 22.0, 23.0, 24.0, 25.0, 26.0, 27.0, 28.0, 29.0, 30.0, 31.0, 32.0, 33.0, 34.0, 35.0, 36.0, 37.0, 38.0, 39.0, 40.0, 41.0, 42.0, 43.0, 44.0, 45.0, 46.0, 47.0, 48.0], "degree": 1, "form": 3, "overrideColorRGB": [0.005036348942667246, 0.061464954167604446, 0.0], "cvs": [[0.001362441561904404, -8.881784197001252e-16, -1.0, 1.0], [-0.10722897193602038, -8.849366552043936e-16, -0.9927001953125001, 1.0], [-0.21136906287840324, -8.754930848754554e-16, -0.9714351654052735, 1.0], [-0.3101063027160497, -8.602702087474011e-16, -0.9371562957763673, 1.0], [-0.4024894013183447, -8.396904421510264e-16, -0.8908147811889648, 1.0], [-0.4875669493453832, -8.141763698237166e-16, -0.8333621978759767, 1.0], [-0.5643875612991185, -7.84150491799562e-16, -0.7657499313354492, 1.0], [-0.6319998278396459, -7.500353081126531e-16, -0.6889293670654297, 1.0], [-0.6894523753898474, -7.122533187970803e-16, -0.6038518905639649, 1.0], [-0.735793806530747, -6.712269815352867e-16, -0.51146879196167, 1.0], [-0.7700727447049946, -6.273787963613628e-16, -0.41273145675659184, 1.0], [-0.7913377902584406, -5.811313480126937e-16, -0.3085914611816407, 1.0], [-0.7986375584380956, -5.329070518200752e-16, -0.20000000000000018, 1.0], [-0.7859523727672431, -4.552531040948743e-16, -0.02513885498046875, 1.0], [-0.7504894091861578, -3.8241013410348843e-16, 0.13888893127441404, 1.0], [-0.6961375608222815, -3.147482317163966e-16, 0.29124999046325684, 1.0], [-0.6267857088821265, -2.526374232766069e-16, 0.43111109733581543, 1.0], [-0.5463227524535985, -1.9644779865459839e-16, 0.5576388835906982, 1.0], [-0.4586375489013524, -1.465494371329383e-16, 0.6700000047683716, 1.0], [-0.36761906287840324, -1.0331241799419389e-16, 0.7673611164093017, 1.0], [-0.2771560921447606, -6.710681522697647e-17, 0.848888885974884, 1.0], [-0.19113757751158195, -3.8302694878963496e-17, 0.9137499988079071, 1.0], [-0.11345236442259271, -1.727013623272221e-17, 0.9611111104488372, 1.0], [-0.04798939368895011, -4.3792129459916916e-18, 0.9901388891041278, 1.0], [0.001362441561904404, 0.0, 1.0, 1.0], [0.05071432449647467, -4.3792129459916916e-18, 0.9901388891041278, 1.0], [0.11617729523011727, -1.727013623272221e-17, 0.9611111104488372, 1.0], [0.19386246063539075, -3.8302694878963496e-17, 0.9137499988079071, 1.0], [0.27988092758485367, -6.710681522697647e-17, 0.848888885974884, 1.0], [0.3703438983184963, -1.0331241799419389e-16, 0.7673611164093017, 1.0], [0.46136247970887706, -1.465494371329383e-16, 0.6700000047683716, 1.0], [0.5490475878936916, -1.9644779865459839e-16, 0.5576388835906982, 1.0], [0.6295106158477932, -2.526374232766069e-16, 0.43111109733581543, 1.0], [0.6988624797088772, -3.147482317163966e-16, 0.29124999046325684, 1.0], [0.7532142863495022, -3.8241013410348843e-16, 0.13888893127441404, 1.0], [0.7886772380096585, -4.552531040948743e-16, -0.02513885498046875, 1.0], [0.8013624415619045, -5.329070518200752e-16, -0.20000000000000018, 1.0], [0.7940626368744046, -5.811313480126937e-16, -0.3085914611816407, 1.0], [0.772797606967178, -6.273787963613628e-16, -0.41273145675659184, 1.0], [0.7385187373382718, -6.712269815352867e-16, -0.51146879196167, 1.0], [0.6921772227508693, -7.122533187970803e-16, -0.6038518905639649, 1.0], [0.6347247348053127, -7.500353081126531e-16, -0.6889293670654297, 1.0], [0.5671124682647855, -7.84150491799562e-16, -0.7657499313354492, 1.0], [0.4902918086273342, -8.141763698237166e-16, -0.8333621978759767, 1.0], [0.4052143321258694, -8.396904421510264e-16, -0.8908147811889648, 1.0], [0.3128312335235743, -8.602702087474011e-16, -0.9371562957763673, 1.0], [0.2140938983184963, -8.754930848754554e-16, -0.9714351654052735, 1.0], [0.10995390274354505, -8.849366552043936e-16, -0.9927001953125001, 1.0], [0.001362441561904404, -8.881784197001252e-16, -1.0, 1.0]], "overrideEnabled": true, "useOutlinerColor": false, "outlinerColor": [0.0, 0.0, 0.0]}}