{"eyeBulge_jnt_L_newControlShape": {"overrideRGBColors": true, "knots": [-2.0, -1.0, 0.0, 1.0, 2.0, 3.0, 4.0, 5.0, 6.0, 7.0, 8.0, 9.0, 10.0], "degree": 3, "form": 3, "overrideColorRGB": [0.005036348942667246, 0.061464954167604446, 0.0], "cvs": [[0.3021929009555487, -2.8424106451563018e-06, 0.9653349367227502, 1.0], [-4.1951384395328035e-15, -2.8424106450163635e-06, 1.015043527858224, 1.0], [-0.302192900955557, -2.8424106448543506e-06, 0.9653349367227506, 1.0], [-1.0150435278581482, -2.8424106442838625e-06, 8.045581330389171e-14, 1.0], [-0.9653349367226753, -2.8424106440943495e-06, -0.96533493672259, 1.0], [-5.0229350360778455e-15, -2.8424106445655937e-06, -1.0150435278580636, 1.0], [0.965334936722665, -2.8424106450589125e-06, -0.9653349367225902, 1.0], [1.0150435278581391, -2.8424106452980947e-06, 7.977219509707731e-14, 1.0], [0.3021929009555487, -2.8424106451563018e-06, 0.9653349367227502, 1.0], [-4.1951384395328035e-15, -2.8424106450163635e-06, 1.015043527858224, 1.0], [-0.302192900955557, -2.8424106448543506e-06, 0.9653349367227506, 1.0]], "overrideEnabled": true, "useOutlinerColor": false, "outlinerColor": [0.0, 0.0, 0.0]}}