{"eyeBulge_jnt_L_newControlShape": {"overrideRGBColors": true, "knots": [0.0, 1.0, 2.0, 3.0, 4.0, 5.0, 6.0, 7.0, 8.0, 9.0, 10.0, 11.0, 12.0, 13.0, 14.0, 15.0, 16.0, 17.0, 18.0, 19.0, 20.0, 21.0, 22.0, 23.0, 24.0, 25.0, 26.0, 27.0, 28.0, 29.0, 30.0, 31.0, 32.0, 33.0, 34.0, 35.0, 36.0, 37.0, 38.0, 39.0, 40.0, 41.0, 42.0, 43.0, 44.0, 45.0, 46.0, 47.0, 48.0], "degree": 1, "form": 3, "overrideColorRGB": [0.005036348942667246, 0.061464954167604446, 0.0], "cvs": [[-0.1168155947247575, -8.84774278988405e-16, -0.99233455657959, 1.0], [-0.22576582818423024, -8.748598430440881e-16, -0.970009231567383, 1.0], [-0.329118851713283, -8.588824299666197e-16, -0.9340312957763672, 1.0], [-0.42586768060122243, -8.372891037455605e-16, -0.8854074478149414, 1.0], [-0.5150054255047869, -8.105270977770609e-16, -0.8251447677612305, 1.0], [-0.595525101713283, -7.790434760506817e-16, -0.754249954223633, 1.0], [-0.6664197721997331, -7.432855566658678e-16, -0.6737302780151369, 1.0], [-0.7266825118580889, -7.037004883154747e-16, -0.584592628479004, 1.0], [-0.7753063478985858, -6.607353349890634e-16, -0.487843704223633, 1.0], [-0.8112843581954072, -6.148374147860788e-16, -0.38449077606201176, 1.0], [-0.8336095908204149, -5.664537916960818e-16, -0.27554054260253924, 1.0], [-0.8412750998059344, -5.160316567635751e-16, -0.16199998855590825, 1.0], [-0.8315848992684911, -4.658654951877287e-16, -0.049035835266113326, 1.0], [-0.8039201626101564, -4.1544958594738443e-16, 0.06449069976806632, 1.0], [-0.7603896835366319, -3.652495007020005e-16, 0.17753124237060547, 1.0], [-0.7031022587338518, -3.1573098051762477e-16, 0.2890370368957519, 1.0], [-0.634166697553737, -2.673597029328339e-16, 0.39795947074890137, 1.0], [-0.5556917706051898, -2.2060132431038103e-16, 0.503249979019165, 1.0], [-0.46978629022036306, -1.7592152218884284e-16, 0.6038599491119385, 1.0], [-0.37855904488955255, -1.3378598469470793e-16, 0.6987407445907592, 1.0], [-0.2841188707867693, -9.4660389366553e-17, 0.7868437528610229, 1.0], [-0.18857448487673506, -5.901040844899888e-17, 0.867120373249054, 1.0], [-0.09403474717531907, -2.73017194806223e-17, 0.9385219931602478, 1.0], [-0.0026084700146745132, 0.0, 1.0, 1.0], [0.08866474241818684, -2.4983615297113894e-17, 0.943741899728775, 1.0], [0.183076783128636, -5.551526463500793e-17, 0.8749907374382019, 1.0], [0.27851659864987616, -9.091339089360783e-17, 0.7952812433242797, 1.0], [0.372873040147679, -1.3049643695283927e-16, 0.7061481475830078, 1.0], [0.46403505415524743, -1.735828536335619e-16, 0.6091261625289917, 1.0], [0.5498915872057843, -2.1949109705059114e-16, 0.5057499885559082, 1.0], [0.6283313950976301, -2.6753959155500703e-16, 0.3975543975830078, 1.0], [0.6972434243639876, -3.1704680384953697e-16, 0.2860740661621093, 1.0], [0.7545165261706281, -3.6733116887317267e-16, 0.1728437423706054, 1.0], [0.7980397424181869, -4.17711121564906e-16, 0.05939817428588867, 1.0], [0.8257018289050031, -4.675051392153762e-16, -0.05272798538208012, 1.0], [0.8353915414294173, -5.160316567635751e-16, -0.16199998855590825, 1.0], [0.8277129373034406, -5.664537916960818e-16, -0.27554054260253924, 1.0], [0.8053513726672101, -6.148374147860788e-16, -0.38449077606201176, 1.0], [0.7693186959704328, -6.607353349890634e-16, -0.487843704223633, 1.0], [0.7206260880907942, -7.037004883154747e-16, -0.584592628479004, 1.0], [0.6602854928454329, -7.432855566658678e-16, -0.6737302780151369, 1.0], [0.589308186479466, -7.790434760506817e-16, -0.754249954223633, 1.0], [0.5087060174426008, -8.105270977770609e-16, -0.8251447677612305, 1.0], [0.4194903573473861, -8.372891037455605e-16, -0.8854074478149414, 1.0], [0.3226728639086654, -8.588824299666197e-16, -0.9340312957763672, 1.0], [0.2192650041064193, -8.748598430440881e-16, -0.970009231567383, 1.0], [0.11027853102292312, -8.84774278988405e-16, -0.99233455657959, 1.0], [-0.003275088361842482, -8.881784197001252e-16, -1.0, 1.0], [-0.1168155947247575, -8.84774278988405e-16, -0.99233455657959, 1.0]], "overrideEnabled": true, "useOutlinerColor": false, "outlinerColor": [0.0, 0.0, 0.0]}}