{"pill_pin_circleShape1": {"overrideRGBColors": true, "knots": [-2.0, -1.0, 0.0, 1.0, 2.0, 3.0, 4.0, 5.0, 6.0, 7.0, 8.0, 9.0, 10.0], "degree": 3, "form": 3, "overrideColorRGB": [0.15999996662139893, 0.2999999225139618, 0.875], "cvs": [[4.316308156007372e-18, 0.4650921266364005, -1.564780976317095, 1.0], [6.1041815336072264e-18, 0.5355827882543063, -1.535582788254306, 1.0], [4.3163081560073704e-18, 0.5647809763170953, -1.4650921266364003, 1.0], [-5.329063393214112e-34, 0.535582788254306, -1.3946014650184946, 1.0], [-4.3163081560073704e-18, 0.46509212663640054, -1.3654032769557056, 1.0], [-6.104181533607228e-18, 0.3946014650184948, -1.3946014650184946, 1.0], [-4.316308156007369e-18, 0.36540327695570574, -1.4650921266364005, 1.0], [-1.681773268428156e-33, 0.3946014650184947, -1.535582788254306, 1.0], [4.316308156007372e-18, 0.4650921266364005, -1.564780976317095, 1.0], [6.1041815336072264e-18, 0.5355827882543063, -1.535582788254306, 1.0], [4.3163081560073704e-18, 0.5647809763170953, -1.4650921266364003, 1.0]], "overrideEnabled": true, "useOutlinerColor": false, "outlinerColor": [0.0, 0.0, 0.0, 1.0]}, "pill_pin_circleShape2": {"overrideRGBColors": true, "knots": [-0.125, -0.0625, 0.0, 0.0625, 0.125, 0.1875, 0.25, 0.3125, 0.375, 0.4375, 0.5, 0.5625, 0.625, 0.6875, 0.75, 0.8125, 0.875, 0.9375000000000001, 1.0, 1.0625, 1.125], "degree": 3, "form": 3, "overrideColorRGB": [0.15999996662139893, 0.2999999225139618, 0.875], "cvs": [[0.586469560999188, 5.387157930488172e-17, 0.375636623555942, 1.0], [0.5864701025380831, 5.848070302157132e-17, -4.143314281996675e-16, 1.0], [0.5864695609991877, 5.387157930488172e-17, -0.35996462353388636, 1.0], [0.5864680895610003, 4.134793471709601e-17, -0.5841615411477646, 1.0], [0.3806253023861327, 2.2314871487893656e-17, -0.9238822400780891, 1.0], [7.823293749419697e-06, 4.790385825074857e-22, -1.0368170064563291, 1.0], [-0.38064418827532304, -2.2316027915080947e-17, -0.9238822400780905, 1.0], [-0.5863845050241474, -4.134608180735471e-17, -0.5841615411477619, 1.0], [-0.5863859770963545, -5.387512263616975e-17, -0.3599646235338869, 1.0], [-0.586386517233959, -5.847231974910113e-17, 9.190625582031489e-17, 1.0], [-0.5863859770963542, -5.387512263616971e-17, 0.37563662355594224, 1.0], [-0.586384505024147, -4.134608180735477e-17, 0.6076099351718075, 1.0], [-0.3725462906221015, -2.231602791508083e-17, 0.9195001366832539, 1.0], [7.82329375032807e-06, 4.790385824724133e-22, 1.0376270314020106, 1.0], [0.37252740473291573, 2.2314871487893767e-17, 0.9195001366832537, 1.0], [0.5864680895610007, 4.134793471709603e-17, 0.6076099351718062, 1.0], [0.586469560999188, 5.387157930488172e-17, 0.375636623555942, 1.0], [0.5864701025380831, 5.848070302157132e-17, -4.143314281996675e-16, 1.0], [0.5864695609991877, 5.387157930488172e-17, -0.35996462353388636, 1.0]], "overrideEnabled": true, "useOutlinerColor": false, "outlinerColor": [0.0, 0.0, 0.0, 1.0]}, "pill_pin_circleShape": {"overrideRGBColors": true, "knots": [0.0, 1.0], "degree": 1, "form": 1, "overrideColorRGB": [0.15999996662139893, 0.2999999225139618, 0.875], "cvs": [[-8.493481879412919e-34, 0.401436141817914, -1.401436141817914, 1.0], [0.0, -6.07521025968692e-17, -0.9999999999999999, 1.0]], "overrideEnabled": true, "useOutlinerColor": false, "outlinerColor": [0.0, 0.0, 0.0, 1.0]}}