{"newControl_ctrlShape3": {"overrideRGBColors": true, "knots": [0.0, 0.0, 0.0, 1.0, 2.0, 3.0, 4.0, 5.0, 6.0, 7.0, 8.0, 9.0, 10.0, 11.0, 12.0, 13.0, 13.0, 13.0], "degree": 3, "form": 1, "overrideColorRGB": [0.15999996662139893, 0.2999999225139618, 0.875], "cvs": [[-0.052498567956242574, -1.1519836812534086e-07, -0.9853256487180143, 1.0], [-0.05604125858957197, -1.1667346891171898e-07, -0.9934116983303154, 1.0], [-0.05165052872776455, -1.1711949841574825e-07, -0.9993212388489863, 1.0], [-0.046513095604201006, -1.1645310427893707e-07, -1.001032689393156, 1.0], [-0.039275079486291685, -1.155142362913682e-07, -1.001094636803273, 1.0], [0.03742299236542492, -1.0556546624006711e-07, -1.0017510749339242, 1.0], [0.0446610084833337, -1.0462659825248157e-07, -1.0018130223440407, 1.0], [0.04979844160689738, -1.0396020411713802e-07, -1.000189510448105, 1.0], [0.05441339624392503, -1.023460162746999e-07, -0.9941784804431384, 1.0], [0.05109493038581559, -1.017608997164624e-07, -0.9860448007536028, 1.0], [0.008689621063163403, -9.983781863794165e-08, -0.9126008907506109, 1.0], [0.003949941791859955, -1.0025007048749196e-07, -0.9084146454332335, 1.0], [-0.0007971236184245121, -1.007448610514567e-07, -0.906697020412224, 1.0], [-0.005590318342506642, -1.0175513803040372e-07, -0.9083153396335166, 1.0], [-0.01039089920557055, -1.028479537237055e-07, -0.9124022791511768, 1.0], [-0.052498567956242574, -1.1519836812534086e-07, -0.9853256487180143, 1.0]], "overrideEnabled": true, "useOutlinerColor": false, "outlinerColor": [0.0, 0.0, 0.0]}, "newControl_ctrlShape2": {"overrideRGBColors": true, "knots": [0.0, 1.0], "degree": 1, "form": 1, "overrideColorRGB": [0.15999996662139893, 0.2999999225139618, 0.875], "cvs": [[-0.0006211289228690639, -7.225975243497042e-08, -0.9072965363334329, 1.0], [0.0, 0.0, 1.1102230246251565e-16, 1.0]], "overrideEnabled": true, "useOutlinerColor": false, "outlinerColor": [0.0, 0.0, 0.0]}, "newControl_ctrlShape1": {"overrideRGBColors": true, "knots": [0.0, 0.0, 0.0, 1.0, 2.0, 3.0, 4.0, 5.0, 6.0, 7.0, 8.0, 9.0, 10.0, 11.0, 12.0, 13.0, 13.0, 13.0], "degree": 3, "form": 1, "overrideColorRGB": [0.15999996662139893, 0.2999999225139618, 0.875], "cvs": [[-0.9853256487180143, -1.1519836812534086e-07, 0.052498567956242574, 1.0], [-0.9934116983303154, -1.1667346891171898e-07, 0.05604125858957197, 1.0], [-0.9993212388489863, -1.1711949841574825e-07, 0.05165052872776455, 1.0], [-1.001032689393156, -1.1645310427893707e-07, 0.046513095604201006, 1.0], [-1.001094636803273, -1.155142362913682e-07, 0.039275079486291685, 1.0], [-1.0017510749339242, -1.0556546624006711e-07, -0.03742299236542492, 1.0], [-1.0018130223440407, -1.0462659825248157e-07, -0.0446610084833337, 1.0], [-1.000189510448105, -1.0396020411713802e-07, -0.04979844160689738, 1.0], [-0.9941784804431384, -1.023460162746999e-07, -0.05441339624392503, 1.0], [-0.9860448007536028, -1.017608997164624e-07, -0.05109493038581559, 1.0], [-0.9126008907506109, -9.983781863794165e-08, -0.008689621063163403, 1.0], [-0.9084146454332335, -1.0025007048749196e-07, -0.003949941791859955, 1.0], [-0.906697020412224, -1.007448610514567e-07, 0.0007971236184245121, 1.0], [-0.9083153396335166, -1.0175513803040372e-07, 0.005590318342506642, 1.0], [-0.9124022791511768, -1.028479537237055e-07, 0.01039089920557055, 1.0], [-0.9853256487180143, -1.1519836812534086e-07, 0.052498567956242574, 1.0]], "overrideEnabled": true, "useOutlinerColor": false, "outlinerColor": [0.0, 0.0, 0.0]}, "newControl_ctrlShape0": {"overrideRGBColors": true, "knots": [0.0, 1.0], "degree": 1, "form": 1, "overrideColorRGB": [0.15999996662139893, 0.2999999225139618, 0.875], "cvs": [[-0.9072965363334329, -7.225975243497042e-08, 0.0006211289228690639, 1.0], [1.1102230246251565e-16, 0.0, 0.0, 1.0]], "overrideEnabled": true, "useOutlinerColor": false, "outlinerColor": [0.0, 0.0, 0.0]}, "newControl_ctrlShape7": {"overrideRGBColors": true, "knots": [0.0, 0.0, 0.0, 1.0, 2.0, 3.0, 4.0, 5.0, 6.0, 7.0, 8.0, 9.0, 10.0, 11.0, 12.0, 13.0, 13.0, 13.0], "degree": 3, "form": 1, "overrideColorRGB": [0.15999996662139893, 0.2999999225139618, 0.875], "cvs": [[0.052498567956242574, -1.1519836812534086e-07, 0.9853256487180143, 1.0], [0.05604125858957197, -1.1667346891171898e-07, 0.9934116983303154, 1.0], [0.05165052872776455, -1.1711949841574825e-07, 0.9993212388489863, 1.0], [0.046513095604201006, -1.1645310427893707e-07, 1.001032689393156, 1.0], [0.039275079486291685, -1.155142362913682e-07, 1.001094636803273, 1.0], [-0.03742299236542492, -1.0556546624006711e-07, 1.0017510749339242, 1.0], [-0.0446610084833337, -1.0462659825248157e-07, 1.0018130223440407, 1.0], [-0.04979844160689738, -1.0396020411713802e-07, 1.000189510448105, 1.0], [-0.05441339624392503, -1.023460162746999e-07, 0.9941784804431384, 1.0], [-0.05109493038581559, -1.017608997164624e-07, 0.9860448007536028, 1.0], [-0.008689621063163403, -9.983781863794165e-08, 0.9126008907506109, 1.0], [-0.003949941791859955, -1.0025007048749196e-07, 0.9084146454332335, 1.0], [0.0007971236184245121, -1.007448610514567e-07, 0.906697020412224, 1.0], [0.005590318342506642, -1.0175513803040372e-07, 0.9083153396335166, 1.0], [0.01039089920557055, -1.028479537237055e-07, 0.9124022791511768, 1.0], [0.052498567956242574, -1.1519836812534086e-07, 0.9853256487180143, 1.0]], "overrideEnabled": true, "useOutlinerColor": false, "outlinerColor": [0.0, 0.0, 0.0]}, "newControl_ctrlShape6": {"overrideRGBColors": true, "knots": [0.0, 1.0], "degree": 1, "form": 1, "overrideColorRGB": [0.15999996662139893, 0.2999999225139618, 0.875], "cvs": [[0.0006211289228690639, -7.225975243497042e-08, 0.9072965363334329, 1.0], [0.0, 0.0, -1.1102230246251565e-16, 1.0]], "overrideEnabled": true, "useOutlinerColor": false, "outlinerColor": [0.0, 0.0, 0.0]}, "newControl_ctrlShape5": {"overrideRGBColors": true, "knots": [0.0, 0.0, 0.0, 1.0, 2.0, 3.0, 4.0, 5.0, 6.0, 7.0, 8.0, 9.0, 10.0, 11.0, 12.0, 13.0, 13.0, 13.0], "degree": 3, "form": 1, "overrideColorRGB": [0.15999996662139893, 0.2999999225139618, 0.875], "cvs": [[0.9853256487180143, -1.1519836812534086e-07, -0.052498567956242574, 1.0], [0.9934116983303154, -1.1667346891171898e-07, -0.05604125858957197, 1.0], [0.9993212388489863, -1.1711949841574825e-07, -0.05165052872776455, 1.0], [1.001032689393156, -1.1645310427893707e-07, -0.046513095604201006, 1.0], [1.001094636803273, -1.155142362913682e-07, -0.039275079486291685, 1.0], [1.0017510749339242, -1.0556546624006711e-07, 0.03742299236542492, 1.0], [1.0018130223440407, -1.0462659825248157e-07, 0.0446610084833337, 1.0], [1.000189510448105, -1.0396020411713802e-07, 0.04979844160689738, 1.0], [0.9941784804431384, -1.023460162746999e-07, 0.05441339624392503, 1.0], [0.9860448007536028, -1.017608997164624e-07, 0.05109493038581559, 1.0], [0.9126008907506109, -9.983781863794165e-08, 0.008689621063163403, 1.0], [0.9084146454332335, -1.0025007048749196e-07, 0.003949941791859955, 1.0], [0.906697020412224, -1.007448610514567e-07, -0.0007971236184245121, 1.0], [0.9083153396335166, -1.0175513803040372e-07, -0.005590318342506642, 1.0], [0.9124022791511768, -1.028479537237055e-07, -0.01039089920557055, 1.0], [0.9853256487180143, -1.1519836812534086e-07, -0.052498567956242574, 1.0]], "overrideEnabled": true, "useOutlinerColor": false, "outlinerColor": [0.0, 0.0, 0.0]}, "newControl_ctrlShape4": {"overrideRGBColors": true, "knots": [0.0, 1.0], "degree": 1, "form": 1, "overrideColorRGB": [0.15999996662139893, 0.2999999225139618, 0.875], "cvs": [[0.9072965363334329, -7.225975243497042e-08, -0.0006211289228690639, 1.0], [-1.1102230246251565e-16, 0.0, 0.0, 1.0]], "overrideEnabled": true, "useOutlinerColor": false, "outlinerColor": [0.0, 0.0, 0.0]}}