{"pin_hiShape1": {"overrideRGBColors": true, "knots": [0.0, 1.0], "degree": 1, "form": 1, "overrideColorRGB": [0.177204892039299, 0.7068446278572083, 0.6089246869087219], "cvs": [[0.0, 0.0, -1.2043346481833104, 1.0], [0.0, 0.0, 2.220446049250313e-16, 1.0]], "overrideEnabled": true, "useOutlinerColor": false, "outlinerColor": [0.0, 0.0, 0.0]}, "pin_hiShape": {"overrideRGBColors": true, "knots": [-2.0, -1.0, 0.0, 1.0, 2.0, 3.0, 4.0, 5.0, 6.0, 7.0, 8.0, 9.0, 10.0], "degree": 3, "form": 3, "overrideColorRGB": [0.177204892039299, 0.7068446278572083, 0.6089246869087219], "cvs": [[0.31086775690765045, 1.9035160172753583e-17, -1.9122095584015582, 1.0], [2.691978167825229e-17, 2.691978167825229e-17, -2.0409751994172094, 1.0], [-0.31086775690765045, 1.9035160172753577e-17, -1.9122095584015582, 1.0], [-0.43963339792330164, 1.395526235877815e-33, -1.6013418014939078, 1.0], [-0.31086775690765045, -1.903516017275358e-17, -1.2904740445862575, 1.0], [-4.403837814902557e-17, -2.691978167825231e-17, -1.161708403570606, 1.0], [0.31086775690765045, -1.9035160172753577e-17, -1.2904740445862575, 1.0], [0.43963339792330164, -3.6710411226852384e-33, -1.6013418014939078, 1.0], [0.31086775690765045, 1.9035160172753583e-17, -1.9122095584015582, 1.0], [2.691978167825229e-17, 2.691978167825229e-17, -2.0409751994172094, 1.0], [-0.31086775690765045, 1.9035160172753577e-17, -1.9122095584015582, 1.0]], "overrideEnabled": true, "useOutlinerColor": false, "outlinerColor": [0.0, 0.0, 0.0]}}