{"newControl_ctrlShape": {"overrideRGBColors": true, "knots": [0.0, 1.0, 2.0, 3.0, 4.0, 4.540208662, 5.0], "degree": 1, "form": 1, "overrideColorRGB": [0.26800012588500977, 0.18285703659057617, 1.0], "cvs": [[0.0, 0.0, 0.0, 1.0], [-0.0018855823521092996, 0.0, -1.419086346512628, 1.0], [-0.29952150532319344, 0.0, -1.4190863549422101, 1.0], [-0.2995214946041794, 0.0, -2.001168316365901, 1.0], [0.29138494241961993, 0.0, -2.001168329410752, 1.0], [0.2913849421584863, 0.0, -1.4190863549422101, 1.0], [-0.0018855823521092996, 0.0, -1.419086346512628, 1.0]], "overrideEnabled": true, "useOutlinerColor": false, "outlinerColor": [0.0, 0.0, 0.0]}}