{
    "eye_cntrl_L_newControlShape1": {
        "overrideRGBColors": true,
        "knots": [
            -2.0,
            -1.0,
            0.0,
            1.0,
            2.0,
            3.0,
            4.0,
            5.0,
            6.0,
            7.0,
            8.0,
            9.0,
            10.0
        ],
        "degree": 3,
        "form": 3,
        "overrideColorRGB": [
            0.0,
            0.0,
            1.0
        ],
        "cvs": [
            [
                0.12002596185304466,
                -1.128957929148713e-06,
                -1.2180043322946257,
                1.0
            ],
            [
                -1.6662387657666125e-15,
                -1.1289579290931318e-06,
                -1.1982609119676453,
                1.0
            ],
            [
                -0.12002596185304797,
                -1.1289579290287829e-06,
                -1.2180043322946255,
                1.0
            ],
            [
                -0.40315829845322176,
                -1.1289579288021946e-06,
                -1.601419210420865,
                1.0
            ],
            [
                -0.38341487812624164,
                -1.1289579287269232e-06,
                -1.9848340885471047,
                1.0
            ],
            [
                -1.9950257174283604e-15,
                -1.1289579289140936e-06,
                -2.0045775088740854,
                1.0
            ],
            [
                0.38341487812623753,
                -1.1289579291100316e-06,
                -1.984834088547105,
                1.0
            ],
            [
                0.40315829845321816,
                -1.1289579292050308e-06,
                -1.6014192104208653,
                1.0
            ],
            [
                0.12002596185304466,
                -1.128957929148713e-06,
                -1.2180043322946257,
                1.0
            ],
            [
                -1.6662387657666125e-15,
                -1.1289579290931318e-06,
                -1.1982609119676453,
                1.0
            ],
            [
                -0.12002596185304797,
                -1.1289579290287829e-06,
                -1.2180043322946255,
                1.0
            ]
        ],
        "overrideEnabled": true,
        "useOutlinerColor": false,
        "outlinerColor": [
            0.0,
            0.0,
            0.0
        ]
    },
    "eye_cntrl_L_newControlShape0": {
        "overrideRGBColors": true,
        "knots": [
            0.0,
            1.0
        ],
        "degree": 1,
        "form": 1,
        "overrideColorRGB": [
            0.0,
            0.0,
            1.0
        ],
        "cvs": [
            [
                0.0,
                0.0,
                -1.2043346481833104,
                1.0
            ],
            [
                0.0,
                0.0,
                2.220446049250313e-16,
                1.0
            ]
        ],
        "overrideEnabled": true,
        "useOutlinerColor": false,
        "outlinerColor": [
            0.0,
            0.0,
            0.0
        ]
    }
}