{"eye_cntrl_L_newControlShape1": {"overrideRGBColors": true, "knots": [0.0, 0.0, 0.0, 1.0, 2.0, 3.0, 4.0, 5.0, 6.0, 7.0, 8.0, 9.0, 10.0, 11.0, 12.0, 13.0, 13.0, 13.0], "degree": 3, "form": 1, "overrideColorRGB": [0.0, 0.0, 1.0], "cvs": [[-0.4380100834455841, -3.625380703445647e-07, -1.8631477789696707, 1.0], [-0.46792162589717373, -3.7499259837391634e-07, -1.9314196777260966, 1.0], [-0.4308499433123785, -3.7875850170143725e-07, -1.9813149382466264, 1.0], [-0.3874737174794003, -3.731320221197348e-07, -1.9957650076724232, 1.0], [-0.32636191044230967, -3.652049992511829e-07, -1.9962880402426526, 1.0], [0.32121301765454463, -2.8120583349537233e-07, -2.0018304595628984, 1.0], [0.38232482469163076, -2.7327881062668034e-07, -2.0023534921331243, 1.0], [0.42570105052461005, -2.676523310573688e-07, -1.9886459037427993, 1.0], [0.4646659012058799, -2.540234672441736e-07, -1.9378937501452471, 1.0], [0.43664752685076225, -2.49083228148444e-07, -1.8692197025069057, 1.0], [0.0786122533091791, -2.328463259541469e-07, -1.2491202190245865, 1.0], [0.038594331225681636, -2.363270387724102e-07, -1.2137750343941622, 1.0], [-0.0014859532914998077, -2.4050464006207435e-07, -1.1992728328052107, 1.0], [-0.04195571548842574, -2.4903458124839707e-07, -1.2129365785561106, 1.0], [-0.0824878401190421, -2.5826141090561747e-07, -1.2474433073484819, 1.0], [-0.4380100834455841, -3.625380703445647e-07, -1.8631477789696707, 1.0]], "overrideEnabled": true, "useOutlinerColor": false, "outlinerColor": [0.0, 0.0, 0.0]}, "eye_cntrl_L_newControlShape0": {"overrideRGBColors": true, "knots": [0.0, 1.0], "degree": 1, "form": 1, "overrideColorRGB": [0.0, 0.0, 1.0], "cvs": [[0.0, 0.0, -1.2043346481833104, 1.0], [0.0, 0.0, 2.220446049250313e-16, 1.0]], "overrideEnabled": true, "useOutlinerColor": false, "outlinerColor": [0.0, 0.0, 0.0]}}