{"LEarIKFKSwitch_newControlShape": {"overrideRGBColors": false, "knots": [0.0, 1.0, 2.0, 3.0, 4.0, 5.0, 6.0, 7.0, 8.0, 9.0, 10.0, 11.0, 12.0, 13.0, 14.0, 15.0, 16.0], "degree": 1, "form": 1, "overrideColorRGB": [0.0, 0.0, 0.0], "cvs": [[0.4991613917614206, -0.9983227835228412, 0.8645729877617612, 1.0], [-0.4991613917614206, -0.9983227835228412, 0.8645729877617612, 1.0], [0.0, 0.9983227835228412, 4.9916139222006e-07, 1.0], [0.4991613917614206, -0.9983227835228412, 0.8645729877617612, 1.0], [0.9983227835228412, -0.9983227835228412, 4.9916139222006e-07, 1.0], [0.0, 0.9983227835228412, 4.9916139222006e-07, 1.0], [0.4991613917614206, -0.9983227835228412, -0.8645719894389772, 1.0], [0.9983227835228412, -0.9983227835228412, 4.9916139222006e-07, 1.0], [0.0, 0.9983227835228412, 4.9916139222006e-07, 1.0], [-0.4991613917614206, -0.9983227835228412, -0.8645729877617607, 1.0], [0.4991613917614206, -0.9983227835228412, -0.8645719894389772, 1.0], [0.0, 0.9983227835228412, 4.9916139222006e-07, 1.0], [-0.9983227835228421, -0.9983227835228412, 3.405778175036289e-07, 1.0], [-0.4991613917614206, -0.9983227835228412, -0.8645729877617607, 1.0], [0.0, 0.9983227835228412, 4.9916139222006e-07, 1.0], [-0.4991613917614206, -0.9983227835228412, 0.8645729877617612, 1.0], [-0.9983227835228421, -0.9983227835228412, 3.405778175036289e-07, 1.0]], "overrideEnabled": false, "useOutlinerColor": false, "outlinerColor": [0.0, 0.0, 0.0]}}