{"pyramidShape": {"overrideRGBColors": true, "knots": [0.0, 1.0, 2.0, 3.0, 4.0, 5.0, 6.0, 7.0, 8.0, 9.0], "degree": 1, "form": 1, "overrideColorRGB": [0.15999996662139893, 0.2999999225139618, 0.875], "cvs": [[-0.7935255524805106, -0.6632865247383173, -0.7935255524805099, 1.0], [0.7935255524805099, -0.663286524738318, -0.7935255524805099, 1.0], [0.7935255524805099, -0.6632865247383173, 0.7935255524805106, 1.0], [-0.7935255524805106, -0.6632865247383166, 0.7935255524805106, 1.0], [-0.7935255524805106, -0.6632865247383173, -0.7935255524805099, 1.0], [3.5239613559690474e-16, 0.9237645802227057, -3.5239613559690474e-16, 1.0], [-0.7935255524805106, -0.6632865247383166, 0.7935255524805106, 1.0], [0.7935255524805099, -0.6632865247383173, 0.7935255524805106, 1.0], [3.5239613559690474e-16, 0.9237645802227057, -3.5239613559690474e-16, 1.0], [0.7935255524805099, -0.663286524738318, -0.7935255524805099, 1.0]], "overrideEnabled": true, "useOutlinerColor": false, "outlinerColor": [0.0, 0.0, 0.0]}}