{"hand_sliders_L_newControlShape": {"overrideRGBColors": false, "knots": [0.0, 0.0, 0.0, 1.0, 1.569653019, 2.0, 3.0, 4.0, 5.0, 5.382584402, 6.0, 7.0, 8.0, 9.0, 11.0, 12.0, 13.0, 14.0, 15.0, 16.0, 17.0, 17.0, 17.0], "degree": 3, "form": 1, "overrideColorRGB": [0.0, 0.0, 0.0], "cvs": [[-0.999170677476581, -3.884959021149825e-11, -0.12022542305393924, 1.0], [-0.999170677476581, 5.203015795984811e-11, 0.08924838689717896, 1.0], [-0.999170677476581, 1.2335203097103687e-10, 0.33681266218229045, 1.0], [-0.789599476524177, 1.8740066541439472e-10, 0.5591266656213021, 1.0], [-0.49827825347592325, 2.2794624415374736e-10, 0.7065915012358882, 1.0], [-0.20690537667034736, 2.2794588439012387e-10, 0.7747483017381105, 1.0], [0.20690537667034936, 2.2794566234551894e-10, 0.77474830173811, 1.0], [0.4855783295522158, 2.279454859988482e-10, 0.7227613965557625, 1.0], [0.77470824282472, 1.887533832847247e-10, 0.5788036965516649, 1.0], [0.999170677476581, 1.3131533374587479e-10, 0.36445935721792244, 1.0], [0.999170677476581, 5.2028603647613636e-11, 0.08924838689717673, 1.0], [0.999170677476581, -3.885114452373273e-11, -0.12022542305394146, 1.0], [0.999170677476581, -1.3706324963891348e-10, -0.4002374358077847, 1.0], [0.999170677476581, -2.2794677256854357e-10, -0.6175969691191241, 1.0], [0.7445078559620413, -2.2794655052393864e-10, -0.6175969691191237, 1.0], [0.40102985926377704, -2.2794632847933372e-10, -0.6175969691191232, 1.0], [-0.4010298592637796, -2.2794588439012387e-10, -0.6175969691191223, 1.0], [-0.7445078559620428, -2.2794566234551894e-10, -0.6175969691191221, 1.0], [-0.999170677476581, -2.279452182563091e-10, -0.6175969691191217, 1.0], [-0.999170677476581, -1.37061695326679e-10, -0.40023743580778226, 1.0], [-0.999170677476581, -3.884959021149825e-11, -0.12022542305393924, 1.0]], "overrideEnabled": true, "useOutlinerColor": false, "outlinerColor": [0.0, 0.0, 0.0]}}