{"curve2Shape0": {"overrideEnabled": true, "overrideColorRGB": [0.07323896884918213, 0.38005661964416504, 1.0], "overrideRGBColors": true, "useOutlinerColor": false, "outlinerColor": [0.0, 0.0, 0.0], "knots": [0.0, 0.02509186458, 0.05066218427, 0.960330451, 0.9813039415, 1.0, 1.017868483, 1.047655165, 1.952382624, 1.978633026, 2.0, 2.019522522, 2.043979769, 2.949969804, 2.976417321, 3.0, 3.017911055, 3.045336723, 3.952728093, 3.97870007, 4.0], "cvs": [[-0.9935671274944988, 0.6528049586925424, 0.4686805704527202, 1.0], [-0.9756192832343702, 0.6528049586925424, 0.4754823913682151, 1.0], [-0.9519855433314739, 0.6528049586925424, 0.476796103131726, 1.0], [0.9609113543655633, 0.6528049586925546, 0.47679610313172566, 1.0], [0.9802803190124378, 0.6528049586925546, 0.4740602715609035, 1.0], [0.9916489820004972, 0.6528049586925546, 0.4686805704527202, 1.0], [0.9979146867215954, 0.6528049586925546, 0.45623916522817637, 1.0], [1.0000443606265181, 0.6528049586925546, 0.4313525091995269, 1.0], [1.0000443606265181, 0.6528049586925546, -0.43138854449540925, 1.0], [0.9978400962285141, 0.6528049586925546, -0.45494169342034985, 1.0], [0.9916489820004972, 0.6528049586925546, -0.46868057045272005, 1.0], [0.9781310624097613, 0.6528049586925546, -0.4745265359703153, 1.0], [0.9566594314045463, 0.6528049586925546, -0.4767961031317258, 1.0], [-0.9526089837675384, 0.6528049586925424, -0.4767961031317256, 1.0], [-0.9769719325496338, 0.6528049586925424, -0.4747389526117896, 1.0], [-0.9926362008705962, 0.6528049586925424, -0.46910300366717106, 1.0], [-0.9995950673930325, 0.6528049586925424, -0.4570398816285907, 1.0], [-1.0019625061205195, 0.6528049586925424, -0.4335633574214006, 1.0], [-1.0019625061205195, 0.6528049586925424, 0.4317179810413155, 1.0], [-0.9999965435607159, 0.6528049586925424, 0.45480822262512727, 1.0], [-0.9935671274944988, 0.6528049586925424, 0.4686805704527202, 1.0]], "degree": 1, "form": 1}, "curve2Shape1": {"overrideEnabled": true, "overrideColorRGB": [0.07323896884918213, 0.38005661964416504, 1.0], "overrideRGBColors": true, "useOutlinerColor": false, "outlinerColor": [0.0, 0.0, 0.0], "knots": [0.0, 0.0, 0.0, 1.0, 1.0, 1.0], "cvs": [[0.0, 0.6528027050752596, -0.4773720736966187, 1.0], [0.0, 0.5869377629290615, -0.47737207369661866, 1.0], [0.0, 0.5175336812119665, -0.47737207369661866, 1.0], [0.0, 0.446102291312498, -0.47737207369661866, 1.0]], "degree": 3, "form": 1}, "curve2Shape2": {"overrideEnabled": true, "overrideColorRGB": [0.07323896884918213, 0.38005661964416504, 1.0], "overrideRGBColors": true, "useOutlinerColor": false, "outlinerColor": [0.0, 0.0, 0.0], "knots": [0.0, 0.0, 0.0, 1.0, 1.0, 1.0], "cvs": [[0.0, 0.6528027050752596, 0.47735345449084854, 1.0], [0.0, 0.5869377629290615, 0.47735345449084854, 1.0], [0.0, 0.5175336812119665, 0.47735345449084854, 1.0], [0.0, 0.446102291312498, 0.47735345449084854, 1.0]], "degree": 3, "form": 1}}