{"newControl_ctrlShape": {"overrideEnabled": true, "overrideColorRGB": [0.0, 1.0, 0.03333330154418945], "overrideRGBColors": true, "useOutlinerColor": false, "outlinerColor": [0.0, 0.0, 0.0], "knots": [0.0, 0.02509186458, 0.05066218427, 0.960330451, 0.9813039415, 1.0, 1.017868483, 1.047655165, 1.952382624, 1.978633026, 2.0, 2.019522522, 2.043979769, 2.949969804, 2.976417321, 3.0, 3.017911055, 3.045336723, 3.952728093, 3.97870007, 4.0], "cvs": [[0.9829790289272486, -6.932696241179119e-16, -0.48358643021056197, 1.0], [0.9972447095207329, -6.824391790145771e-16, -0.44719858499501003, 1.0], [1.0000000000000002, -6.714022175008439e-16, -0.3992830327433136, 1.0], [0.9999999999999998, -6.321381847168292e-17, 0.4223015597965871, 1.0], [0.9942620513195204, -4.886111808688245e-17, 0.46157061502913477, 1.0], [0.9829790289272482, -3.60669231469795e-17, 0.4846196867238356, 1.0], [0.9568852644379303, -2.3043292490746187e-17, 0.4973229111475447, 1.0], [0.9046896699999996, -1.3329578841276631e-18, 0.5016406577965871, 1.0], [-0.9047652480000001, 6.699436225358142e-16, 0.5016406577965868, 1.0], [-0.9541640345467793, 6.828027292321324e-16, 0.49717168477865703, 1.0], [-0.9829790289272486, 6.932696241179119e-16, 0.4846196867238354, 1.0], [-0.9952399628551842, 6.855459536617345e-16, 0.45721316599774686, 1.0], [-1.0000000000000002, 6.758699642535353e-16, 0.41368111979658706, 1.0], [-1.0, 7.014076705535441e-17, -0.4005470092833145, 1.0], [-0.995685471197386, 5.2128273839815424e-17, -0.44994097528998206, 1.0], [-0.9838650118698031, 3.606692314697962e-17, -0.4816990495643702, 1.0], [-0.9585646330299878, 2.3024266904158088e-17, -0.49580760512258354, 1.0], [-0.9093265539999997, 3.053161910412292e-18, -0.5006074012833142, 1.0], [0.9054561860000007, -6.701999486223659e-16, -0.5006074012833137, 1.0], [0.9538841018997923, -6.828748145076745e-16, -0.49662156653406964, 1.0], [0.9829790289272486, -6.932696241179119e-16, -0.48358643021056197, 1.0]], "degree": 1, "form": 1}}