{"newControl_ctrl1Shape0": {"overrideEnabled": true, "overrideColorRGB": [0.07323896884918213, 0.38005661964416504, 1.0], "overrideRGBColors": true, "useOutlinerColor": false, "outlinerColor": [0.0, 0.0, 0.0], "knots": [0.0, 0.02509186458, 0.05066218427, 0.960330451, 0.9813039415, 1.0, 1.017868483, 1.047655165, 1.952382624, 1.978633026, 2.0, 2.019522522, 2.043979769, 2.949969804, 2.976417321, 3.0, 3.017911055, 3.045336723, 3.952728093, 3.97870007, 4.0], "cvs": [[-0.9935671274944988, 0.6528049586925424, 0.4686805704527202, 1.0], [-0.9756192832343702, 0.6528049586925424, 0.4754823913682151, 1.0], [-0.9519855433314739, 0.6528049586925424, 0.476796103131726, 1.0], [0.9609113543655633, 0.6528049586925546, 0.47679610313172566, 1.0], [0.9802803190124378, 0.6528049586925546, 0.4740602715609035, 1.0], [0.9916489820004972, 0.6528049586925546, 0.4686805704527202, 1.0], [0.9979146867215954, 0.6528049586925546, 0.45623916522817637, 1.0], [1.0000443606265181, 0.6528049586925546, 0.4313525091995269, 1.0], [1.0000443606265181, 0.6528049586925546, -0.43138854449540925, 1.0], [0.9978400962285141, 0.6528049586925546, -0.45494169342034985, 1.0], [0.9916489820004972, 0.6528049586925546, -0.46868057045272005, 1.0], [0.9781310624097613, 0.6528049586925546, -0.4745265359703153, 1.0], [0.9566594314045463, 0.6528049586925546, -0.4767961031317258, 1.0], [-0.9526089837675384, 0.6528049586925424, -0.4767961031317256, 1.0], [-0.9769719325496338, 0.6528049586925424, -0.4747389526117896, 1.0], [-0.9926362008705962, 0.6528049586925424, -0.46910300366717106, 1.0], [-0.9995950673930325, 0.6528049586925424, -0.4570398816285907, 1.0], [-1.0019625061205195, 0.6528049586925424, -0.4335633574214006, 1.0], [-1.0019625061205195, 0.6528049586925424, 0.4317179810413155, 1.0], [-0.9999965435607159, 0.6528049586925424, 0.45480822262512727, 1.0], [-0.9935671274944988, 0.6528049586925424, 0.4686805704527202, 1.0]], "degree": 1, "form": 1}, "newControl_ctrl1Shape1": {"overrideEnabled": true, "overrideColorRGB": [0.07323896884918213, 0.38005661964416504, 1.0], "overrideRGBColors": true, "useOutlinerColor": false, "outlinerColor": [0.0, 0.0, 0.0], "knots": [1.0, 1.0, 1.0, 2.0, 3.0, 4.0, 5.0, 6.0, 7.0, 8.0, 8.0, 8.0], "cvs": [[-0.6, 0.6527274648793053, -0.4767602366939734, 1.0], [-0.6000000000000426, 0.5656173021092172, -0.5993737456103774, 1.0], [-0.5999999999999858, 0.22819144135264935, -0.8654791030777589, 1.0], [-0.5999999999999858, -0.44828287958347346, -0.7762930215401345, 1.0], [-0.5999999999999431, -0.8659322532888467, -0.2320017607760727, 1.0], [-0.5999999999999716, -0.7763829161673641, 0.4481929849561488, 1.0], [-0.5999999999999858, -0.2309032513076943, 0.8622771463746228, 1.0], [-0.5999999999999716, 0.39094298758695345, 0.7752345011188972, 1.0], [-0.5999999999999716, 0.6049920121342609, 0.5442481852015093, 1.0], [-0.5999999999999858, 0.6526747454652337, 0.47676802401315355, 1.0]], "degree": 3, "form": 1}, "newControl_ctrl1Shape2": {"overrideEnabled": true, "overrideColorRGB": [0.07323896884918213, 0.38005661964416504, 1.0], "overrideRGBColors": true, "useOutlinerColor": false, "outlinerColor": [0.0, 0.0, 0.0], "knots": [1.0, 1.0, 1.0, 2.0, 3.0, 4.0, 5.0, 6.0, 7.0, 8.0, 8.0, 8.0], "cvs": [[0.6, 0.6527274648793053, -0.4767602366939734, 1.0], [0.5999999999999573, 0.5656173021092172, -0.5993737456103774, 1.0], [0.6000000000000142, 0.22819144135264935, -0.8654791030777589, 1.0], [0.6000000000000142, -0.44828287958347346, -0.7762930215401345, 1.0], [0.6000000000000568, -0.8659322532888467, -0.2320017607760727, 1.0], [0.6000000000000284, -0.7763829161673641, 0.4481929849561488, 1.0], [0.6000000000000142, -0.2309032513076943, 0.8622771463746228, 1.0], [0.6000000000000284, 0.39094298758695345, 0.7752345011188972, 1.0], [0.6000000000000284, 0.6049920121342609, 0.5442481852015093, 1.0], [0.6000000000000142, 0.6526747454652337, 0.47676802401315355, 1.0]], "degree": 3, "form": 1}}