{"newControl_ctrlShape0": {"overrideEnabled": true, "overrideColorRGB": [0.07323896884918213, 0.38005661964416504, 1.0], "overrideRGBColors": true, "useOutlinerColor": false, "outlinerColor": [0.0, 0.0, 0.0], "knots": [0.0, 0.02509186458, 0.05066218427, 0.960330451, 0.9813039415, 1.0, 1.017868483, 1.047655165, 1.952382624, 1.978633026, 2.0, 2.019522522, 2.043979769, 2.949969804, 2.976417321, 3.0, 3.017911055, 3.045336723, 3.952728093, 3.97870007, 4.0], "cvs": [[-0.9935671274944988, 0.6528049586925424, 0.4686805704527202, 1.0], [-0.9756192832343702, 0.6528049586925424, 0.4754823913682151, 1.0], [-0.9519855433314739, 0.6528049586925424, 0.476796103131726, 1.0], [0.9609113543655633, 0.6528049586925546, 0.47679610313172566, 1.0], [0.9802803190124378, 0.6528049586925546, 0.4740602715609035, 1.0], [0.9916489820004972, 0.6528049586925546, 0.4686805704527202, 1.0], [0.9979146867215954, 0.6528049586925546, 0.45623916522817637, 1.0], [1.0000443606265181, 0.6528049586925546, 0.4313525091995269, 1.0], [1.0000443606265181, 0.6528049586925546, -0.43138854449540925, 1.0], [0.9978400962285141, 0.6528049586925546, -0.45494169342034985, 1.0], [0.9916489820004972, 0.6528049586925546, -0.46868057045272005, 1.0], [0.9781310624097613, 0.6528049586925546, -0.4745265359703153, 1.0], [0.9566594314045463, 0.6528049586925546, -0.4767961031317258, 1.0], [-0.9526089837675384, 0.6528049586925424, -0.4767961031317256, 1.0], [-0.9769719325496338, 0.6528049586925424, -0.4747389526117896, 1.0], [-0.9926362008705962, 0.6528049586925424, -0.46910300366717106, 1.0], [-0.9995950673930325, 0.6528049586925424, -0.4570398816285907, 1.0], [-1.0019625061205195, 0.6528049586925424, -0.4335633574214006, 1.0], [-1.0019625061205195, 0.6528049586925424, 0.4317179810413155, 1.0], [-0.9999965435607159, 0.6528049586925424, 0.45480822262512727, 1.0], [-0.9935671274944988, 0.6528049586925424, 0.4686805704527202, 1.0]], "degree": 1, "form": 1}, "newControl_ctrlShape1": {"overrideEnabled": true, "overrideColorRGB": [0.07323896884918213, 0.38005661964416504, 1.0], "overrideRGBColors": true, "useOutlinerColor": false, "outlinerColor": [0.0, 0.0, 0.0], "knots": [0.0, 0.0, 0.0, 1.0, 2.0, 3.0, 4.0, 5.0, 6.0, 7.0, 8.0, 9.0, 10.0, 11.0, 12.0, 13.0, 13.0, 13.0], "cvs": [[0.10656114765578849, 0.5877176732943821, -0.4769998990400765, 1.0], [0.11383816800820286, 0.6067300924022833, -0.4769998955717285, 1.0], [0.10481919517841946, 0.6206249689443678, -0.4769998945229964, 1.0], [0.09426642349476701, 0.6246490371344392, -0.4769998960898635, 1.0], [0.0793988564242466, 0.6247946917099443, -0.47699989829738787, 1.0], [-0.0781462096351479, 0.6263381495733941, -0.4769999216895503, 1.0], [-0.09301377670566721, 0.6264838041488979, -0.4769999238970747, 1.0], [-0.10356654838931995, 0.6226665027381777, -0.4769999254639417, 1.0], [-0.11304610003381625, 0.6085329978496176, -0.4769999292593198, 1.0], [-0.10622965849611415, 0.5894085879632845, -0.4769999306350819, 1.0], [-0.019125157728188274, 0.41590800483540946, -0.47699993515674854, 1.0], [-0.009389409933361112, 0.40606504637255403, -0.4769999341874365, 1.0], [0.00036150968685348596, 0.4020264603713047, -0.4769999330240544, 1.0], [0.01020718326390261, 0.40583155244479063, -0.4769999306486288, 1.0], [0.02006802866634074, 0.4154410169798822, -0.47699992807913305, 1.0], [0.10656114765578849, 0.5877176732943821, -0.4769998990400765, 1.0]], "degree": 3, "form": 1}, "newControl_ctrlShape2": {"overrideEnabled": true, "overrideColorRGB": [0.07323896884918213, 0.38005661964416504, 1.0], "overrideRGBColors": true, "useOutlinerColor": false, "outlinerColor": [0.0, 0.0, 0.0], "knots": [0.0, 0.0, 0.0, 1.0, 2.0, 3.0, 4.0, 5.0, 6.0, 7.0, 8.0, 9.0, 10.0, 11.0, 12.0, 13.0, 13.0, 13.0], "cvs": [[0.10656114765578849, 0.587717673294382, 0.4767955970486214, 1.0], [0.11383816800820286, 0.6067300924022833, 0.47679560051696934, 1.0], [0.10481919517841946, 0.6206249689443677, 0.47679560156570144, 1.0], [0.09426642349476701, 0.6246490371344391, 0.4767955999988345, 1.0], [0.0793988564242466, 0.6247946917099442, 0.47679559779131, 1.0], [-0.0781462096351479, 0.626338149573394, 0.47679557439914766, 1.0], [-0.09301377670566721, 0.6264838041488978, 0.47679557219162316, 1.0], [-0.10356654838931995, 0.6226665027381776, 0.4767955706247563, 1.0], [-0.11304610003381625, 0.6085329978496175, 0.47679556682937807, 1.0], [-0.10622965849611415, 0.5894085879632844, 0.4767955654536159, 1.0], [-0.019125157728188274, 0.4159080048354094, 0.4767955609319494, 1.0], [-0.009389409933361112, 0.4060650463725539, 0.4767955619012614, 1.0], [0.00036150968685348596, 0.40202646037130463, 0.47679556306464344, 1.0], [0.01020718326390261, 0.4058315524447905, 0.4767955654400692, 1.0], [0.02006802866634074, 0.41544101697988217, 0.4767955680095649, 1.0], [0.10656114765578849, 0.587717673294382, 0.4767955970486214, 1.0]], "degree": 3, "form": 1}}