{"rotate_1_Shape270": {"overrideRGBColors": false, "knots": [0.0, 1.0, 2.0, 3.0, 4.0, 5.0, 6.0, 7.0, 8.0, 9.0, 10.0, 11.0, 12.0, 13.0, 14.0, 15.0, 16.0, 17.0, 18.0, 19.0, 20.0, 21.0, 22.0, 23.0, 24.0, 25.0, 26.0, 27.0, 28.0, 29.0, 30.0, 31.0, 32.0, 33.0, 34.0, 35.0, 36.0, 37.0, 38.0, 39.0, 40.0, 41.0, 42.0, 43.0, 44.0, 45.0, 46.0, 47.0, 48.0, 49.0, 50.0, 51.0, 52.0, 53.0, 54.0, 55.0, 56.0, 57.0, 58.0, 59.0, 60.0, 61.0, 62.0, 63.0, 64.0, 65.0, 66.0, 67.0, 68.0, 69.0, 70.0, 71.0, 72.0, 73.0, 74.0, 75.0, 76.0, 77.0, 78.0, 79.0, 80.0, 81.0, 82.0, 83.0, 84.0, 85.0, 86.0, 87.0, 88.0, 89.0, 90.0, 91.0, 92.0, 93.0, 94.0, 95.0], "degree": 1, "form": 3, "overrideColorRGB": [0.0, 0.0, 0.0], "cvs": [[-0.9941189619055169, 7.561706354419155e-16, 0.10871506872529135, 1.0], [-0.9769107082602888, 7.370656360313933e-16, 0.2141951566041902, 1.0], [-0.9489784735331277, 7.06054625908065e-16, 0.31568707644985006, 1.0], [-0.9109347778942101, 6.638176390679075e-16, 0.4125785201835661, 1.0], [-0.8633919294222419, 6.110344740380629e-16, 0.5042571797266344, 1.0], [-0.8069624482873974, 5.483851648145077e-16, 0.5901107204889158, 1.0], [-0.7422582183854387, 4.765490389867139e-16, 0.6695267548574044, 1.0], [-0.6698919719780139, 3.9620636601949326e-16, 0.7418930012648293, 1.0], [-0.5904760171438275, 3.080369444399877e-16, 0.806597098609618, 1.0], [-0.5046224498701117, 2.127203373065039e-16, 0.863026712301632, 1.0], [-0.41294379032704365, 1.1093657861501881e-16, 0.9105695143785915, 1.0], [-0.31605234659332737, 3.3654668926742338e-18, 0.9486131669364286, 1.0], [-0.21456042674766795, -1.0931319933338802e-16, 0.9765453337280396, 1.0], [-0.10908033886876911, -2.2641962153602613e-16, 0.9937536785063226, 1.0], [-0.00022449708107208366, -3.472738834536808e-16, 0.9996258683381023, 1.0], [0.10631148818952374, -4.655525872522231e-16, 0.9939865073044807, 1.0], [0.20962803096594085, -5.802569918672708e-16, 0.9774536751061831, 1.0], [0.3091499391770154, -6.907485058178372e-16, 0.9506052460258549, 1.0], [0.4043020737744525, -7.963885964901443e-16, 0.9140190893752476, 1.0], [0.49450908361848644, -8.965384958015792e-16, 0.8682730997348229, 1.0], [0.5791958296608226, -9.905596711383637e-16, 0.8139451269469977, 1.0], [0.6577870137845616, -1.0778134132850937e-15, 0.7516130473656233, 1.0], [0.729707496941409, -1.1576611896279915e-15, 0.6818547572281259, 1.0], [0.7943819810144661, -1.2294642909516525e-15, 0.6052481130047813, 1.0], [0.8512352739325704, -1.2925841257750902e-15, 0.522371010933016, 1.0], [0.899692183624559, -1.3463821026173178e-15, 0.43380129422738833, 1.0], [0.9391774119735337, -1.390219512262931e-15, 0.3401168856367591, 1.0], [0.969115793419765, -1.4234577926645478e-15, 0.2418955753528187, 1.0], [0.9889320828692227, -1.4454582934739722e-15, 0.13971531263586145, 1.0], [0.9980510882507441, -1.455582423210218e-15, 0.03415399372331418, 1.0], [1.2239491314724351, -1.7063796320127082e-15, 0.03415399372331418, 1.0], [0.819867448990167, -1.2577588442916224e-15, -0.42286092151765864, 1.0], [0.4165313210536792, -8.099657883933754e-16, 0.03415399372331418, 1.0], [0.6588312461453179, -1.0789727440950635e-15, 0.03415399372331418, 1.0], [0.651705449903095, -1.0710615210381607e-15, 0.1027912478758779, 1.0], [0.6377299474918932, -1.05554559648054e-15, 0.16918982352212142, 1.0], [0.6172719222720373, -1.0328326258430937e-15, 0.2329800452269284, 1.0], [0.5906985576038513, -1.0033302645467129e-15, 0.2937921315094454, 1.0], [0.5583768777790561, -9.67445991410663e-16, 0.3512561948430848, 1.0], [0.520674066157977, -9.25587461855836e-16, 0.40500255979272914, 1.0], [0.47795725307807047, -8.781622724359144e-16, 0.4546613388317906, 1.0], [0.43059362189966066, -8.255780785717902e-16, 0.49986280350228407, 1.0], [0.3789502499373365, -7.682424179499372e-16, 0.5402371723233572, 1.0], [0.32339432055142336, -7.065629459912471e-16, 0.5754146638141573, 1.0], [0.26429291105651, -6.409472003821941e-16, 0.6050254434709641, 1.0], [0.2020132048129204, -5.718028365436699e-16, 0.6286997563243588, 1.0], [0.13692222611237614, -4.995373332949397e-16, 0.6460678208934885, 1.0], [0.06938731738380488, -4.245585226585215e-16, 0.656759829186067, 1.0], [-0.00022449708107208366, -3.472738834536808e-16, 0.6604060262326759, 1.0], [-0.07202636808238916, -2.67557793056853e-16, 0.6565270057730439, 1.0], [-0.14163065330002178, -1.9028151299566086e-16, 0.6451594861432037, 1.0], [-0.2086292887424812, -1.1589808530897536e-16, 0.6267076871767201, 1.0], [-0.27261389228107147, -4.486090523892032e-17, 0.601575881730025, 1.0], [-0.33317629387856806, 2.237686744121555e-17, 0.5701682896366838, 1.0], [-0.3899083234977465, 8.536207295814358e-17, 0.5328891572416947, 1.0], [-0.4424017050556457, 1.436414338041575e-16, 0.4901427574014905, 1.0], [-0.4902482685150429, 1.9676179020596866e-16, 0.44233336297250325, 1.0], [-0.5330397377929761, 2.4426986465587077e-16, 0.38986511425399595, 1.0], [-0.5703678368064868, 2.857123796461576e-16, 0.33314236363670324, 1.0], [-0.6018246076098213, 3.206364108723756e-16, 0.27256935746562316, 1.0], [-0.6270013499370757, 3.4858820988914817e-16, 0.20855023604001932, 1.0], [-0.6454902118882333, 3.6911497012643945e-16, 0.14148940477349337, 1.0], [-0.6568829173803339, 3.817634140765431e-16, 0.07179100396530824, 1.0], [-0.6607711903304176, 3.860802642317529e-16, -0.00014077306240567466, 1.0], [-0.6568922494050877, 3.817737747052907e-16, -0.07207255009011915, 1.0], [-0.6455247827981148, 3.691533515465725e-16, -0.1417708978754364, 1.0], [-0.6270730368544992, 3.4866779835543633e-16, -0.20883178216483023, 1.0], [-0.6019410458277665, 3.2076568326288507e-16, -0.2728508505675662, 1.0], [-0.5705334802458593, 2.8589628080642696e-16, -0.33342396278438224, 1.0], [-0.5332544804080399, 2.445082768514825e-16, -0.39014666037880685, 1.0], [-0.4905080805678361, 1.9705023952905448e-16, -0.44261490909731416, 1.0], [-0.44269863311598057, 1.4397109017339843e-16, -0.49042435654916927, 1.0], [-0.39023038439747326, 8.571963238435238e-17, -0.5331707563893735, 1.0], [-0.33350768680304865, 2.274478749617193e-17, -0.570449862272929, 1.0], [-0.27293457458623305, -4.4504876360140136e-17, -0.6018574278548363, 1.0], [-0.20891550618349664, -1.1558032011591062e-16, -0.6269892067900971, 1.0], [-0.14185462189410325, -1.9003285790571918e-16, -0.6454410587794484, 1.0], [-0.07215627410878556, -2.6741356839531013e-16, -0.6568085253864209, 1.0], [-0.00022449708107208366, -3.472738834536808e-16, -0.6606875723574865, 1.0], [-0.00022449708107208366, -3.472738834536808e-16, -0.9999074144629132, 1.0], [-0.10908033886876911, -2.2641962153602613e-16, -0.993896105881436, 1.0], [-0.21456042674766795, -1.0931319933338802e-16, -0.976568444737659, 1.0], [-0.31605234659332737, 3.3654668926742338e-18, -0.9485369512017576, 1.0], [-0.41294379032704365, 1.1093657861501881e-16, -0.9104137212609653, 1.0], [-0.5046224498701117, 2.127203373065039e-16, -0.8628112750854582, 1.0], [-0.5904760171438275, 3.080369444399877e-16, -0.80634192075394, 1.0], [-0.6698919719780139, 3.9620636601949326e-16, -0.7416178602993804, 1.0], [-0.7422582183854387, 4.765490389867139e-16, -0.669251613891956, 1.0], [-0.8069624482873974, 5.483851648145077e-16, -0.58985548961037, 1.0], [-0.8633919294222419, 6.110344740380629e-16, -0.5040416894875919, 1.0], [-0.9109347778942101, 6.638176390679075e-16, -0.41242273369379845, 1.0], [-0.9489784735331277, 7.06054625908065e-16, -0.315610718216222, 1.0], [-0.9769107082602888, 7.370656360313933e-16, -0.21421826927077436, 1.0], [-0.9941189619055169, 7.561706354419155e-16, -0.10885748284468866, 1.0], [-0.9999911384815796, 7.62690061081325e-16, -0.00014077306240567466, 1.0], [-0.9941189619055169, 7.561706354419155e-16, 0.10871506872529135, 1.0]], "overrideEnabled": false, "useOutlinerColor": false, "outlinerColor": [0.0, 0.0, 0.0]}}