{"rotate_1_90_twoShape": {"overrideRGBColors": false, "knots": [0.0, 1.0, 4.0, 14.0, 17.0, 18.0, 19.0, 22.0, 29.0, 37.0, 39.0, 40.0, 43.0, 46.0, 49.0, 52.0, 55.0, 58.0, 61.0, 64.0, 67.0, 70.0, 71.0, 72.0, 73.0, 74.0, 75.0, 76.0, 77.0, 78.0, 79.0, 80.0, 81.0, 82.0, 83.0, 84.0, 85.0, 86.0, 87.0, 88.0, 89.0, 95.0, 101.0, 105.0, 110.0, 115.0, 119.0, 122.0, 125.0, 128.0, 131.0, 134.0, 135.0, 140.0, 144.0, 151.0, 157.0, 158.0, 159.0, 166.0, 174.0, 181.0, 186.0, 187.0, 190.0, 193.0, 196.0, 199.0, 202.0, 205.0, 208.0, 211.0, 214.0, 217.0, 218.0, 219.0, 220.0, 221.0, 222.0, 223.0, 224.0, 225.0, 226.0, 227.0, 228.0, 229.0, 230.0, 231.0, 232.0, 233.0, 234.0, 235.0, 236.0, 238.0, 240.0, 242.0, 244.0, 246.0, 248.0, 250.0, 253.0, 257.0, 261.0, 265.0, 269.0, 273.0, 277.0, 281.0, 282.0, 288.0], "degree": 1, "form": 3, "overrideColorRGB": [0.0, 0.0, 0.0], "cvs": [[0.965887856182297, -0.003701214971808168, -0.28629834036171115, 1.0], [0.9646086812411618, -0.0037012149718081665, -0.28744764159364994, 1.0], [0.960324670194165, -0.0037012149718081626, -0.28982324106737073, 1.0], [0.948958612884303, -0.003701214971808149, -0.2948394014248161, 1.0], [0.9424130291004029, -0.0037012149718081418, -0.2958137743445568, 1.0], [0.9290070038913357, -0.003701214971808127, -0.2963018940441776, 1.0], [0.9188110285032207, -0.0037012149718081123, -0.2964934194261748, 1.0], [0.9097549288757718, -0.0037012149718081058, -0.29595443932472865, 1.0], [0.9004120204960344, -0.0037012149718080953, -0.29301825953200833, 1.0], [0.8920710759752035, -0.0037012149718080862, -0.28741427703982314, 1.0], [0.8814860764706394, -0.0037012149718080745, -0.2773090826813598, 1.0], [0.5843843609075512, -0.0037012149718077523, 0.03713360166272395, 1.0], [0.5724610304913835, -0.0037012149718077397, 0.05471121129885903, 1.0], [0.566431406445921, -0.0037012149718077332, 0.07439573941036404, 1.0], [0.5664792168972845, -0.003701214971807734, 0.09482834161233633, 1.0], [0.572787954384772, -0.0037012149718077415, 0.11465047391492389, 1.0], [0.5855411196801081, -0.003701214971807756, 0.13250321066013937, 1.0], [0.6031188040033848, -0.0037012149718077757, 0.14442661905641963, 1.0], [0.6228032574277482, -0.003701214971807798, 0.15045616512176974, 1.0], [0.6432359359633473, -0.0037012149718078204, 0.15040835631689164, 1.0], [0.6630580284526357, -0.0037012149718078425, 0.14409969433978853, 1.0], [0.6809108050111505, -0.003701214971807862, 0.13134645353406826, 1.0], [0.8590370309440292, -0.003701214971808055, -0.05603655824587994, 1.0], [0.856611894620632, -0.003701214971808055, 0.05639653900968167, 1.0], [0.8497912987227194, -0.00370121497180805, 0.14647589622189328, 1.0], [0.8336254894253197, -0.0037012149718080338, 0.23349785693189506, 1.0], [0.8086411240372984, -0.003701214971808008, 0.31697486132434927, 1.0], [0.7753648249936782, -0.003701214971807973, 0.3964191960934196, 1.0], [0.7343232496033247, -0.0037012149718079292, 0.47134330142376824, 1.0], [0.6860430584680746, -0.003701214971807877, 0.5412594648328017, 1.0], [0.6310508325631663, -0.003701214971807818, 0.6056801248586963, 1.0], [0.5698732681875218, -0.0037012149718077514, 0.6641176843425425, 1.0], [0.5030369479628642, -0.0037012149718076786, 0.7160845054888894, 1.0], [0.43106856983460173, -0.0037012149718075996, 0.7610929148052001, 1.0], [0.3544947529447864, -0.0037012149718075155, 0.7986553516528936, 1.0], [0.273842118081955, -0.0037012149718074266, 0.8282841790597613, 1.0], [0.18963728685788794, -0.003701214971807334, 0.8494917218867815, 1.0], [0.10240703108189164, -0.003701214971807237, 0.8617904227883433, 1.0], [0.012677818875249436, -0.0037012149718071378, 0.8646926414992677, 1.0], [-0.10725070624136279, -0.0037012149718070046, 0.8621058318358228, 1.0], [0.08763859973668531, -0.0037012149718072167, 0.6922250266255217, 1.0], [0.100967589834422, -0.003701214971807231, 0.67464344675438, 1.0], [0.10800078467732988, -0.0037012149718072384, 0.6533265242117363, 1.0], [0.1090734636285502, -0.0037012149718072393, 0.6378860940748368, 1.0], [0.10640186872047108, -0.003701214971807236, 0.6221646233958551, 1.0], [0.10006028506154374, -0.0037012149718072284, 0.6077209958188199, 1.0], [0.09291816181783608, -0.00370121497180722, 0.5964585933024864, 1.0], [0.07661504780155903, -0.003701214971807202, 0.5826600924543288, 1.0], [0.05712248294080391, -0.0037012149718071803, 0.5748862902270933, 1.0], [0.03625826381312525, -0.003701214971807157, 0.5734850034558607, 1.0], [0.015840497270044107, -0.0037012149718071343, 0.5788038265607693, 1.0], [-0.002312943777259324, -0.0037012149718071144, 0.5911905780233857, 1.0], [-0.3298092715446095, -0.003701214971806758, 0.8744459293603017, 1.0], [-0.3344269186763465, -0.0037012149718067544, 0.881234046039041, 1.0], [-0.3369753973043955, -0.003701214971806751, 0.885690213241255, 1.0], [-0.34131607713122053, -0.0037012149718067466, 0.895139580818484, 1.0], [-0.3433170672193504, -0.0037012149718067436, 0.9046863052291283, 1.0], [-0.3436173219418306, -0.0037012149718067436, 0.9186065818289784, 1.0], [-0.34390602903901746, -0.0037012149718067436, 0.9319914925340755, 1.0], [-0.3420351897881982, -0.0037012149718067466, 0.9441077643260827, 1.0], [-0.33810375214302973, -0.003701214971806752, 0.9533102287465494, 1.0], [-0.332878095939699, -0.0037012149718067583, 0.9629510349189486, 1.0], [-0.3286410423036292, -0.0037012149718067613, 0.9692802089832924, 1.0], [-0.013674501934893613, -0.0037012149718071183, 1.2669288579730762, 1.0], [0.003903183571794866, -0.0037012149718071378, 1.278852211504562, 1.0], [0.02358763649449447, -0.00370121497180716, 1.2848817808278141, 1.0], [0.04402031447697752, -0.0037012149718071824, 1.2848339976662637, 1.0], [0.06384236984136837, -0.0037012149718072046, 1.2785252865610448, 1.0], [0.08169518391067543, -0.003701214971807224, 1.2657720769927463, 1.0], [0.09361851494427587, -0.0037012149718072367, 1.2481944387315014, 1.0], [0.09964813847521103, -0.0037012149718072427, 1.2285099344742547, 1.0], [0.09960032915580674, -0.0037012149718072423, 1.208077279792914, 1.0], [0.09329159053636049, -0.003701214971807235, 1.188255199969695, 1.0], [0.08053842647588816, -0.00370121497180722, 1.170402405974259, 1.0], [-0.1100453850971066, -0.0037012149718070046, 0.9916714964767865, 1.0], [0.002387635824827594, -0.0037012149718071295, 0.9940966311536983, 1.0], [0.10749202345990616, -0.0037012149718072458, 0.9907268074950799, 1.0], [0.20953393179234547, -0.003701214971807359, 0.9764094893969237, 1.0], [0.30791626275545525, -0.0037012149718074674, 0.9517202982986994, 1.0], [0.4020419186941655, -0.003701214971807571, 0.9172348365564698, 1.0], [0.49131372603140044, -0.003701214971807669, 0.8735286857964055, 1.0], [0.5751347377212379, -0.003701214971807761, 0.8211775470845746, 1.0], [0.6529076656861608, -0.003701214971807846, 0.7607569995774193, 1.0], [0.7240355271831622, -0.003701214971807923, 0.6928426290173242, 1.0], [0.7879212233223074, -0.003701214971807992, 0.6180100950105722, 1.0], [0.8439675813497636, -0.0037012149718080524, 0.5368349410165205, 1.0], [0.8915775778859818, -0.003701214971808103, 0.4498928664547521, 1.0], [0.9301540401771284, -0.003701214971808144, 0.35775941478462325, 1.0], [0.959099925760247, -0.003701214971808174, 0.2610102850140952, 1.0], [0.9778181000483188, -0.003701214971808192, 0.16022102142576777, 1.0], [0.9857114840580588, -0.0037012149718081986, 0.05596724587073254, 1.0], [0.9881366170884851, -0.0037012149718081986, -0.056465698717574675, 1.0], [1.1580173745902695, -0.0037012149718083916, 0.1384236062314197, 1.0], [1.1684419166703668, -0.0037012149718084033, 0.14827478963561536, 1.0], [1.1805533636533843, -0.003701214971808417, 0.15549990152228288, 1.0], [1.1938130646554905, -0.003701214971808432, 0.15999583317899635, 1.0], [1.2076823480629622, -0.0037012149718084475, 0.16165955181533498, 1.0], [1.2216225644698495, -0.0037012149718084627, 0.1603881014890325, 1.0], [1.2350950503262508, -0.0037012149718084774, 0.15607829684532026, 1.0], [1.2475611450380277, -0.0037012149718084913, 0.14862725806974808, 1.0], 