{"rotate_1_45roundShape": {"overrideRGBColors": true, "knots": [0.0, 1.0, 2.0, 3.0, 4.0, 5.0, 6.0, 7.0, 8.0, 9.0, 10.0, 11.0, 12.0, 13.0, 14.0, 15.0, 16.0, 17.0, 18.0, 19.0, 20.0, 21.0, 22.0, 23.0, 24.0, 25.0, 26.0, 27.0, 28.0, 29.0, 30.0, 31.0, 32.0, 33.0, 34.0, 35.0, 36.0, 37.0, 38.0, 39.0, 40.0, 41.0, 42.0, 43.0, 44.0, 45.0, 46.0, 47.0, 48.0, 49.0, 50.0, 51.0, 52.0, 53.0, 54.0, 55.0, 56.0, 57.0, 58.0, 59.0, 60.0, 61.0, 62.0, 63.0, 64.0, 65.0, 66.0, 67.0, 68.0, 69.0, 70.0, 71.0, 72.0, 73.0, 74.0, 75.0, 76.0, 77.0, 78.0, 79.0, 80.0, 81.0, 82.0, 83.0, 84.0, 85.0, 86.0, 87.0, 88.0, 89.0, 90.0, 91.0, 92.0, 93.0, 94.0, 95.0, 96.0, 97.0, 98.0, 99.0, 100.0, 101.0, 102.0, 103.0, 104.0], "degree": 1, "form": 3, "overrideColorRGB": [0.177204892039299, 0.7068446278572083, 0.6089246869087219], "cvs": [[0.947094486067883, -6.918441692223645e-16, -0.38349361990177533, 1.0], [0.9295934543166402, -6.753167953091803e-16, -0.39838015490114165, 1.0], [0.910445816819809, -6.624623440060325e-16, -0.4099584153209235, 1.0], [0.8900630060735476, -6.532806208549263e-16, -0.41822857631331223, 1.0], [0.868856980030588, -6.477714313978665e-16, -0.42319081303049755, 1.0], [0.8472391711870879, -6.459351645508432e-16, -0.4248447751680984, 1.0], [0.8256213623435884, -6.477714313978665e-16, -0.42319081303049755, 1.0], [0.8044153363006283, -6.532806208549263e-16, -0.41822857631331223, 1.0], [0.7840325255543674, -6.624623440060325e-16, -0.4099584153209235, 1.0], [0.7648848880575362, -6.753167953091803e-16, -0.39838015490114165, 1.0], [0.7473838563062933, -6.918441692223645e-16, -0.38349361990177533, 1.0], [0.4643580584964942, -1.0060657320557125e-15, -0.10046799724416777, 1.0], [0.44947169864931885, -1.0254957804606385e-15, -0.08296696549292415, 1.0], [0.4378934382295373, -1.0467541229347917e-15, -0.06381915284390294, 1.0], [0.4296231020849582, -1.0693833942738727e-15, -0.04343651724983166, 1.0], [0.4246610405199634, -1.0929270071055624e-15, -0.02223031605468151, 1.0], [0.4230069032301715, -1.1169274017675662e-15, -0.0006126823633723077, 1.0], [0.4246610405199634, -1.1409279908875653e-15, 0.02100512648012698, 1.0], [0.4296231020849582, -1.1644716037192546e-15, 0.04221132767527713, 1.0], [0.4378934382295373, -1.1871008750583356e-15, 0.06259396326934752, 1.0], [0.44947169864931885, -1.2083592175324888e-15, 0.08174177591837006, 1.0], [0.4643580584964942, -1.2277892659374148e-15, 0.0992428076696128, 1.0], [0.48185909024773704, -1.2443164453926042e-15, 0.11412916751678814, 1.0], [0.5010069028967593, -1.2571708966957517e-15, 0.12570742793656953, 1.0], [0.5213897136430202, -1.266352814304853e-15, 0.1339777640811488, 1.0], [0.5425957396859798, -1.271861809303918e-15, 0.1389398256461436, 1.0], [0.5642135485294799, -1.273698270608936e-15, 0.14059396293593585, 1.0], [0.5858313573729799, -1.271861809303918e-15, 0.1389398256461436, 1.0], [0.6070373834159395, -1.266352814304853e-15, 0.1339777640811488, 1.0], [0.6274201941622004, -1.2571708966957517e-15, 0.12570742793656953, 1.0], [0.6465678316590316, -1.2443164453926042e-15, 0.11412916751678814, 1.0], [0.6640688634102749, -1.2277892659374148e-15, 0.0992428076696128, 1.0], [0.7020506159824289, -1.1856210497161938e-15, 0.06126105509745905, 1.0], [0.6845753316032313, -1.3031656573430792e-15, 0.1671358253190296, 1.0], [0.652081272320624, -1.4141239726784603e-15, 0.2670781908386459, 1.0], [0.6057962549920228, -1.5171328451772102e-15, 0.35986033479889024, 1.0], [0.5469477461704636, -1.6108294159811942e-15, 0.44425470307063364, 1.0], [0.4767635627133627, -1.693850631774283e-15, 0.5190335663725536, 1.0], [0.3964711711737549, -1.7648334392403476e-15, 0.5829691954233294, 1.0], [0.30729856356124796, -1.822414882292256e-15, 0.6348339485177354, 1.0], [0.21047303127668593, -1.865232004842876e-15, 0.6734001839505459, 1.0], [0.10722256632967643, -1.891921753576079e-15, 0.6974401724404387, 1.0], [-0.001225189574554838, -1.90112126963373e-15, 0.7057263598582835, 1.0], [-0.02422512435555453, -1.9031874830598705e-15, 0.7075874394614909, 1.0], [-0.04598988588712481, -1.909163177246996e-15, 0.7129698662843746, 1.0], [-0.06624028157715081, -1.9187135927566702e-15, 0.7215721158304946, 1.0], [-0.08469694368132752, -1.931504164608452e-15, 0.7330928387556028, 1.0], [-0.10108067960754047, -1.947200327821901e-15, 0.7472306857154498, 1.0], [-0.11511177130710294, -1.965467322958581e-15, 0.7636841322135961, 1.0], [-0.12651120134009103, -1.985970585038051e-15, 0.7821518289057918, 1.0], [-0.1349996019621999, -2.0083755490798704e-15, 0.8023324264477893, 1.0], [-0.14029743027693323, -2.032347552874601e-15, 0.823924487919244, 1.0], [-0.14212549369217695, -2.0575519342128033e-15, 0.8466265763998106, 1.0], [-0.14026432651287446, -2.0827563155510058e-15, 0.8693286648803773, 1.0], [-0.13488189968999095, -2.1067283193457362e-15, 0.8909207263518315, 1.0], [-0.12627965014387071, -2.1291332833875554e-15, 0.9111013238938286, 1.0], [-0.11475901479485795, -2.1496365454670256e-15, 0.9295690205860252, 1.0], [-0.10062108025891542, -2.1679035406037055e-15, 0.9460224670841715, 1.0], [-0.08416763376076938, -2.1835997038171546e-15, 0.9601603140440185, 1.0], [-0.06569993706857302, -2.196390275668937e-15, 0.9716810369691267, 1.0], [-0.04551942710267106, -2.2059406911786106e-15, 0.9802832865152467, 1.0], [-0.023927365631216686, -2.211916385365736e-15, 0.9856657133381304, 1.0], [-0.001225189574554838, -2.2139825987918765e-15, 0.9875267929413374, 1.0], [0.15362038166914413, -2.2005323281919717e-15, 0.9754118662089843, 1.0], [0.30083544772120885, -2.1615525424861816e-15, 0.9403019965330688, 1.0], [0.438596674275547, -2.0990999266588914e-15, 0.8840496810594489, 1.0], [0.5650809021782568, -2.01523136015248e-15, 0.8085075920861748, 1.0], [0.6784651474276279, -1.9120034307223344e-15, 0.7155281391830086, 1.0], [0.7769262508697586, -1.7914729205818364e-15, 0.6069639070719042, 1.0], [0.8586410533507475, -1.6556965147153702e-15, 0.48466739289871974, 1.0], [0.9217863957166926, -1.5067308981073205e-15, 0.3504910938093144, 1.0], [0.9645392939658836, -1.3466330474290638e-15, 0.2062877696778309, 1.0], [0.9850764137922279, -1.177459258748995e-15, 0.05390956734574859, 1.0], [1.0291842893893464, -1.2264290322622131e-15, 0.09801761809505782, 1.0], [1.0378527464635845, -1.2353264578245927e-15, 0.10603170658451555, 1.0], [1.0469254547941584, -1.2432527601598159e-15, 0.11317108503318352, 1.0], [1.0563658075731945, -1.2502159120456796e-15, 0.11944293468088274, 1.0], [1.0661368476884363, -1.256224275175969e-15, 0.12485478707181885, 1.0], [1.0762021434842, -1.2612858223284807e-15, 0.12941382344581287, 1.0], [1.0865245626960394, -1.2654087207390057e-15, 0.13312740019487812, 1.0], [1.097067498516079, -1.2686013321013297e-15, 0.13600304886321846, 1.0], [1.1077945192886363, -1.2708716291932495e-15, 0.13804795069065623, 1.0], [1.1186683175970726, -1.2722277792505555e-15, 0.13926946206920476, 1.0], [1.1296521114813234, -1.2726779495090386e-15, 0.1396749393908765, 1.0], [1.1406362556699556, -1.2722277792505555e-15, 0.13926946206920476, 1.0], [1.1515100539783922, -1.2708716291932495e-15, 0.13804795069065623, 1.0], [1.1622370747509494, -1.2686013321013297e-15, 0.13600304886321846, 1.0], [1.1727798354187986, -1.2654087207390057e-15, 0.13312740019487812, 1.0], [1.1831026049350193, -1.2612858223284807e-15, 0.12941382344581287, 1.0], [1.1931675504264014, -1.256224275175969e-15, 0.12485478707181885, 1.0], [1.2029385905416434, -1.2502159120456796e-15, 0.11944293468088274, 1.0], [1.212378943320679, -1.2432527601598159e-15, 0.11317108503318352, 1.0], [1.221451826803444, -1.2353264578245927e-15, 0.10603170658451555, 1.0], [1.230120108725491, -1.2264290322622131e-15, 0.09801761809505782, 1.0], [1.2450066437248573, -1.2077348129104628e-15, 0.08117936223375288, 1.0], [1.2565849041446389, -1.1870573164674502e-15, 0.06255472917861171, 1.0], [1.264855240289218, -1.1648618809152706e-15, 0.0425628581221873, 1.0], [1.2698173018542127, -1.1416136497780242e-15, 0.021622713104842095, 1.0], [1.2714714391440047, -1.1177775721218164e-15, 