{"arrow_half_circleShape2": {"overrideRGBColors": true, "knots": [0.0, 1.0, 4.0, 7.0, 10.0, 13.0, 16.0, 19.0, 22.0, 25.0, 28.0, 31.0, 32.0, 33.0, 34.0, 35.0, 36.0, 37.0, 38.0, 39.0, 40.0, 41.0, 42.0, 43.0, 44.0, 45.0, 46.0, 47.0, 54.0, 59.0, 63.0, 72.0, 77.0, 83.0, 88.0, 92.0, 97.0, 100.0, 106.0, 111.0, 117.0, 122.0, 127.0, 133.0, 138.0, 143.0, 148.0, 152.0, 153.0, 154.0, 155.0, 156.0, 157.0, 158.0, 159.0, 160.0, 161.0, 162.0, 163.0, 164.0, 165.0, 166.0, 167.0, 168.0, 169.0, 170.0, 171.0, 172.0, 173.0, 174.0, 175.0, 176.0, 177.0, 178.0, 179.0, 180.0, 181.0, 182.0, 183.0, 184.0], "degree": 1, "form": 3, "overrideColorRGB": [0.177204892039299, 0.7068446278572083, 0.6089246869087219], "cvs": [[-0.06471803239134638, 3.354402937057535e-16, 0.9973236711323454, 1.0], [-0.06874499739678364, 3.3612406105242455e-16, 0.9964223084406618, 1.0], [-0.0798143152893514, 3.3547671612248545e-16, 0.9915034167564826, 1.0], [-0.08895008054280679, 3.311036967740483e-16, 0.9837351181029514, 1.0], [-0.09561662209742755, 3.234192021183205e-16, 0.9737253433038351, 1.0], [-0.09927817082339618, 3.1283658423356207e-16, 0.96208124290176, 1.0], [-0.0992506205692536, 2.9974590179198367e-16, 0.9494449995836429, 1.0], [-0.09535403950029947, 2.860127448599129e-16, 0.9376887536268466, 1.0], [-0.08846971175419649, 2.7306796384349904e-16, 0.9278530254902189, 1.0], [-0.07917640122186026, 2.6162137235254124e-16, 0.9203990802938257, 1.0], [-0.06805296070757183, 2.523827839968386e-16, 0.9157881486706296, 1.0], [-0.055677947179624265, 2.4606137711147974e-16, 0.9144809622604976, 1.0], [0.01877787102421785, 2.1775882997016136e-16, 0.9160172354733664, 1.0], [0.09217646825934017, 1.837911147193694e-16, 0.9116703131011322, 1.0], [0.16424243272651273, 1.4445045772590662e-16, 0.9016156906759665, 1.0], [0.23470019473893217, 1.0002929711481253e-16, 0.8860290070696719, 1.0], [0.3032742934623225, 5.082028276936351e-17, 0.8650861479549891, 1.0], [0.3696892082449265, -2.8845707018745198e-18, 0.838962362063152, 1.0], [0.4336694092782607, -6.079240165738839e-17, 0.8078337128936341, 1.0], [0.4949394303368335, -1.2261108960949377e-16, 0.7718755725781381, 1.0], [0.5532238795605732, -1.8804819643315112e-16, 0.7312636489626732, 1.0], [0.608246974948841, -2.5681117812420247e-16, 0.6861736008581998, 1.0], [0.6597335714425071, -3.286078083158451e-16, 0.6367810272582012, 1.0], [0.7074079215280346, -4.0314564888303947e-16, 0.5832614980602726, 1.0], [0.750994633345354, -4.80132261700746e-16, 0.5257907211104224, 1.0], [0.7902181372076618, -5.592752086439252e-16, 0.46454433528045236, 1.0], [0.8248028634281555, -6.402820515875375e-16, 0.39969797944216406, 1.0], [0.8544736324606, -7.228604582856617e-16, 0.3314273415024072, 1.0], [0.8743497519081476, -7.902005305044442e-16, 0.2740794018115619, 1.0], [0.8861445027202174, -8.379830354875986e-16, 0.23249151367163606, 1.0], [0.8943494606363309, -8.761235526739204e-16, 0.198826381300996, 1.0], [0.7775510152400849, -7.426725589219398e-16, 0.14883940330403028, 1.0], [0.7651651698894045, -7.467446698158648e-16, 0.14010119413057914, 1.0], [0.7554080953066094, -7.591292444167883e-16, 0.12435192990786642, 1.0], [0.7532354568696482, -7.737924435249443e-16, 0.10934308169327844, 1.0], [0.7555354402391796, -7.870277568422664e-16, 0.09744852594374115, 1.0], [0.9017329333524002, -1.2977840182949588e-15, -0.20567662091726086, 1.0], [0.9065248699275406, -1.3048346146687852e-15, -0.21293015606390098, 1.0], [0.914120729957171, -1.3179896186747957e-15, -0.22039239073843547, 1.0], [0.9237569452862247, -1.327426200981919e-15, -0.22577145928730097, 1.0], [0.9348998723470225, -1.3344125287308726e-15, -0.2281989200155417, 1.0], [0.944416944245975, -1.3371358455354135e-15, -0.22807535899613102, 1.0], [0.9533939456927898, -1.3401867523323051e-15, -0.2266040530416205, 1.0], [0.9618571398707179, -1.3395814943519327e-15, -0.22273666692583455, 1.0], [0.970609969428424, -1.3356261681256104e-15, -0.21552043272565163, 1.0], [0.9774002478755028, -1.3272217484042756e-15, -0.20476714295222648, 1.0], [0.9806881508028037, -1.3159699744911863e-15, -0.19262149699334735, 1.0], [0.9871415842212783, -1.2748670125114017e-15, -0.15040874618174688, 1.0], [0.9919469091329111, -1.240901732480333e-15, -0.11573097832359897, 1.0], [0.9955284277053756, -1.2063866751269373e-15, -0.08099675127728023, 1.0], [0.9978892124172427, -1.1713536571262954e-15, -0.04623561145185451, 1.0], [0.9990321061896956, -1.1358343363348112e-15, -0.011477040860544074, 1.0], [0.9989600036745727, -1.0998605294275658e-15, 0.023249345113378672, 1.0], [0.9976763330039108, -1.0634640530796406e-15, 0.05791413800926387, 1.0], [0.9951835814454274, -1.026676565147439e-15, 0.09248771786547488, 1.0], [0.9914849820608749, -9.895298293664833e-16, 0.12694065170383734, 1.0], [0.9865834295020915, -9.520556624118546e-16, 0.16124332414107972, 1.0], [0.9804819962476485, -9.14285880958634e-16, 0.19536618876813738, 1.0], [0.9731836858019098, -8.762520899236663e-16, 0.229279877002678, 1.0], [0.9646913928167143, -8.379861059820324e-16, 0.2629547734614298, 1.0], [0.9550082070141848, -7.995197987483728e-16, 0.29636128727864547, 1.0], [0.9441369368284005, -7.608847201999729e-16, 0.329470025354469, 1.0], [0.9320807064685883, -7.221128458305913e-16, 0.3622513079097861, 1.0], [0.8997181981364021, -6.320304683736229e-16, 0.43672749076374306, 1.0], [0.8620042210234751, -5.436685207116463e-16, 0.5074658728153479, 1.0], [0.8192380128905569, -4.57345698991066e-16, 0.5742746274855538, 1.0], [0.7717179568518369, -3.7338080523740495e-16, 0.636961494410911, 1.0], [0.7197431128413312, -2.9209253559706744e-16, 0.6953345780381649, 1.0], [0.663612150652488, -2.1379948033733954e-16, 0.7492019337790139, 1.0], [0.6036237400787549, -1.3882022972550728e-16, 0.7983716170451551, 1.0], [0.540076688861993, -6.747379754533031e-17, 0.8426513275948212, 1.0], [0.47326995347490863, -7.856230585783636e-20, 0.8818494366148562, 1.0], [0.40350212934552765, 6.30465680882689e-17, 0.9157736638026517, 1.0], [0.33107202960692633, 1.2158310924888227e-16, 0.9442322224574793, 1.0], [0.2562783585396563, 1.7521236502957786e-16, 0.9670330790776694, 1.0], [0.17941997831184126, 2.236154275257144e-16, 0.9839840568219258, 1.0], [0.10079577103076603, 2.664736005908875e-16, 0.994893191162785, 1.0], [0.020704283089407527, 3.034683998369295e-16, 0.9995685919382088, 1.0], [-0.060555603404949754, 3.34281129117436e-16, 0.997818294620735, 1.0], [-0.06471803239134638, 3.354402937057535e-16, 0.9973236711323454, 1.0]], "overrideEnabled": true, "useOutlinerColor": false, "outlinerColor": [0.0, 0.0, 0.0]}, "arrow_half_circleShape0": {"overrideRGBColors": true, "knots": [0.0, 1.0, 4.0, 7.0, 10.0, 13.0, 16.0, 19.0, 22.0, 25.0, 28.0, 31.0, 32.0, 33.0, 34.0, 35.0, 36.0, 37.0, 38.0, 39.0, 40.0, 41.0, 42.0, 43.0, 44.0, 45.0, 46.0, 47.0, 54.0, 59.0, 63.0, 72.0, 77.0, 83.0, 88.0, 92.0, 97.0, 100.0, 106.0, 111.0, 117.0, 122.0, 127.0, 133.0, 138.0, 143.0, 148.0, 152.0, 153.0, 154.0, 155.0, 156.0, 157.0, 158.0, 159.0, 160.0, 161.0, 162.0, 163.0, 164.0, 165.0, 166.0, 167.0, 168.0, 169.0, 170.0, 171.0, 172.0, 173.0, 174.0, 175.0, 176.0, 177.0, 178.0, 179.0, 180.0, 181.0, 182.0, 183.0, 184.0], "degree": 1, "form": 3, "overrideColorRGB": [0.177204892039299, 0.7068446278572083, 0.6089246869087219],