{"arrow_half_circleShape": {"overrideRGBColors": true, "knots": [0.0, 1.0, 2.0, 3.0, 4.0, 5.0, 6.0, 7.0, 8.0, 9.0, 10.0, 11.0, 12.0, 13.0, 14.0, 15.0, 16.0, 17.0, 18.0, 19.0, 20.0, 21.0, 22.0, 23.0, 24.0, 25.0, 26.0, 27.0, 28.0, 29.0, 30.0, 31.0, 32.0, 33.0, 34.0, 35.0, 36.0, 37.0, 38.0, 39.0, 40.0, 41.0, 42.0, 43.0, 44.0, 45.0, 46.0, 47.0, 48.0, 49.0, 50.0, 51.0, 52.0, 53.0, 54.0, 55.0, 56.0, 57.0, 58.0, 59.0, 60.0, 61.0, 62.0, 63.0, 64.0, 65.0, 66.0, 67.0, 68.0, 69.0, 70.0, 71.0, 72.0, 73.0, 74.0, 75.0, 76.0, 77.0, 78.0, 79.0, 80.0, 81.0, 82.0, 83.0, 84.0, 85.0, 86.0, 87.0, 88.0, 89.0, 90.0, 91.0, 92.0, 93.0, 94.0, 95.0, 96.0, 97.0, 98.0, 99.0, 100.0, 101.0, 102.0, 103.0, 104.0, 105.0, 106.0, 107.0, 108.0, 109.0, 110.0, 111.0, 112.0, 113.0, 114.0, 115.0, 116.0, 117.0], "degree": 1, "form": 3, "overrideColorRGB": [0.177204892039299, 0.7068446278572083, 0.6089246869087219], "cvs": [[-0.0024447972123843274, -1.3306486868446123e-15, 0.9834919025258663, 1.0], [-0.002444797212384248, -1.3306486868446123e-15, 0.6262488151412611, 1.0], [-0.002369090745508201, -1.3305646357819736e-15, 0.6249475121965871, 1.0], [-0.002147685039329966, -1.330318826069191e-15, 0.6236890583034895, 1.0], [-0.0017891506586662769, -1.3299207729446584e-15, 0.6224820485519604, 1.0], [-0.0013020580757576996, -1.3293799915439893e-15, 0.6213350148328003, 1.0], [-0.0006949780020020491, -1.3287059972683145e-15, 0.6202565522360013, 1.0], [2.351928322905222e-05, -1.3279083050391202e-15, 0.6192552242519592, 1.0], [0.0008448628833843412, -1.3269964304630995e-15, 0.618339625970666, 1.0], [0.0017604828893993136, -1.325979888050614e-15, 0.6175182892829224, 1.0], [0.0027618079109793265, -1.3248681939565227e-15, 0.6167997776791245, 1.0], [0.0038402680390600985, -1.3236708626911873e-15, 0.6161926862492642, 1.0], [0.004987292377090032, -1.322397409861301e-15, 0.615705610083333, 1.0], [0.006194310028518087, -1.3210573510735566e-15, 0.615347081072132, 1.0], [0.007452752071767296, -1.319660199741985e-15, 0.6151256627060571, 1.0], [0.008754046129055145, -1.318215473117776e-15, 0.6150499500751, 1.0], [0.07752020711863247, -1.241869697872067e-15, 0.6112450427739606, 1.0], [0.14300630836456726, -1.1691655204758962e-15, 0.6000376458169989, 1.0], [0.20493194098080134, -1.1004142573308746e-15, 0.5817386992245054, 1.0], [0.26301676915534256, -1.0359271437101031e-15, 0.5566592694151532, 1.0], [0.3169803780772086, -9.760155025931797e-16, 0.5251102648096372, 1.0], [0.36654238453501387, -9.209906218771039e-16, 0.4874027202270352, 1.0], [0.4114224685165625, -8.711637192936776e-16, 0.4438476704864246, 1.0], [0.4513401836112779, -8.2684615290509725e-16, 0.3947559924089049, 1.0], [0.48601514660777395, -7.883492106083623e-16, 0.340438752413149, 1.0], [0.5151670374938552, -7.559841101352746e-16, 0.281206890519448, 1.0], [0.5385154414585402, -7.300621744654321e-16, 0.2173714731464747, 1.0], [0.555780006890038, -7.108946564132357e-16, 0.1492433771153287, 1.0], [0.5666802873777714, -6.987929140408815e-16, 0.07713366884468305, 1.0], [0.5709359945091415, -6.940681299975734e-16, 0.0013533515540197375, 1.0], [0.24504963411600578, -1.0558746707173241e-15, 0.001353351554019665, 1.0], [0.24374834697112946, -1.0573193896672146e-15, 0.0012776389230626504, 1.0], [0.24248990887782962, -1.0587165366134614e-15, 0.0010562521565832244, 1.0], [0.24128288332650283, -1.0600566041718553e-15, 0.0006977231453820767, 1.0], [0.2401358654071406, -1.061330049875589e-15, 0.00021058378025984095, 1.0], [0.2390574028103416, -1.0625273838817522e-15, -0.0003964444504093747, 1.0], [0.23805607482629942, -1.0636390812648373e-15, -0.0011149560542072527, 1.0], [0.23714046074520856, -1.0646556170993354e-15, -0.001936292741950954, 1.0], [0.236319108257667, -1.0655675015423372e-15, -0.0028519226228395675, 1.0], [0.23560061245366692, -1.0663651921270345e-15, -0.0038532506068816893, 1.0], [0.23499353682360447, -1.067039181469219e-15, -0.0049317448032763535, 1.0], [0.23450644485787553, -1.067579962184681e-15, -0.0060787469228407755, 1.0], [0.2341479000468767, -1.0679780268892118e-15, -0.00728578827396548, 1.0], [0.23392649748059946, -1.0682238331160039e-15, -0.008544210567467406, 1.0], [0.23385080064944042, -1.068307873480848e-15, -0.009845481912546031, 1.0], [0.23385080064944044, -1.068307873480848e-15, -0.07143916077744333, 1.0], [0.23391772859283202, -1.0682335685371034e-15, -0.07263577426203394, 1.0], [0.23411198710652495, -1.0680178982624723e-15, -0.07381279599737844, 1.0], [0.23442379611569367, -1.0676717207212077e-15, -0.07495063423423115, 1.0], [0.23484334394591724, -1.067205929060162e-15, -0.0760296972233458, 1.0], [0.23536085052237057, -1.0666313813435884e-15, -0.07703039321547661, 1.0], [0.2362993111110501, -1.0655894807903332e-15, -0.07834165003275156, 1.0], [0.7708353520050321, -4.721352606978605e-16, -0.6784164528986655, 1.0], [0.7718295384804778, -4.710314919820494e-16, -0.6793387818938122, 1.0], [0.7728922328790934, -4.698516641925662e-16, -0.6801730112165437, 1.0], [0.7740235615992613, -4.685956369990163e-16, -0.680899422719231, 1.0], [0.7752234614417898, -4.67263480566597e-16, -0.6814985510510106, 1.0], [0.7764918692074879, -4.658552650605054e-16, -0.6819508044626369, 1.0], [0.7778289112947382, -4.643708501503473e-16, -0.6822364648064813, 1.0], [0.7792344613051584, -4.628103761665169e-16, -0.6823360667316801, 1.0], [0.7806400113155784, -4.612499021826864e-16, -0.6822657892311591, 1.0], [0.7819770534028286, -4.597654872725282e-16, -0.6820487632088669, 1.0], [0.783245461168527, -4.583572717664367e-16, -0.6816748767942243, 1.0], [0.7844453610110552, -4.570251153340174e-16, -0.6811345237101826, 1.0], [0.7855766897312232, -4.557690881404676e-16, -0.6804178448829271, 1.0], [0.786639384129839, -4.545892603509842e-16, -0.6795151076370259, 1.0], [0.7876335706052847, -4.534854916351732e-16, -0.6784164528986655, 1.0], [1.3201385790943712, 1.3771382951762514e-16, -0.07927826204509057, 1.0], [1.320822647139011, 1.3847329761119444e-16, -0.07831674955145172, 1.0], [1.3214282217882847, 1.391456205299473e-16, -0.07734550438238084, 1.0], [1.3221684107146352, 1.3996739531855442e-16, -0.07584869473998938, 1.0], [1.3226771642031188, 1.4053222515532753e-16, -0.0742747820844362, 1.0], [1.3228713121182274, 1.4074777264086386e-16, -0.0731662682722614, 1.0], [1.3229383032608104, 1.4082214774980542e-16, -0.07199910561073096, 1.0], [1.3229383032608104, 1.4082214774980542e-16, -0.010405426745833652, 1.0], [1.3228625906298537, 1.40738089843662e-16, -0.009104155400755027, 1.0], [1.322641140664183, 1.404922309929722e-16, -0.007845733107253101, 1.0], [1.3222826748521728, 1.400942539949377e-16, -0.00663869175612834, 1.0], [1.3217955354870505, 1.3955342065557777e-16, -0.005491689636563974, 1.0], [1.3211884440571904, 1.3887941377209418e-16, -0.004413195440169255, 1.0], [1.3204699956525836, 1.3808177581129453e-16, -0.0034118674561271333, 1.0], [1.3196486589648395, 1.3716990890959217e-16, -0.00249623757523852, 1.0], [1.3187330290839512, 1.361533555337947e-16, -0.0016749008874948194, 1.0], [1.317731701099909, 1.3504165815070973e-16, -0.0009563892836969972, 1.0], [1.3166532701027056, 1.3384435922714486e-16, -0.00034936105302772654, 1.0], [1.3155062047839499, 1.3257086089951348e-16, 0.00013777831209450876, 1.0], [1.3142992266320168, 1.3123084596501735e-16, 0.000496307323295656, 1.0], [1.3130408043385144, 1.2983371656006987e-16, 0.0007176940897750257, 1.0], [1.3117394065950538, 1.2838887482108443e-16, 0.0007934067207320398, 1.0], [0.9987317615677407, -2.1911941957193642e-16, 0.0007934067207319703, 1.0], [0.9910811834871924, -2.276132675086538e-16, 0.11667120920524024, 1.0], [0.9707804025160991, -2.5015166196063364e-16, 0.22863110423489405, 1.0], [0.9385665740196382, -2.8591619606873033e-16, 0.33592614056989284, 1.0], [0.8951767901637958, -3.3408853313899537e-16, 0.437809493368819, 1.0], [0.8413480167161757, -3.9385047680787454e-16, 0.533534306190659, 1.0], [0.7778174722411461, -4.64383550051025e-16, 0.622353690994804, 1.0], [0.7053221225063105, -5.448695565048926e-16, 