{"rotate_2_roundShape": {"overrideRGBColors": false, "knots": [0.0, 1.0, 4.0, 7.0, 10.0, 13.0, 16.0, 19.0, 22.0, 25.0, 28.0, 30.0, 31.0, 32.0, 33.0, 34.0, 35.0, 36.0, 37.0, 38.0, 39.0, 40.0, 41.0, 42.0, 43.0, 44.0, 45.0, 46.0, 47.0, 48.0, 49.0, 50.0, 51.0, 52.0, 53.0, 54.0, 55.0, 56.0, 57.0, 58.0, 59.0, 60.0, 61.0, 62.0, 64.0, 66.0, 68.0, 70.0, 72.0, 74.0, 76.0, 79.0, 82.0, 85.0, 88.0, 91.0, 92.0, 93.0, 94.0, 95.0, 96.0, 97.0, 98.0, 99.0, 100.0, 101.0, 102.0, 103.0, 104.0, 105.0, 106.0, 107.0, 108.0, 109.0, 110.0, 111.0, 112.0, 113.0, 114.0, 115.0, 116.0, 117.0, 118.0, 119.0, 120.0, 121.0, 122.0, 125.0, 128.0, 131.0, 134.0, 137.0, 140.0, 143.0, 146.0, 149.0, 152.0, 153.0, 156.0, 159.0, 162.0, 165.0, 168.0, 169.0], "degree": 1, "form": 3, "overrideColorRGB": [0.0, 0.0, 0.0], "cvs": [[1.2762652070686418, 1.9142171690382818e-16, 0.0026905770801392143, 1.0], [1.2842202252264774, 2.0476492104280677e-16, 0.012090175401128642, 1.0], [1.3011800755212732, 2.44299336822954e-16, 0.043405151437966236, 1.0], [1.3078473276233145, 2.8120286826892934e-16, 0.0774400764607307, 1.0], [1.304303706345402, 3.130464366462443e-16, 0.11168179689954318, 1.0], [1.2906319582667516, 3.3740138673688403e-16, 0.14361705426907298, 1.0], [1.266531483191159, 3.5125524586393855e-16, 0.17033981686124924, 1.0], [1.2352165071543217, 3.5179035892836646e-16, 0.18729966715604543, 1.0], [1.2011815821315575, 3.4080264753658367e-16, 0.19396691925808576, 1.0], [1.1669398616927449, 3.19667904953168e-16, 0.1904232979801742, 1.0], [1.1350046043232151, 2.897629832338813e-16, 0.17675154990152347, 1.0], [1.1162368156111144, 2.6563334390721123e-16, 0.16205058868138367, 1.0], [0.9983823329770983, 8.516418652785478e-17, 0.04029856535012771, 1.0], [0.9928099692620431, 1.4965981623063897e-16, 0.10881010731286278, 1.0], [0.9826083825331368, 2.1111364474071456e-16, 0.17665490272008233, 1.0], [0.9678493097434744, 2.693170901948202e-16, 0.24358322371878813, 1.0], [0.9486045321239084, 3.2406167660881287e-16, 0.3093454269215197, 1.0], [0.9249464705317975, 3.7513924563590487e-16, 0.37369185667086535, 1.0], [0.8969467815446825, 4.2234142717107164e-16, 0.43637304260042437, 1.0], [0.8646773710467309, 4.654596393510518e-16, 0.4971391683016776, 1.0], [0.828210064546557, 5.042855120708208e-16, 0.5557406748527012, 1.0], [0.7876169450393707, 5.386108869835909e-16, 0.6119280837071274, 1.0], [0.7429698298538188, 5.682269704678639e-16, 0.6654514095253617, 1.0], [0.6943408060750945, 5.929258159350888e-16, 0.7160613869698709, 1.0], [0.6418016065663084, 6.124986297637676e-16, 0.7635080749788218, 1.0], [0.5854242298571318, 6.267372536071123e-16, 0.8075420392836055, 1.0], [0.5252806703872543, 6.354333173600986e-16, 0.8479136324067784, 1.0], [0.4614426651097693, 6.38378239159465e-16, 0.8843731264953424, 1.0], [0.387273512667318, 6.346716229822802e-16, 0.9194838728254945, 1.0], [0.3116636048782317, 6.237478625780151e-16, 0.9480102231097958, 1.0], [0.2349679599211215, 6.059004548628934e-16, 0.9700645519763538, 1.0], [0.15754152786899525, 5.814237437860859e-16, 0.9857601311663738, 1.0], [0.07973911164663842, 5.506110145055794e-16, 0.9952092327935289, 1.0], [0.001915745792596138, 5.137566109705448e-16, 0.9985250843212641, 1.0], [-0.07557371635561155, 4.711542418554425e-16, 0.9958203621420424, 1.0], [-0.15237437922769564, 4.230976158347329e-16, 0.987207720509444, 1.0], [-0.2281314317189038, 3.6988044158287655e-16, 0.9727998579548129, 1.0], [-0.30248971259238544, 3.1179706304904423e-16, 0.9527099355249525, 1.0], [-0.3750944992989092, 2.4914097714945956e-16, 0.9270504828201327, 1.0], [-0.44559087310680956, 1.822059984377014e-16, 0.8959342496289102, 1.0], [-0.5136238478452861, 1.1128615322558537e-16, 0.8594741657403606, 1.0], [-0.5788385258990572, 3.6675256066690323e-17, 0.8177829920124815, 1.0], [-0.6408800539306025, -4.1332984364523314e-17, 0.7709734048377362, 1.0], [-0.6523551400329248, -5.796638210799282e-17, 0.7600730198261763, 1.0], [-0.6696436776003957, -9.131110462607924e-17, 0.7352251090272289, 1.0], [-0.6795193031902361, -1.2354039063175015e-16, 0.707625639655626, 1.0], [-0.6821451559688692, -1.5319109658774215e-16, 0.6788481115584072, 1.0], [-0.6776843076635828, -1.7879986719855504e-16, 0.6504662045831268, 1.0], [-0.6662998109302709, -1.98903453047807e-16, 0.6240534809034811, 1.0], [-0.6481548682845094, -2.1203871059823466e-16, 0.6011834735748309, 1.0], [-0.6234124881044332, -2.167422845543378e-16, 0.5834298292364087, 1.0], [-0.5984542788607091, -2.133150833706285e-16, 0.5738318405920663, 1.0], [-0.5727266741170213, -2.0349214816043877e-16, 0.5703348284831407, 1.0], [-0.5472924928511244, -1.8796169319341277e-16, 0.5727960375078739, 1.0], [-0.5232144866016357, -1.6741172098095778e-16, 0.5810728922650249, 1.0], [-0.5015555417854471, -1.4253065755095475e-16, 0.5950224573523196, 1.0], [-0.4528072477767566, -8.110583991932261e-17, 0.6319355758543792, 1.0], [-0.4017302482285995, -2.2460666783223875e-17, 0.6648011322220522, 1.0], [-0.3485833744285437, 3.3189080214028437e-17, 0.6935353641002208, 1.0], [-0.29362558845244635, 8.562740767088448e-17, 0.7180543623415728, 1.0], [-0.23711571954288319, 1.3463863982314962e-16, 0.7382744711954081, 1.0], [-0.1793128162862412, 1.800066773901556e-16, 0.7541117191877579, 1.0], [-0.12047579648061589, 2.21515632849471e-16, 0.7654822816368492, 1.0], [-0.06086344713581589, 2.5894983043690117e-16, 0.7723024806530989, 1.0], [-0.0007347746054579465, 2.920931708717779e-16, 0.7744883226236611, 1.0], [0.059651305357352975, 3.207298725107881e-16, 0.7719560894711768, 1.0], [0.12003591923227978, 3.4464415371061874e-16, 0.7646220409794097, 1.0], [0.18016001638794552, 3.636198093114832e-16, 0.7524020990699736, 1.0], [0.23976468107124457, 3.7744105767006843e-16, 0.7352125456655109, 1.0], [0.2985912550156673, 3.858923289012982e-16, 0.7129697430642185, 1.0], [0.35638047233600967, 3.8875720608714907e-16, 0.6855895106732764, 1.0], [0.40660910524155214, 3.8637916108773263e-16, 0.6568406983147955, 1.0], [0.4539140734682716, 3.7935810498794173e-16, 0.6249026764635384, 1.0], [0.4982275249306923, 3.6786323261899043e-16, 0.5899830808524611, 1.0], [0.5394815312577697, 3.520641623285664e-16, 0.5522900179099534, 1.0], [0.5776083289195487, 3.321303007061205e-16, 0.5120312923000464, 1.0], [0.6125398124339431, 3.082308425828668e-16, 0.4694146725889786, 1.0], [0.6442082223609813, 2.8053540630649295e-16, 0.4246481766496172, 1.0], [0.672545710705172, 2.492133984664498e-16, 0.37793965342375474, 1.0], [0.6974842564499659, 2.1443401389395142e-16, 0.32949682719986934, 1.0], [0.718956188710912, 1.7636708269492228e-16, 0.2795278847819025, 1.0], [0.7368933979159408, 1.3518158794233962e-16, 0.22824038152725828, 1.0], [0.7512279556940066, 9.104714798389112e-17, 0.17584242386432394, 1.0], [0.7618921829806923, 4.4133169409027624e-17, 0.12254177217937111, 1.0], [0.7688180185716711, -5.391047071918401e-18, 0.068546279504176, 1.0], [0.771937703026973, -5.735588311125929e-17, 0.014063963711605277, 1.0], [0.6268346781314348, 5.892702334929761e-18, 0.15445079457525884, 1.0], [0.5969846529995256, 1.0574782829996313e-17, 0.17486006406234622, 1.0], [0.5635771646906037, 3.2750528905587523e-18, 0.18494899217514768, 1.0], [0.5291252060234398, -1.4630270702331496e-17, 0.18479981869965473, 1.0], [0.49614185837232433, -4.1764759409386194e-17, 0.17449495235293236, 1.0], [0.46714032776486303, -7.675209057043551e-17, 0.15411662883098937, 1.0], [0.4467310582777757, -1.1662404898006356e-16, 0.12426660369908002, 1.0], [0.43664213016497444, -1.5467435715750284e-16, 0.09085911539015833, 1.0], [0.43679130364046737, -1.8847435988473844e-16, 0.05640715672299391, 1.0], [0.44709616998718976, -2.1559540194375547e-16, 0.02342380907187889, 1.0], [0.4674745377868931, -2.3360851047918383e-16, -0.005577637070046061, 1.0], [0.7939716064628533, -3.7950188883073815e-16, -0.3251009081697177, 1.0], [0.8248488292964511, -3.840827488886078e-16, -0.3459457072882961, 1.0], [0.8589806866881932, -3.76479463516698e-16, -0.3561056493046974, 1.0], [0.8939509833248525, 