{"rotate_circle_smallShape1": {"overrideRGBColors": false, "knots": [0.0, 1.0, 2.0, 3.0, 4.0, 5.0, 6.0, 7.0, 8.0, 9.0, 10.0, 11.0, 12.0, 13.0, 14.0, 15.0, 16.0, 17.0, 18.0, 19.0, 20.0, 21.0, 22.0, 23.0, 24.0, 25.0, 26.0, 27.0, 28.0, 29.0, 30.0, 31.0, 32.0, 33.0, 34.0, 35.0, 36.0, 37.0, 38.0, 39.0, 40.0, 41.0, 42.0, 43.0, 44.0, 45.0, 46.0, 47.0, 48.0, 49.0, 50.0, 51.0, 52.0, 53.0, 54.0, 55.0, 56.0, 57.0, 58.0, 59.0, 60.0, 61.0, 62.0, 63.0, 64.0, 65.0, 66.0, 67.0, 68.0, 69.0, 70.0, 71.0, 72.0, 73.0, 74.0, 75.0, 76.0, 77.0, 78.0, 79.0, 80.0, 81.0, 82.0, 83.0, 84.0, 85.0, 86.0, 87.0, 88.0, 89.0, 90.0, 91.0, 92.0, 93.0, 94.0, 95.0, 96.0, 97.0, 98.0, 99.0, 100.0, 101.0, 102.0, 103.0, 104.0], "degree": 1, "form": 3, "overrideColorRGB": [0.0, 0.0, 0.0], "cvs": [[0.6689003751867615, -0.0002594260808051221, -0.2708484000356024, 1.0], [0.6565399962839508, -0.0002594260808051104, -0.28136224949073796, 1.0], [0.6430166761781123, -0.0002594260808051013, -0.28953957799674246, 1.0], [0.6286209955400163, -0.00025942608080509487, -0.2953805092576034, 1.0], [0.6136439061524013, -0.00025942608080509096, -0.2988851669773118, 1.0], [0.5983759886860374, -0.00025942608080508966, -0.3000533037478883, 1.0], [0.5831080712196737, -0.00025942608080509096, -0.2988851669773118, 1.0], [0.5681309818320585, -0.00025942608080509487, -0.2953805092576034, 1.0], [0.5537353011939626, -0.0002594260808051013, -0.28953957799674246, 1.0], [0.5402119810881242, -0.0002594260808051104, -0.28136224949073796, 1.0], [0.5278516021853136, -0.0002594260808051221, -0.2708484000356024, 1.0], [0.32796018150087525, -0.000259426080805344, -0.07095710305515368, 1.0], [0.3174464557497288, -0.00025942608080535773, -0.05859672415234263, 1.0], [0.309269127243725, -0.00025942608080537275, -0.04507328034251534, 1.0], [0.30342807227887425, -0.00025942608080538874, -0.03067772340840813, 1.0], [0.2999235382631552, -0.0002594260808054054, -0.015700510316804195, 1.0], [0.2987552777885895, -0.0002594260808054223, -0.0004327165544291134, 1.0], [0.2999235382631552, -0.00025942608080543926, 0.014835200911934354, 1.0], [0.30342807227887425, -0.0002594260808054559, 0.029812414003538734, 1.0], [0.309269127243725, -0.0002594260808054719, 0.04420797093764506, 1.0], [0.3174464557497288, -0.0002594260808054869, 0.05773141474747323, 1.0], [0.32796018150087525, -0.00025942608080550063, 0.07009179365028384, 1.0], [0.3403205604036859, -0.0002594260808055123, 0.08060551940143013, 1.0], [0.35384400421351375, -0.00025942608080552134, 0.08878284790743374, 1.0], [0.3682396848516095, -0.00025942608080552784, 0.09462390287228484, 1.0], [0.3832167742392245, -0.00025942608080553175, 0.09812843688800355, 1.0], [0.3984846917055885, -0.00025942608080553305, 0.09929669736256974, 1.0], [0.4137526091719524, -0.00025942608080553175, 0.09812843688800355, 1.0], [0.4287296985595674, -0.00025942608080552784, 0.09462390287228484, 1.0], [0.44312537919766315, -0.00025942608080552134, 0.08878284790743374, 1.0], [0.4566486993035016, -0.0002594260808055123, 0.08060551940143013, 1.0], [0.46900907820631255, -0.00025942608080550063, 0.07009179365028384, 1.0], [0.49583428827721515, -0.0002594260808054708, 0.04326658357938129, 1.0], [0.48349209386082526, -0.00025942608080555386, 0.11804230507898339, 1.0], [0.4605426534774093, -0.0002594260808056322, 0.1886281724623693, 1.0], [0.4278531320916751, -0.00025942608080570495, 0.2541570207648305, 1.0], [0.38629044726035294, -0.00025942608080577114, 0.3137618705776428, 1.0], [0.3367217639481513, -0.0002594260808058298, 0.36657561878809153, 1.0], [0.28001399971179985, -0.0002594260808058799, 0.41173116228346407, 1.0], [0.2170344432199964, -0.0002594260808059206, 0.4483614598030403, 1.0], [0.1486498883254816, -0.0002594260808059508, 0.4755994700861019, 1.0], [0.07572762369695325, -0.00025942608080596966, 0.49257809001993413, 1.0], [-0.000865309404869558, -0.00025942608080597616, 0.4984303401958128, 1.0], [-0.01710937505047933, -0.0002594260808059776, 0.4997447569336888, 1.0], [-0.03248108016383196, -0.00025942608080598185, 0.5035461805236303, 1.0], [-0.046783240586047624, -0.0002594260808059886, 0.5096216545481274, 1.0], [-0.05981854845425773, -0.00025942608080599763, 0.5177583462936597, 1.0], [-0.07138981960958274, -0.0002594260808060087, 0.5277434230467062, 1.0], [-0.08129949878117544, -0.0002594260808060216, 0.5393639283897564, 1.0], [-0.0893505255141454, -0.0002594260808060361, 0.5524070296092893, 1.0], [-0.09534559194562414, -0.0002594260808060519, 0.5666598939917855, 1.0], [-0.0990872665087534, -0.00025942608080606886, 0.5819096269717283, 1.0], [-0.10037836504465392, -0.00025942608080608664, 0.5979433339836027, 1.0], [-0.09906388645478334, -0.0002594260808061044, 0.613977040995477, 1.0], [-0.09526246286484173, -0.0002594260808061214, 0.6292267739754196, 1.0], [-0.08918698884034452, -0.0002594260808061372, 0.6434796383579153, 1.0], [-0.08105035894680697, -0.0002594260808061517, 0.6565227395774489, 1.0], [-0.07106522034176603, -0.0002594260808061646, 0.6681432449204991, 1.0], [-0.059444714998715856, -0.00025942608080617565, 0.6781283216735454, 1.0], [-0.04640161377918235, -0.0002594260808061847, 0.6862650134190778, 1.0], [-0.032148811248681214, -0.00025942608080619143, 0.6923404874435748, 1.0], [-0.016899078268738335, -0.00025942608080619566, 0.6961419110335163, 1.0], [-0.000865309404869558, -0.0002594260808061971, 0.6974563277713923, 1.0], [0.1084968104517704, -0.00025942608080618763, 0.6888999702422975, 1.0], [0.21246976601632425, -0.0002594260808061601, 0.6641030726312869, 1.0], [0.30976579876060156, -0.00025942608080611597, 0.6243739901807621, 1.0], [0.399097273860401, -0.00025942608080605677, 0.571021201837115, 1.0], [0.47917668019551085, -0.00025942608080598386, 0.5053530009907532, 1.0], [0.5487163829417301, -0.00025942608080589875, 0.42867780473607286, 1.0], [0.6064287472748573, -0.00025942608080580285, 0.3423039683154765, 1.0], [0.6510261383706911, -0.00025942608080569763, 0.24753984697136655, 1.0], [0.68122104510902, -0.00025942608080558455, 0.14569398150212765, 1.0], [0.6957257089616534, -0.00025942608080546507, 0.038074479742185474, 1.0], [0.7268775897608929, -0.00025942608080549965, 0.069226484245414, 1.0], [0.7329998238933304, -0.00025942608080550594, 0.07488656027397855, 1.0], [0.7394075668329784, -0.0002594260808055115, 0.0799288585801814, 1.0], [0.7460749644460819, -0.00025942608080551646, 0.08435845102758188, 1.0], [0.7529759151909073, -0.0002594260808055207, 0.08818065688771926, 1.0], [0.7600846886376883, -0.00025942608080552427, 0.09140054802415243, 1.0], [0.7673750595407025, -0.0002594260808055272, 0.09402332000443048, 1.0], [0.7748211737661937, -0.0002594260808055294, 0.09605429210009131, 1.0], [0.7823973008843971, -0.00025942608080553104, 0.09749853617469473, 1.0], [0.7900770919455996, -0.000259426080805532, 0.09836124779578981, 1.0], [0.7978345691120571, -0.00025942608080553234, 0.09864762253092563, 1.0], [0.805592293686493, -0.000259426080805532, 0.09836124779578981, 1.0], [0.8132720847476955, -0.00025942608080553104, 0.09749853617469473, 1.0], [0.8208482118658988, -0.0002594260808055294, 0.09605429210009131, 1.0], [0.828294202387401, -0.0002594260808055272, 0.09402332000443048, 1.0], [0.8355848206983937, -0.00025942608080552427, 0.09140054802415243, 1.0], [0.8426933467371962, -0.0002594260808055207, 0.08818065688771926, 1.0], [0.8495942974820216, -0.00025942608080551646, 0.08435845102758188, 1.0], [0.856261695095125, -0.0002594260808055115, 0.0799288585801814, 1.0], [0.8626695617387623, -0.00025942608080550594, 0.07488656027397855, 1.0], [0.8687916721672103, -0.00025942608080549965, 0.069226484245414, 1.0], [0.8793055216223462, -0.0002594260808054864, 0.05733420123796096, 1.0], [0.8874828501283499, -0.00025942608080547184, 0.04418026124405117, 1.0], [0.8933239050932007, -0.0002594260808054562, 0.03006068790998251, 1.0], [0.8968284391089197, -0.00025942608080543975, 0.015271381178063148, 1.0], [0.8979966995834855, -0.0002594260808054229, 0.00010811728661241915, 1.0], [0.8968284391089197, 