{"rotate_2_fatShape1": {"overrideRGBColors": false, "knots": [0.0, 1.0, 2.0, 3.0, 4.0, 5.0, 6.0, 7.0, 8.0, 9.0, 10.0, 11.0, 12.0, 13.0, 14.0, 15.0, 19.0, 24.0, 30.0, 31.0, 34.0, 37.0, 40.0, 43.0, 46.0, 47.0, 48.0, 49.0, 50.0, 51.0, 52.0, 53.0, 54.0, 55.0, 56.0, 57.0, 58.0, 59.0, 60.0, 61.0, 62.0, 63.0, 64.0, 65.0], "degree": 1, "form": 3, "overrideColorRGB": [0.0, 0.0, 0.0], "cvs": [[-0.5741133708119702, -5.189726398597367e-16, -0.042408462641362554, 1.0], [-0.5665970820546459, -5.847773589825024e-16, -0.10168008434546394, 1.0], [-0.5533846873402904, -6.482071036002855e-16, -0.15881251919043482, 1.0], [-0.5347664851308179, -7.089412717425502e-16, -0.21351699459326667, 1.0], [-0.5110325831532788, -7.666593143783199e-16, -0.2655047856546684, 1.0], [-0.4824732798695873, -8.210405765974997e-16, -0.3144870721079154, 1.0], [-0.4493786830067944, -8.717643505504354e-16, -0.3601749860025687, 1.0], [-0.41203928176167726, -9.185100342665913e-16, -0.4022797547556203, 1.0], [-0.37074537459614987, -9.609570787149908e-16, -0.44051265346777857, 1.0], [-0.32578687850239996, -9.987847231064206e-16, -0.4745847665048881, 1.0], [-0.2774542826772045, -1.0316724184099041e-15, -0.5042073689676565, 1.0], [-0.22603779021504644, -1.0592995626549056e-15, -0.5290916882730765, 1.0], [-0.17182769957783928, -1.0813454479917709e-15, -0.5489488564707083, 1.0], [-0.11511421386006593, -1.0974894724499642e-15, -0.5634901009775444, 1.0], [-0.05618753615620842, -1.1074110340589499e-15, -0.5724266492105765, 1.0], [0.004662130439250595, -1.1107894779086329e-15, -0.5754696809030815, 1.0], [0.06783685501810804, -1.107115896016391e-15, -0.5721608124948783, 1.0], [0.1472515087961842, -1.0921920754582766e-15, -0.5587186299539848, 1.0], [0.2364988308787036, -1.0591301031258956e-15, -0.5289390526987354, 1.0], [0.5450702648996999, -1.4017132139176078e-15, -0.8375104867197316, 1.0], [0.44890045937296646, -1.4632766670199038e-15, -0.89296191560996, 1.0], [0.3460302334665944, -1.5133554253835054e-15, -0.9380688511110584, 1.0], [0.2372041684031178, -1.5506879227689834e-15, -0.9716949753738682, 1.0], [0.12316655930277592, -1.5740125755661158e-15, -0.9927039549030106, 1.0], [0.00466213043925065, -1.582067810090848e-15, -0.999959465143804, 1.0], [-0.10198717299702881, -1.5758880219030323e-15, -0.9943932067878287, 1.0], [-0.20539722625020246, -1.5577643486846173e-15, -0.9780688531972213, 1.0], [-0.3050065058827709, -1.5283203270395615e-15, -0.9515480362154287, 1.0], [-0.4002532023549388, -1.4881794952261843e-15, -0.9153923891760152, 1.0], [-0.4905760783315014, -1.4379653902620344e-15, -0.8701635442949573, 1.0], [-0.5754130381703687, -1.378301554127744e-15, -0.8164231382585805, 1.0], [-0.6542027491689039, -1.3098115155690555e-15, -0.7547327958322807, 1.0], [-0.7263833064198802, -1.2331188231840462e-15, -0.6856541596628469, 1.0], [-0.7913933772206614, -1.1488470123359034e-15, -0.6097488604761407, 1.0], [-0.8486712473988842, -1.0576195786831451e-15, -0.527578493235235, 1.0], [-0.8976552027821849, -9.600601237634077e-16, -0.43970474827063555, 1.0], [-0.9377835291982006, -8.567921961747684e-16, -0.34668926822913093, 1.0], [-0.9684948939442941, -7.484392651059654e-16, -0.24909362423193926, 1.0], [-0.9892273921132395, -6.356248526852965e-16, -0.14747943508398942, 1.0], [-0.9994195002675366, -5.189726398597367e-16, -0.042408462641362554, 1.0], [-1.2075827616811108, -5.189726398597367e-16, -0.042408462641362554, 1.0], [-0.752072622215779, 2.52292574987956e-16, 0.6522854841970167, 1.0], [-0.3039093035817456, -5.189726398597367e-16, -0.042408462641362554, 1.0], [-0.5741133708119702, -5.189726398597367e-16, -0.042408462641362554, 1.0]], "overrideEnabled": false, "useOutlinerColor": false, "outlinerColor": [0.0, 0.0, 0.0]}, "rotate_2_fatShape": {"overrideRGBColors": false, "knots": [0.0, 1.0, 2.0, 3.0, 4.0, 5.0, 6.0, 7.0, 8.0, 9.0, 10.0, 11.0, 12.0, 13.0, 14.0, 15.0, 19.0, 24.0, 30.0, 31.0, 34.0, 37.0, 40.0, 43.0, 46.0, 47.0, 48.0, 49.0, 50.0, 51.0, 52.0, 53.0, 54.0, 55.0, 56.0, 57.0, 58.0, 59.0, 60.0, 61.0, 62.0, 63.0, 64.0, 65.0], "degree": 1, "form": 3, "overrideColorRGB": [0.0, 0.0, 0.0], "cvs": [[0.5741133708119703, -5.189726398597367e-16, 0.042408462641362554, 1.0], [0.566597082054646, -5.847773589825024e-16, 0.10168008434546394, 1.0], [0.5533846873402906, -6.482071036002855e-16, 0.15881251919043482, 1.0], [0.534766485130818, -7.089412717425502e-16, 0.21351699459326667, 1.0], [0.5110325831532789, -7.666593143783199e-16, 0.2655047856546682, 1.0], [0.4824732798695874, -8.210405765974997e-16, 0.3144870721079154, 1.0], [0.44937868300679445, -8.717643505504354e-16, 0.3601749860025687, 1.0], [0.4120392817616773, -9.185100342665913e-16, 0.4022797547556203, 1.0], [0.3707453745961499, -9.609570787149908e-16, 0.44051265346777857, 1.0], [0.3257868785024, -9.987847231064206e-16, 0.4745847665048879, 1.0], [0.27745428267720457, -1.0316724184099041e-15, 0.5042073689676565, 1.0], [0.2260377902150465, -1.0592995626549056e-15, 0.5290916882730765, 1.0], [0.17182769957783933, -1.0813454479917709e-15, 0.5489488564707083, 1.0], [0.11511421386006598, -1.0974894724499642e-15, 0.5634901009775442, 1.0], [0.05618753615620847, -1.1074110340589499e-15, 0.5724266492105765, 1.0], [-0.004662130439250511, -1.1107894779086329e-15, 0.5754696809030813, 1.0], [-0.06783685501810793, -1.107115896016391e-15, 0.5721608124948783, 1.0], [-0.14725150879618415, -1.0921920754582766e-15, 0.5587186299539846, 1.0], [-0.23649883087870355, -1.0591301031258956e-15, 0.5289390526987356, 1.0], [-0.5450702648996997, -1.4017132139176078e-15, 0.8375104867197316, 1.0], [-0.44890045937296635, -1.4632766670199038e-15, 0.89296191560996, 1.0], [-0.3460302334665943, -1.5133554253835054e-15, 0.9380688511110586, 1.0], [-0.2372041684031177, -1.5506879227689834e-15, 0.9716949753738684, 1.0], [-0.12316655930277581, -1.5740125755661158e-15, 0.9927039549030108, 1.0], [-0.004662130439250511, -1.582067810090848e-15, 0.999959465143804, 1.0], [0.10198717299702892, -1.5758880219030323e-15, 0.9943932067878287, 1.0], [0.20539722625020257, -1.5577643486846173e-15, 0.9780688531972213, 1.0], [0.30500650588277106, -1.5283203270395615e-15, 0.9515480362154287, 1.0], [0.40025320235493894, -1.4881794952261843e-15, 0.9153923891760152, 1.0], [0.4905760783315016, -1.4379653902620344e-15, 0.8701635442949576, 1.0], [0.5754130381703688, -1.378301554127744e-15, 0.8164231382585805, 1.0], [0.654202749168904, -1.3098115155690555e-15, 0.7547327958322805, 1.0], [0.7263833064198804, -1.2331188231840462e-15, 0.6856541596628469, 1.0], [0.7913933772206616, -1.1488470123359034e-15, 0.6097488604761403, 1.0], [0.8486712473988844, -1.0576195786831451e-15, 0.5275784932352345, 1.0], [0.8976552027821851, -9.600601237634077e-16, 0.4397047482706351, 1.0], [0.9377835291982008, -8.567921961747684e-16, 0.34668926822913093, 1.0], [0.9684948939442943, -7.484392651059654e-16, 0.24909362423193881, 1.0], [0.9892273921132397, -6.356248526852965e-16, 0.14747943508398942, 1.0], [0.9994195002675368, -5.189726398597367e-16, 0.042408462641362554, 1.0], [1.207582761681111, -5.189726398597367e-16, 0.042408462641362554, 1.0], [0.752072622215779, 2.52292574987956e-16, -0.6522854841970167, 1.0], [0.30390930358174567, -5.189726398597367e-16, 0.042408462641362554, 1.0], [0.5741133708119703, -5.189726398597367e-16, 0.042408462641362554, 1.0]], "overrideEnabled": false, "useOutlinerColor": false, "outlinerColor": [0.0, 0.0, 0.0]}}