{"arrow_half_circleShape": {"overrideRGBColors": true, "knots": [0.0, 1.0, 4.0, 7.0, 10.0, 13.0, 14.0, 15.0, 16.0, 17.0, 18.0, 19.0, 20.0, 21.0, 22.0, 23.0, 24.0, 25.0, 26.0, 27.0, 28.0, 29.0, 30.0, 31.0, 32.0, 33.0, 34.0, 35.0, 36.0, 37.0, 38.0, 39.0, 40.0, 41.0, 42.0, 43.0, 44.0, 45.0, 46.0, 47.0, 48.0, 49.0, 50.0, 51.0, 52.0, 53.0, 54.0, 55.0, 56.0, 57.0, 58.0, 59.0, 60.0, 61.0, 62.0, 63.0, 64.0, 65.0, 66.0, 67.0, 68.0, 69.0, 70.0, 72.0, 74.0, 76.0, 78.0, 80.0, 82.0, 84.0, 85.0, 87.0, 89.0, 91.0, 93.0, 95.0, 97.0, 99.0, 100.0, 102.0, 104.0, 106.0, 108.0, 110.0, 112.0, 114.0, 115.0, 116.0, 117.0, 118.0, 119.0, 120.0, 121.0, 122.0, 123.0, 124.0, 125.0, 126.0, 127.0, 128.0, 129.0, 130.0, 131.0, 132.0, 133.0, 134.0, 135.0, 136.0, 137.0, 138.0, 139.0, 140.0, 141.0, 142.0, 143.0, 144.0, 145.0, 146.0, 147.0, 148.0, 149.0, 150.0, 151.0, 152.0, 153.0, 154.0, 155.0, 156.0, 157.0, 158.0, 159.0, 160.0, 161.0, 162.0, 163.0, 164.0, 165.0, 166.0, 167.0, 168.0, 169.0, 170.0, 171.0, 182.0, 186.0, 189.0, 192.0, 195.0, 198.0, 200.0], "degree": 1, "form": 3, "overrideColorRGB": [0.177204892039299, 0.7068446278572083, 0.6089246869087219], "cvs": [[0.733838490708079, -7.132918447178851e-16, -0.5803938633086547, 1.0], [0.7387086261350243, -7.172641116031525e-16, -0.5889465192700378, 1.0], [0.7478195454745437, -7.3426300406336225e-16, -0.6160394472939771, 1.0], [0.7485471275868674, -7.576938412085475e-16, -0.6437950449649235, 1.0], [0.7407187837807909, -7.860253992283094e-16, -0.6702981182395475, 1.0], [0.7241622293678572, -8.177259249166568e-16, -0.6936331056790142, 1.0], [0.6445236959307132, -9.37284307784246e-16, -0.7677041310685556, 1.0], [0.5586870481090563, -1.0524913235831124e-15, -0.8317066600543506, 1.0], [0.4675555671974222, -1.162626041396024e-15, -0.8855369365139105, 1.0], [0.37203269184580634, -1.2669672656079529e-15, -0.9290910249664042, 1.0], [0.2730218399412834, -1.3647938535434306e-15, -0.9622650344814943, 1.0], [0.17142644893890774, -1.4553845831176496e-15, -0.9849549979205909, 1.0], [0.06814988123363058, -1.5380183645947006e-15, -0.9970570407563101, 1.0], [-0.03590441518883186, -1.6119740552991149e-15, -0.9984672964528485, 1.0], [-0.13983303465257657, -1.6765304728507543e-15, -0.9890818181489669, 1.0], [-0.2427325829835008, -1.7309664878090402e-15, -0.9687967110399306, 1.0], [-0.343699654748486, -1.774560950881059e-15, -0.9375080664293229, 1.0], [-0.4418308194244137, -1.8065927011933686e-15, -0.8951119825292686, 1.0], [-0.5362226938534118, -1.8263405960705003e-15, -0.8415045402618905, 1.0], [-0.625971815159136, -1.8330834829108182e-15, -0.7765818736515548, 1.0], [-0.715513867117569, -1.824982024706276e-15, -0.6946163799838291, 1.0], [-0.7929103235993634, -1.8013053478286786e-15, -0.6044366891238685, 1.0], [-0.8580339284971953, -1.7629950005364323e-15, -0.5072375790691697, 1.0], [-0.9107576442176297, -1.7109925244704978e-15, -0.404213643042417, 1.0], [-0.9509542193445986, -1.646239476161087e-15, -0.29655966482930746, 1.0], [-0.9784966838058733, -1.5696773856686326e-15, -0.18547016950096218, 1.0], [-0.993257712096421, -1.4822478095233462e-15, -0.0721400008911608, 1.0], [-0.9951104232449983, -1.3848923042554398e-15, 0.04223635745481763, 1.0], [-0.9839274767345519, -1.278552399925346e-15, 0.15646408022543407, 1.0], [-0.9595818434159087, -1.1641696530632765e-15, 0.26934856377924304, 1.0], [-0.9219463309499448, -1.0426855937296638e-15, 0.3796951029008728, 1.0], [-0.8708938951754662, -9.150417519849401e-16, 0.4863091124711182, 1.0], [-0.8062972556235032, -7.821797637686564e-16, 0.5879956930894762, 1.0], [-0.7280294862867495, -6.450411062016857e-16, 0.6835604167773912, 1.0], [-0.6524867710060288, -5.292276677521445e-16, 0.7566091273608238, 1.0], [-0.5708357692369903, -4.17274370201478e-16, 0.8202316774116771, 1.0], [-0.4839177090748043, -3.0984253452325493e-16, 0.8743431297973476, 1.0], [-0.3925736384703916, -2.0759316405368888e-16, 0.9188587696521265, 1.0], [-0.2976446373409925, -1.1118757976634865e-16, 0.9536935397472434, 1.0], [-0.19997172555576537, -2.1286996755684635e-17, 0.9787624569428932, 1.0], [-0.10039580288770095, 6.144758164208959e-17, 0.9939806862771992, 1.0], [0.0002419626161138666, 1.3635494033252364e-16, 0.9992633647065232, 1.0], [0.10110029685330629, 2.027735465838119e-16, 0.9945253468722494, 1.0], [0.20133836009896883, 2.600425029388592e-16, 0.9796818719014657, 1.0], [0.3001151184430624, 3.075007001823336e-16, 0.9546480907914154, 1.0], [0.3965894919683457, 3.4448681734066625e-16, 0.919338946313328, 1.0], [0.4899204467647804, 3.703397451985252e-16, 0.8736695894644466, 1.0], [0.5792667828189577, 3.843979510241048e-16, 0.8175548148380706, 1.0], [0.6370515299396271, 3.8705043469843166e-16, 0.773796385813176, 1.0], [0.6907262756876, 3.8401763323078764e-16, 0.7267774905283382, 1.0], [0.7402603917584774, 3.7549139958372585e-16, 0.676745388680661, 1.0], [0.785622538233577, 3.6166252792861533e-16, 0.6239466891497245, 1.0], [0.8267820037568148, 3.4272265946977236e-16, 0.5686284734306607, 1.0], [0.86370744840951, 3.1886258837856597e-16, 0.5110373504030505, 1.0], [0.8963678465542789, 2.9027353234283883e-16, 0.4514201652542501, 1.0], [0.9247324127460729, 2.571471325669072e-16, 0.39002405952747454, 1.0], [0.9487700382958244, 2.1967439498037696e-16, 0.3270957002081091, 1.0], [0.9684495864327037, 1.7804653727109074e-16, 0.2628820225556352, 1.0], [0.9837401241305339, 1.3245477712689122e-16, 0.19762979669730485, 1.0], [0.9946105701852079, 8.309033223562103e-17, 0.13158591285653637, 1.0], [1.0010298989593436, 3.0144420285122854e-17, 0.06499721622068677, 1.0], [1.002967066293317, -2.619174103676066e-17, -0.0018894330108672475, 1.0], [1.0614487870716052, 1.3829506929820962e-17, -0.0028871015051231685, 1.0], [1.0924262938836127, 3.0750472358883306e-17, -0.008375638869966506, 1.0], [1.1182740328330056, 3.64829795876636e-17, -0.022678559255393305, 1.0], [1.1379528761053337, 3.209005496496598e-17, -0.043721182547362125, 1.0], [1.150423926817358, 1.8635148356068235e-17, -0.06942852476996386, 1.0], [1.154647937058461, -2.8189256484623115e-18, -0.09772605398708734, 1.0], [1.1495857651225103, -3.120914069982151e-17, -0.1265390788256765, 1.0], [1.1341985257026683, -6.547204693273159e-17, -0.1537926246923353, 1.0], [0.9727929403448332, -3.500686585839537e-16, -0.35293924242273916, 1.0], [0.955099770360219, -3.7688572169402483e-16, -0.3696910925507857, 1.0], [0.9345115433367152, -4.0088947074890923e-16, -0.38083475979439374, 1.0], [0.9122081489526516, -4.212631542292169e-16, -0.38637958012638995, 1.0], [0.8893694792016373, -4.3719002061555793e-16, -0.3863348913961049, 1.0], [0.8671754260772827, -4.478533183885423e-16, -0.3807100314528684, 1.0], [0.8468058908343171, -4.524362960287801e-16, -0.36951434565202124, 1.0], [0.8294408023616323, -4.50122096137763e-16, -0.3527570789889026, 1.0], [0.666611693622928, -3.9157232008734874e-16, -0.15290324878003214, 1.0], [0.6514016769110915, -3.7860128104957e-16, -0.12553701239552595, 1.0], [0.6463448650470308, -3.5722936924092313e-16, -0.09665976847157187, 1.0], [0.6504650314863573, -3.2994559097691487e-16, -0.06836607295306274, 1.0], [0.6627859407219611, -2.992391643312888e-16, -0.04275072003494779, 1.0], [0.6823312831577688, -2.6759930737778846e-16, -0.021908443864091243, 1.0], [0.7081248232866713, -2.375152381901575e-16, -0.00793403863544162, 1.0], [0.7391903115606782, -2.11476068963021e-16, -0.002922164406898853, 1.0], [0.8204032215764177, -1.551496485200309e-16, -0.0034387990128249, 1.0], [0.8184298782740271, -1.0794397297395671e-16, 0.05289121116324569, 1.0], [0.8125247089433232, -6.36440439534384e-17, 0.10903896601181334, 1.0], [0.8027132727840318, -2.243282057508289e-17, 0.1647716258722018, 1.0], [0.7890208377181798, 1.5506420407147663e-17, 0.21985621888896406, 1.0], [0.7714729028974098, 4.9990613997527925e-17, 0.2740598313124596, 1.0], [0.7500947962918325, 8.083658932121415e-17, 0.32714956537620643, 1.0], [0.7249121141456553, 1.0786138726159942e-16, 0.37889255139548605, 1.0], [0.6959501013773053, 1.3088162518560317e-16, 