{"rotate_1_270_thinShape": {"overrideRGBColors": false, "knots": [0.0, 1.0, 2.0, 3.0, 4.0, 5.0, 6.0, 7.0, 8.0, 9.0, 10.0, 11.0, 12.0, 13.0, 14.0, 15.0, 16.0, 17.0, 18.0, 19.0, 20.0, 21.0, 22.0, 23.0, 24.0, 25.0, 26.0, 27.0, 28.0, 29.0, 30.0, 31.0, 32.0, 33.0, 34.0, 35.0, 36.0, 37.0, 38.0, 39.0, 40.0, 43.0, 46.0, 50.0, 57.0, 59.0, 62.0, 64.0, 65.0, 67.0, 69.0, 71.0, 73.0, 75.0, 77.0, 79.0, 81.0, 82.0, 84.0, 86.0, 88.0, 90.0, 92.0, 94.0, 96.0, 98.0, 99.0, 100.0, 101.0, 102.0, 103.0, 104.0, 105.0, 106.0, 107.0, 108.0, 109.0, 110.0, 111.0, 112.0, 113.0, 114.0, 115.0, 116.0, 117.0, 118.0, 119.0, 120.0, 121.0, 122.0, 123.0, 124.0, 125.0, 126.0, 127.0, 128.0, 129.0, 130.0, 131.0, 132.0, 133.0, 134.0, 135.0, 136.0, 137.0, 138.0, 139.0, 140.0, 141.0, 142.0, 143.0, 144.0, 145.0, 146.0, 147.0, 148.0, 149.0, 150.0, 151.0, 152.0, 153.0, 154.0, 155.0, 157.0, 159.0, 161.0, 163.0, 165.0, 167.0, 169.0, 171.0, 172.0, 173.0, 174.0, 175.0, 176.0, 177.0, 178.0, 179.0, 180.0, 181.0, 182.0, 183.0, 184.0, 185.0, 186.0, 187.0, 188.0], "degree": 1, "form": 3, "overrideColorRGB": [0.0, 0.0, 0.0], "cvs": [[-0.7711177083175118, 6.330010622520579e-16, -0.6108418778813491, 1.0], [-0.8285214573110637, 6.170313148227621e-16, -0.5310727165733389, 1.0], [-0.8774396889092857, 5.907125188439133e-16, -0.44666153817677623, 1.0], [-0.9176533385389007, 5.542873492548998e-16, -0.35814773594518323, 1.0], [-0.9489437853695402, 5.079991162698205e-16, -0.26607106752755083, 1.0], [-0.971092205294598, 4.520909183445372e-16, -0.17097122612517968, 1.0], [-0.9838796539741297, 3.8680564217667517e-16, -0.07338775496548022, 1.0], [-0.9870876142025231, 3.1238680973857003e-16, 0.026139421223427384, 1.0], [-0.9806784549612113, 2.3041731385040325e-16, 0.12552487132126222, 1.0], [-0.9648947393056739, 1.426999582612872e-16, 0.22268739307678231, 1.0], [-0.9399380574536604, 4.980807839739462e-17, 0.31709328433543593, 1.0], [-0.9060096865831471, -4.768551971069375e-17, 0.4082092050484618, 1.0], [-0.8633111920884506, -1.4920760651592358e-16, 0.4955015643968852, 1.0], [-0.8120439102261778, -2.5418527010859573e-16, 0.578436946275924, 1.0], [-0.7524092568327843, -3.620454926998927e-16, 0.6564818796390539, 1.0], [-0.6846086467066892, -4.722152565009969e-16, 0.7291028923706726, 1.0], [-0.6100214574884755, -5.824153017299654e-16, 0.7947735358310195, 1.0], [-0.5302523613172447, -6.903493220667919e-16, 0.8521773519091831, 1.0], [-0.4458410552869341, -7.954182005199715e-16, 0.901095520507595, 1.0], [-0.35732726966392225, -8.970227671584402e-16, 0.941309187242449, 1.0], [-0.26525060124628985, -9.945640638093708e-16, 0.9725996340730889, 1.0], [-0.1701507432353373, -1.0874429734812586e-15, 0.9947480368929069, 1.0], [-0.0725673883357063, -1.1750604056523782e-15, 1.0075356053091156, 1.0], [0.026959821070363654, -1.2568172962707842e-15, 1.01074353132703, 1.0], [0.12634533760252298, -1.3310234440297897e-15, 1.0043343036647596, 1.0], [0.2235078095323002, -1.3962087173703165e-15, 0.988550639324941, 1.0], [0.31791373400811573, -1.4521039186338153e-15, 0.9635939232624486, 1.0], [0.40902962150397926, -1.4984398964838513e-15, 0.9296655866024142, 1.0], [0.4963220140695652, -1.5349475227450465e-15, 0.8869670578972388, 1.0], [0.5792573627314415, -1.561357631191715e-15, 0.8356998102454449, 1.0], [0.65730229662911, -1.5774010742097347e-15, 0.7760651573710695, 1.0], [0.7299233091268683, -1.5828086996871887e-15, 0.7082645470179043, 1.0], [0.7913516237832887, -1.5780913167262408e-15, 0.6388997378549641, 1.0], [0.8455076359768253, -1.564101238736682e-15, 0.5650351383114667, 1.0], [0.8922704141485773, -1.5410815666042172e-15, 0.487109624831491, 1.0], [0.9315193624191789, -1.5092754066429243e-15, 0.4055617351603822, 1.0], [0.9631336912189464, -1.4689258738522775e-15, 0.32083021775604936, 1.0], [0.9869927203271418, -1.4202760468358042e-15, 0.23335366139768743, 1.0], [1.0029756044305314, -1.3635690571365907e-15, 0.14357089334452766, 1.0], [1.010961742571631, -1.299048003210499e-15, 0.051920446411242605, 1.0], [1.161945760057507, -1.4175903303531874e-15, 0.04969625316130788, 1.0], [1.178485883919117, -1.4285170024332087e-15, 0.046789666264044794, 1.0], [1.192516487762168, -1.4337393973043949e-15, 0.03909203319790677, 1.0], [1.2031955943524422, -1.4345960520165344e-15, 0.029201233099271473, 1.0], [1.2121156986852124, -1.4299206419059274e-15, 0.013969095801606546, 1.0], [1.2156647319371645, -1.421924240602263e-15, -2.5385228937135906e-05, 1.0], [1.2135957506664221, -1.4035481519791566e-15, -0.02165475104300274, 1.0], [1.20787710299423, -1.387954738641348e-15, -0.03592732259489395, 1.0], [0.9983429801199246, -9.486072324649047e-16, -0.3882021150628332, 1.0], [0.9888729025548587, -9.320529793624443e-16, -0.3998534374173808, 1.0], [0.977454583170105, -9.161932932767324e-16, -0.4086001855896093, 1.0], [0.9645806114472979, -9.017227941640767e-16, -0.41405153818254403, 1.0], [0.9507434097889425, -8.893360490412258e-16, -0.4158165701744574, 1.0], [0.9365660104799769, -8.797276249249283e-16, -0.4136388721473496, 1.0], [0.9231947167574488, -8.735921417714918e-16, -0.40780088493246236, 1.0], [0.9119064075303593, -8.716241665976648e-16, -0.3987195981819278, 1.0], [0.9039778288390604, -8.745182664201959e-16, -0.3868118647059622, 1.0], [0.7049114750477155, -9.930605803279945e-16, -0.028517895662793613, 1.0], [0.6992059890451727, -9.990687438415468e-16, -0.014873260324079762, 1.0], [0.6977125691834678, -1.0088971318263345e-15, -0.0006271108983528784, 1.0], [0.7000270246122169, -1.0219205810277246e-15, 0.013828496406851354, 1.0], [0.7057455972974649, -1.0375139811306434e-15, 0.02810112807541021, 1.0], [0.7152156748625308, -1.0540682342331039e-15, 0.039752450429957786, 1.0], [0.7266338936024804, -1.0699278673792566e-15, 0.048499233805981756, 1.0], [0.7395078653252873, -1.0843983664919122e-15, 0.05395058639891692, 1.0], [0.7533451676284469, -1.0967851645543223e-15, 0.055715583187034845, 1.0], [0.9005545771936339, -1.2123639219379148e-15, 0.05354698750209419, 1.0], [0.8929976744290821, -1.2691244467663728e-15, 0.13472102676555053, 1.0], [0.8782899385803647, -1.3187394545913526e-15, 0.21402060751456453, 1.0], [0.8566032990855768, -1.3610786876274344e-15, 0.29110023612745306, 1.0], [0.8281097024880525, -1.3960119145589779e-15, 0.3656144355911126, 1.0], [0.7929809045807724, -1.4234089173052324e-15, 0.4372179424596052, 1.0], [0.7513889676704808, -1.443139438080778e-15, 0.5055651262693304, 1.0], [0.703505647550158, -1.4550732588048643e-15, 0.5703107235743508, 1.0], [0.6495028157761938, -1.459080134926961e-15, 0.6311093174782298, 1.0], [0.5848811550321318, -1.4542614703691496e-15, 0.6914328900835256, 1.0], [0.5154567416741156, -1.4399790787452335e-15, 0.7444662699872935, 1.0], [0.44170843095087964, -1.4164934623911625e-15, 0.7900531109828557, 1.0], [0.36411511033500465, -1.3840650707033276e-15, 0.8280369652254138, 1.0], [0.2831556179699859, -1.3429543795478993e-15, 0.8582614698997093, 1.0], [0.1993087834466989, -1.2934218515561584e-15, 0.8805702538861926, 1.0], [0.11305345346125861, -1.235727975829165e-15, 0.8948069626738946, 1.0], [0.024868474213121772, -1.1701332149982e-15, 0.900815208038027, 1.0], [-0.06345522121655622, -1.0971454711942606e-15, 0.8974072169882401, 1.0], [-0.15009248892589744, -1.0190959379068683e-15, 0.8857174919331778, 1.0], [-0.23456008381240645, -9.36479520605236e-16, 0.8658882479581886, 1.0], [-0.3163747612702459, -8.497910982887972e-16, 0.8380616664348004, 1.0], [-0.3950532933021591, -7.595255499569849e-16, 0.8023799458397802, 1.0], [-0.47011244360659954, -6.661777546092327e-16, 0.7589852760972757, 1.0], [-0.5410689240696429, -5.702426971240923e-16, 0.7080199306709982, 1.0], [-0.6074394817811626, -4.722152565009969e-16, 0.6496260823798563, 1.0], [-0.6677631228074163, -3.7418770999878307e-16, 0.5850043552014692, 1.0], [-0.720796502711184, -2.782526525136426e-16, 0.515579941843453, 1.0], [-0.766383275285788, -1.8490496304500881e-16, 0.441831697554542, 1.0], [-0.8043671295283465, -9.46394147131966e-17, 0.3642383769386668, 1.0], [-0.8345916342026414, 