{"arrow_half_circleShape0": {"overrideRGBColors": true, "knots": [0.0, 1.0, 2.0, 3.0, 4.0, 5.0, 6.0, 7.0, 8.0, 9.0, 10.0, 11.0, 12.0, 13.0, 14.0, 15.0, 19.0, 24.0, 30.0, 31.0, 34.0, 39.0, 44.0, 53.0, 65.0, 77.0, 83.0, 90.0, 96.0, 102.0, 108.0, 115.0, 120.0, 128.0, 137.0, 147.0, 164.0, 169.0, 170.0, 172.0, 177.0, 181.0, 186.0, 195.0, 205.0, 212.0, 217.0], "degree": 1, "form": 3, "overrideColorRGB": [0.177204892039299, 0.7068446278572083, 0.6089246869087219], "cvs": [[0.9004612543332667, 0.000200000009497678, 0.4326251628302347, 1.0], [0.8481198043275499, 0.000200000009497708, 0.528413089367385, 1.0], [0.7870000244495895, 0.0002000000094977496, 0.6163046397929133, 1.0], [0.7179174569739118, 0.00020000000949780205, 0.6960116948847789, 1.0], [0.641687673533349, 0.0002000000094978645, 0.7672460444892968, 1.0], [0.5591261841564461, 0.00020000000949793617, 0.8297196595791037, 1.0], [0.47104863411258413, 0.00020000000949801623, 0.8831440535207433, 1.0], [0.3782704684567826, 0.00020000000949810395, 0.9272314759775258, 1.0], [0.2816073565229439, 0.00020000000949819846, 0.9616932496090964, 1.0], [0.18187480111957435, 0.00020000000949829902, 0.9862416388181141, 1.0], [0.0798883541473493, 0.00020000000949840478, 1.0005883299908025, 1.0], [-0.023536386290265915, 0.000200000009498515, 1.0044450213048646, 1.0], [-0.12758396262442862, 0.0002000000094986288, 0.9975237687688417, 1.0], [-0.23143873054888314, 0.00020000000949874547, 0.9795362823519163, 1.0], [-0.3342851381629554, 0.00020000000949886416, 0.9501942484403116, 1.0], [-0.4353075892894321, 0.0002000000094989841, 0.9092097584170069, 1.0], [-0.4687287217448168, 0.0002000000094990246, 0.8926484941641393, 1.0], [-0.5095970947494229, 0.00020000000949907477, 0.8700500360775603, 1.0], [-0.5561212033810679, 0.00020000000949913277, 0.8410611716281986, 1.0], [-0.4910070333691907, 0.00020000000949908965, 0.7429681820058692, 1.0], [-0.45535446444193006, 0.00020000000949904647, 0.7605751106748848, 1.0], [-0.39536273721034554, 0.0002000000094989747, 0.7869452196570683, 1.0], [-0.3342162346913174, 0.00020000000949890287, 0.8089108745378426, 1.0], [-0.24325445485074135, 0.00020000000949879865, 0.8321082325962513, 1.0], [-0.1460676646042823, 0.00020000000949869004, 0.8469662333183139, 1.0], [-0.03682528736037216, 0.0002000000094985715, 0.8505881073917503, 1.0], [0.0708058162407989, 0.00020000000949845867, 0.8399451634822797, 1.0], [0.1931179736790324, 0.00020000000949833494, 0.8113812937978384, 1.0], [0.2928338778532716, 0.00020000000949823825, 0.7727998573262915, 1.0], [0.3863120490276358, 0.00020000000949815135, 0.7230389770299341, 1.0], [0.4719733889517024, 0.00020000000949807573, 0.662862369717523, 1.0], [0.5608630599646844, 0.00020000000949800276, 0.580264624597439, 1.0], [0.6158987216711163, 0.00020000000949796167, 0.5143536670768087, 1.0], [0.6635273103106385, 0.00020000000949792999, 0.44310631124503275, 1.0], [0.6995341799470711, 0.00020000000949790993, 0.3751270517760874, 1.0], [0.7212463070065922, 0.00020000000949789933, 0.32863095582526464, 1.0], [0.7415068631585381, 0.00020000000949789304, 0.27211243135063073, 1.0], [0.754677025364659, 0.00020000000949789207, 0.22404399965592955, 1.0], [0.5423285863591911, 0.00020000000949811509, 0.2437904661661395, 1.0], [0.9182947700683596, 0.00020000000949788464, -0.3899859747277704, 1.0], [0.9624859669012118, 0.00020000000949780213, -0.2625892961757105, 1.0], [0.985451168248549, 0.00020000000949774854, -0.15736173278911325, 1.0], [0.997830280629116, 0.00020000000949769832, -0.022936521369837454, 1.0], [0.9924830670144166, 0.00020000000949766764, 0.1097362570325823, 1.0], [0.9671226214550341, 0.00020000000949765688, 0.2483658873803381, 1.0], [0.932825431821479, 0.00020000000949766403, 0.35665608066917853, 1.0], [0.9004612543332667, 0.000200000009497678, 0.4326251628302347, 1.0]], "overrideEnabled": true, "useOutlinerColor": false, "outlinerColor": [0.0, 0.0, 0.0]}, "arrow_half_circleShape1": {"overrideRGBColors": true, "knots": [0.0, 1.0, 2.0, 3.0, 4.0, 5.0, 6.0, 7.0, 8.0, 9.0, 10.0, 11.0, 12.0, 13.0, 14.0, 15.0, 19.0, 24.0, 30.0, 31.0, 34.0, 39.0, 44.0, 53.0, 65.0, 77.0, 83.0, 90.0, 96.0, 102.0, 108.0, 115.0, 120.0, 128.0, 137.0, 147.0, 164.0, 169.0, 170.0, 172.0, 177.0, 181.0, 186.0, 195.0, 205.0, 212.0, 217.0], "degree": 1, "form": 3, "overrideColorRGB": [0.177204892039299, 0.7068446278572083, 0.6089246869087219], "cvs": [[-0.9004612543332656, 0.000200000009497678, -0.4326251628302349, 1.0], [-0.8481198043275489, 0.000200000009497708, -0.5284130893673852, 1.0], [-0.7870000244495885, 0.0002000000094977496, -0.6163046397929135, 1.0], [-0.7179174569739106, 0.00020000000949780205, -0.696011694884779, 1.0], [-0.6416876735333482, 0.0002000000094978645, -0.767246044489297, 1.0], [-0.5591261841564453, 0.00020000000949793617, -0.8297196595791039, 1.0], [-0.47104863411258335, 0.00020000000949801623, -0.8831440535207437, 1.0], [-0.37827046845678164, 0.00020000000949810395, -0.927231475977526, 1.0], [-0.28160735652294266, 0.00020000000949819846, -0.9616932496090966, 1.0], [-0.18187480111957385, 0.00020000000949829902, -0.9862416388181144, 1.0], [-0.07988835414734874, 0.00020000000949840478, -1.0005883299908027, 1.0], [0.02353638629026647, 0.000200000009498515, -1.0044450213048648, 1.0], [0.1275839626244296, 0.0002000000094986288, -0.9975237687688419, 1.0], [0.23143873054888411, 0.00020000000949874547, -0.9795362823519165, 1.0], [0.33428513816295635, 0.00020000000949886416, -0.9501942484403119, 1.0], [0.4353075892894331, 0.0002000000094989841, -0.9092097584170072, 1.0], [0.4687287217448178, 0.0002000000094990246, -0.8926484941641396, 1.0], [0.5095970947494239, 0.00020000000949907477, -0.8700500360775606, 1.0], [0.5561212033810689, 0.00020000000949913277, -0.8410611716281989, 1.0], [0.4910070333691917, 0.00020000000949908965, -0.7429681820058696, 1.0], [0.45535446444193106, 0.00020000000949904647, -0.7605751106748851, 1.0], [0.39536273721034654, 0.0002000000094989747, -0.7869452196570687, 1.0], [0.3342162346913184, 0.00020000000949890287, -0.8089108745378429, 1.0], [0.24325445485074232, 0.00020000000949879865, -0.8321082325962516, 1.0], [0.14606766460428328, 0.00020000000949869004, -0.8469662333183141, 1.0], [0.03682528736037313, 0.0002000000094985715, -0.8505881073917505, 1.0], [-0.07080581624079796, 0.00020000000949845867, -0.8399451634822799, 1.0], [-0.19311797367903163, 0.00020000000949833494, -0.8113812937978385, 1.0], [-0.29283387785327064, 0.00020000000949823825, -0.7727998573262916, 1.0], [-0.3863120490276348, 0.00020000000949815135, -0.7230389770299344, 1.0], [-0.47197338895170116, 0.00020000000949807573, -0.6628623697175232, 1.0], [-0.5608630599646833, 0.00020000000949800276, -0.5802646245974392, 1.0], [-0.6158987216711153, 0.00020000000949796167, -0.514353667076809, 1.0], [-0.6635273103106376, 0.00020000000949792999, -0.443106311245033, 1.0], [-0.6995341799470701, 0.00020000000949790993, -0.3751270517760876, 1.0], [-0.7212463070065912, 0.00020000000949789933, -0.32863095582526486, 1.0], [-0.7415068631585371, 0.00020000000949789304, -0.27211243135063096, 1.0], [-0.7546770253646581, 0.00020000000949789207, -0.22404399965592978, 1.0], [-0.5423285863591901, 0.00020000000949811509, -0.24379046616613972, 1.0], [-0.9182947700683586, 0.00020000000949788464, 0.3899859747277702, 1.0], [-0.9624859669012109, 0.00020000000949780213, 0.26258929617571025, 1.0], [-0.9854511682485477, 0.00020000000949774854, 0.15736173278911308, 1.0], [-0.9978302806291148, 0.00020000000949769832, 0.022936521369837343, 1.0], [-0.9924830670144154, 0.00020000000949766764, -0.10973625703258241, 1.0], [-0.9671226214550336, 0.00020000000949765688, -0.24836588738033838, 1.0], [-0.9328254318214778, 0.00020000000949766403, -0.35665608066917864, 1.0], [-0.9004612543332656, 0.000200000009497678, -0.4326251628302349, 1.0]], "overrideEnabled": true, "useOutlinerColor": false, "outlinerColor": [0.0, 0.0, 0.0]}}