{"arrow_half_circleShape0": {"overrideRGBColors": true, "knots": [0.0, 1.0, 4.0, 8.0, 12.0, 15.0, 16.0, 17.0, 18.0, 19.0, 20.0, 21.0, 22.0, 23.0, 24.0, 25.0, 26.0, 27.0, 28.0, 29.0, 30.0, 31.0, 32.0, 33.0, 34.0, 35.0, 36.0, 37.0, 38.0, 39.0, 40.0, 41.0, 42.0, 43.0, 44.0, 45.0, 46.0, 49.0, 52.0, 55.0, 58.0, 61.0, 64.0, 67.0, 70.0, 73.0, 76.0, 77.0, 78.0, 79.0, 80.0, 81.0, 82.0, 83.0, 84.0, 85.0, 86.0, 87.0, 88.0, 89.0, 90.0, 91.0, 92.0, 93.0, 94.0, 95.0, 96.0, 97.0, 98.0, 99.0, 100.0, 101.0, 102.0, 103.0, 104.0, 105.0, 106.0, 107.0, 111.0, 115.0, 117.0, 121.0, 125.0, 129.0, 133.0, 137.0, 138.0, 142.0, 146.0, 150.0, 153.0, 154.0, 155.0, 158.0, 162.0, 166.0, 169.0], "degree": 1, "form": 3, "overrideColorRGB": [0.177204892039299, 0.7068446278572083, 0.6089246869087219], "cvs": [[-1.1450987458248223, -1.6360068549371121e-15, 0.01775445629157535, 1.0], [-1.1397719867230292, -1.6280926158293314e-15, 0.013000228067875264, 1.0], [-1.1215707263938997, -1.6057987615971574e-15, 0.0028068855400509296, 1.0], [-1.0945308181545093, -1.581322844613738e-15, -0.0013207513568388451, 1.0], [-1.068113172845977, -1.5657823840700225e-15, 0.005315912426792746, 1.0], [-1.0511950728259762, -1.5619179021272931e-15, 0.017324188832636978, 1.0], [-0.9884632798729602, -1.5619179021272931e-15, 0.08011149787425909, 1.0], [-0.9914003357991611, -1.5191085393357056e-15, 0.022616699353964376, 1.0], [-0.9910346074178472, -1.4737557748315298e-15, -0.03481363725609665, 1.0], [-0.987398125646248, -1.4260031806993253e-15, -0.09202860667303109, 1.0], [-0.9805229214015925, -1.3759943290236518e-15, -0.14887730361394647, 1.0], [-0.9704407897129979, -1.323872844828628e-15, -0.20520851923428007, 1.0], [-0.9571838119769729, -1.2697821678499157e-15, -0.26087156743709966, 1.0], [-0.9407838169550231, -1.2138659760511927e-15, -0.3157152056752797, 1.0], [-0.9212728018319887, -1.1562677885774595e-15, -0.3695885623684904, 1.0], [-0.8986826627148495, -1.0971311775132757e-15, -0.4223405973042851, 1.0], [-0.8730455990634731, -1.03659976788276e-15, -0.473820506426763, 1.0], [-0.8443931698995613, -9.748170258913537e-16, -0.5238770470694945, 1.0], [-0.8127574398727315, -9.119265765631756e-16, -0.572359280247025, 1.0], [-0.7781706084428519, -8.480720449223446e-16, -0.6191164019034529, 1.0], [-0.7406643357094859, -7.8339684423474245e-16, -0.6639973380044658, 1.0], [-0.7002705852443891, -7.180446524640473e-16, -0.7068509809324927, 1.0], [-0.6194656822894836, -5.977285986251391e-16, -0.7793022310015373, 1.0], [-0.5330387942585691, -4.811334546444006e-16, -0.8413846895080661, 1.0], [-0.44185659394913757, -3.689374821543457e-16, -0.8931014371730508, 1.0], [-0.34678588908823377, -2.618191545457251e-16, -0.9344554199072135, 1.0], [-0.24869274576757183, -1.6045662757193432e-16, -0.9654492461184345, 1.0], [-0.1484442413346977, -6.5528374623724e-17, -0.986086131576543, 1.0], [-0.04690677896660195, 2.2287342666391964e-17, -0.9963688871434035, 1.0], [0.05505323815972363, 1.0231226266589968e-16, -0.9963003236808796, 1.0], [0.1565690697223594, 1.7386791198404847e-16, -0.9858833196349157, 1.0], [0.2567741103289385, 2.3627602898832444e-16, -0.9651208882617066, 1.0], [0.3548018893973454, 2.888583520462137e-16, -0.9340159078878939, 1.0], [0.44978573401078403, 3.309364077669656e-16, -0.8925711894946436, 1.0], [0.5408592411115677, 3.61832146276303e-16, -0.8407898136836252, 1.0], [0.6271556028533469, 3.8086688242523845e-16, -0.7786744566257549, 1.0], [0.7078084161784345, 3.8736256633949487e-16, -0.7062281989227016, 1.0], [0.7207111377460058, 3.837114308203552e-16, -0.6886611462073285, 1.0], [0.7271577096185837, 3.734456032578699e-16, -0.6691263644707635, 1.0], [0.7271488477349576, 3.5759655802355787e-16, -0.6489376213691563, 1.0], [0.7206848633645593, 3.371953459724644e-16, -0.6294085498677109, 1.0], [0.7077666747808555, 3.132736532343453e-16, -0.6118529849680493, 1.0], [0.6901995546007059, 2.8935174873798934e-16, -0.5989501959953532, 1.0], [0.6706647728044887, 2.689505366868959e-16, -0.5925034892528729, 1.0], [0.6504760297625335, 2.5310149145258386e-16, -0.592512486006401, 1.0], [0.6309469582014359, 2.4283566389009855e-16, -0.5989763355068979, 1.0], [0.6133914608262032, 2.391847401291957e-16, -0.6118947263656284, 1.0], [0.5435363620664436, 2.3356234718355847e-16, -0.6746466131885489, 1.0], [0.4688017574916754, 2.17085650535331e-16, -0.7284498805076584, 1.0], [0.3899367800341107, 1.903393146763556e-16, -0.7732998137148155, 1.0], [0.3076904278157124, 1.539080040984745e-16, -0.8091918331314347, 1.0], [0.22281176636356698, 1.0837638329353003e-16, -0.836121291614151, 1.0], [0.13605013118317444, 5.432975202807489e-17, -0.8540840813799067, 1.0], [0.048154520277192525, -7.64743696428545e-18, -0.8630753530103094, 1.0], [-0.040126000767638725, -7.69704133125903e-17, -0.8630905942318987, 1.0], [-0.12804216402990204, -1.5305419488764217e-16, -0.8541253601166854, 1.0], [-0.21484483651773195, -2.3531401131848036e-16, -0.836175070926432, 1.0], [-0.2997849525847377, -3.231649863550258e-16, -0.8092353492575782, 1.0], [-0.38211351416860917, -4.1602256138455456e-16, -0.7733014805616354, 1.0], [-0.4610811858831507, -5.133016483987508e-16, -0.7283690873157402, 1.0], [-0.5359389022012748, -6.144175829057722e-16, -0.6744335223765292, 1.0], [-0.6059375301311178, -7.18785594534658e-16, -0.6114902060057636, 1.0], [-0.6423768909120879, -7.77795732991905e-16, -0.5727608223683973, 1.0], [-0.676135336669638, -8.361881726723667e-16, -0.5321353304894987, 1.0], [-0.7071729500272513, -8.938192356123652e-16, -0.4897568771429582, 1.0], [-0.7354506563216059, -9.505455085460186e-16, -0.44576911523762297, 1.0], [-0.7609287740642969, -1.0062232605700895e-15, -0.4003154951090542, 1.0], [-0.7835678241612511, -1.060709078418696e-15, -0.3535392648774375, 1.0], [-0.8033281588564529, -1.11385928412816e-15, -0.30558384117577075, 1.0], [-0.8201706360218024, -1.1655303585534813e-15, -0.256592944318027, 1.0], [-0.8340555068234221, -1.215578676670541e-15, -0.20670982230508755, 1.0], [-0.8449433932451006, -1.2638607722738977e-15, -0.1560778918892547, 1.0], [-0.8527946475308217, -1.3102329673998737e-15, -0.10484056970352712, 1.0], [-0.8575700264746247, -1.3545517958430276e-15, -0.05314140742976031, 1.0], [-0.8592299160528815, -1.3966736325792407e-15, -0.0011237879983903576, 1.0], [-0.8577347191081593, -1.4364548790541737e-15, 0.05106892251142836, 1.0], [-0.8530450407580528, -1.473752042592606e-15, 0.1032932904961123, 1.0], [-0.769485967806551, -1.3426145605173728e-15, 0.01980809987797738, 1.0], [-0.745561126496096, -1.3114502596241965e-15, 0.004039136039195368, 1.0], [-0.7226731387197028, -1.2871560841475223e-15, -0.0010056221363589635, 1.0], [-0.7055475791567162, -1.2783492708366825e-15, 0.001905051436062677, 1.0], [-0.680662239750371, -1.2689440287486076e-15, 0.014826616789967106, 1.0], [-0.6622079311468136, -1.2721767299918036e-15, 0.037416927753143814, 1.0], [-0.6550470265407491, -1.2871560841475223e-15, 0.0636734706213617, 1.0], [-0.6593623740548342, -1.3114502596241965e-15, 0.09031417224906957, 1.0], [-0.6751524278443526, -1.3426145605173728e-15, 0.11422512269498575, 1.0], [-0.8620981259382274, -1.6360068549371121e-15, 0.3010055247426002, 1.0], [-0.8860230599530988, -1.6671711955349578e-15, 0.3167744463935273, 1.0], [-0.9126675515777931, -1.6914653445418524e-15, 0.3210662094367471, 1.0], [-0.938917758186676, -1.7064447119324608e-15, 0.31388208994734534, 1.0], [-0.9564734325972963, -1.7100958077469311e-15, 0.3009637411571661, 1.0], [-1.1451405125216927, -1.7100958077469311e-15, 0.11212969552314955, 1.0], [-1.1501587400165492, -1.709677399940767e-15, 0.10657381894750562, 1.0], [-1.1609094257917183, -1.7037068235142491e-15, 0.0882048710938017, 1.0], [-1.1652011635207336, -1.6861695754416103e-15, 0.06156032047471027, 1.0], [-1.158017027172594, -1.659928693259019e-15, 0.035310113873283866, 1.0], [-1.1450987458248223, -1.6360068549371121e-15, 0.01775445629157535, 1.0]], "overrideEnabled": true, "useOutlinerColor": false, "outlinerColor": [0.0, 0.0, 0.0]},