{"clavicleControl_L_newControlShape": {"overrideRGBColors": false, "knots": [-2.0, -1.0, 0.0, 1.0, 2.0, 3.0, 4.0, 5.0, 6.0, 7.0, 8.0, 9.0, 10.0], "degree": 3, "form": 3, "overrideColorRGB": [0.0, 0.0, 0.0], "cvs": [[0.38447415812240493, -0.08569173438911076, -0.8135411890180255, 1.0], [0.2651764311388388, 0.26873318811567737, -0.05711734137769686, 1.0], [0.38747945969672426, -0.08599047631904308, 0.7540898425876051, 1.0], [0.010077052639403214, -0.4786627676959844, 1.1158387468268098, 1.0], [-0.4365568046598953, 0.14146238759945245, 0.8263169105507175, 1.0], [-0.5781912448278315, 0.4412511006371535, 0.05140549882930712, 1.0], [-0.44082210773767605, 0.1411197497096589, -0.751047598821184, 1.0], [0.002616507287982406, -0.477592708584695, -1.1039757214481374, 1.0], [0.38447415812240493, -0.08569173438911076, -0.8135411890180255, 1.0], [0.2651764311388388, 0.26873318811567737, -0.05711734137769686, 1.0], [0.38747945969672426, -0.08599047631904308, 0.7540898425876051, 1.0]], "overrideEnabled": true, "useOutlinerColor": false, "outlinerColor": [0.0, 0.0, 0.0]}}