{"newControl_ctrl2Shape": {"overrideRGBColors": true, "knots": [-2.0, -1.0, 0.0, 1.0, 2.0, 3.0, 4.0, 5.0, 6.0, 7.0, 8.0, 9.0, 10.0], "degree": 3, "form": 3, "overrideColorRGB": [0.15999996662139893, 0.2999999225139618, 0.875], "cvs": [[0.19695670288430722, 1.2060119787894157e-17, -0.19695670288430725, 1.0], [1.7055584967884043e-17, 1.7055584967884043e-17, -0.2785388404192753, 1.0], [-0.19695670288430722, 1.2060119787894154e-17, -0.1969567028843072, 1.0], [-0.2785388404192754, 8.841645365257185e-34, -1.4439502673608558e-17, 1.0], [-0.19695670288430722, -1.2060119787894156e-17, 0.19695670288430722, 1.0], [-2.790142614623453e-17, -1.7055584967884055e-17, 0.27853884041927546, 1.0], [0.19695670288430722, -1.2060119787894154e-17, 0.1969567028843072, 1.0], [0.2785388404192754, -2.3258641001214635e-33, 3.798424332208798e-17, 1.0], [0.19695670288430722, 1.2060119787894157e-17, -0.19695670288430725, 1.0], [1.7055584967884043e-17, 1.7055584967884043e-17, -0.2785388404192753, 1.0], [-0.19695670288430722, 1.2060119787894154e-17, -0.1969567028843072, 1.0]], "overrideEnabled": true, "useOutlinerColor": false, "outlinerColor": [0.0, 0.0, 0.0]}}