{"slider_square_handleShape": {"overrideRGBColors": true, "knots": [-1.0, -0.565729428, 0.0, 0.5999999608, 1.0, 1.386795415, 2.0, 2.591069905, 3.0, 3.402244971, 4.0, 4.547934889, 5.0, 5.41496023, 6.0, 6.547970377, 7.0, 7.434270572, 8.0, 8.5999999608, 9.0], "degree": 3, "form": 3, "overrideColorRGB": [0.15999996662139893, 0.2999999225139618, 0.875], "cvs": [[0.12878532540862694, 1.4859524280797126e-17, -0.24726007020350618, 1.0], [-0.002895951709463207, 1.514390191074425e-17, -0.24726007020350618, 1.0], [-0.13208329824208792, 1.4848757458519653e-17, -0.24726007020350618, 1.0], [-0.24726007020350618, 0.0, -0.24726007020350618, 1.0], [-0.24726007020350618, 7.748177229046515e-18, -0.14132701979797377, 1.0], [-0.24726007020350618, 1.0631225893040198e-19, -0.0020196499904205174, 1.0], [-0.24726007020350618, -7.641864970116112e-18, 0.1419123469776296, 1.0], [-0.24726007020350618, 0.0, 0.24726007020350618, 1.0], [-0.13208329824203668, -1.4849462751952262e-17, 0.24726007020350618, 1.0], [0.00032978815536921724, -1.5140161134632383e-17, 0.2472600939408299, 1.0], [0.1287853254084798, -1.4865114816551007e-17, 0.2472600490223585, 1.0], [0.24726007020350618, 0.0, 0.24726007020350618, 1.0], [0.24726007020350618, -7.612902397650404e-18, 0.14191234158739868, 1.0], [0.24726007020350618, -1.7804327449092642e-19, 0.0032724974266119694, 1.0], [0.24726007020350618, 7.434859123159478e-18, -0.1413269614862699, 1.0], [0.24726007020350618, 0.0, -0.24726007020350618, 1.0], [0.12878532540862694, 1.4859524280797126e-17, -0.24726007020350618, 1.0], [-0.002895951709463207, 1.514390191074425e-17, -0.24726007020350618, 1.0], [-0.13208329824208792, 1.4848757458519653e-17, -0.24726007020350618, 1.0]], "overrideEnabled": true, "useOutlinerColor": false, "outlinerColor": [0.0, 0.0, 0.0]}}