{
    "slider_squareShape": {
        "overrideRGBColors": true,
        "knots": [
            -0.0625,
            -0.045572895599999996,
            0.0,
            0.03968785008,
            0.0625,
            0.125,
            0.1875,
            0.2201451291,
            0.25,
            0.2785357318,
            0.3125,
            0.375,
            0.4375,
            0.4606441327,
            0.5,
            0.5475478029,
            0.5625,
            0.625,
            0.6875,
            0.7171205559,
            0.75,
            0.7759337966,
            0.8125,
            0.875,
            0.9375000000000001,
            0.9544271044,
            1.0,
            1.03968785008,
            1.0625
        ],
        "degree": 3,
        "form": 3,
        "overrideColorRGB": [
            0.15999996662139893,
            0.2999999225139618,
            0.875
        ],
        "cvs": [
            [
                -0.5338104142180585,
                2.781893839430701e-17,
                0.29225692621796956,
                1.0
            ],
            [
                -0.022059366717008238,
                2.87317100133188e-17,
                0.29225703346207144,
                1.0
            ],
            [
                0.5051992804253981,
                2.7891030230300874e-17,
                0.2922569346882417,
                1.0
            ],
            [
                0.8371683451832934,
                2.5524945688722252e-17,
                0.29225665669032125,
                1.0
            ],
            [
                0.9252443619280143,
                2.0605017519511465e-17,
                0.29225607863413827,
                1.0
            ],
            [
                0.9843462138739281,
                1.2630449972119239e-17,
                0.24318892630180125,
                1.0
            ],
            [
                0.9955389362242221,
                5.477491274900395e-18,
                0.18794054622598988,
                1.0
            ],
            [
                0.9955389362242427,
                7.833875113935471e-20,
                0.0030734234923615036,
                1.0
            ],
            [
                0.9955389362242226,
                -5.399291800121674e-18,
                -0.18448043571327954,
                1.0
            ],
            [
                0.9848407649217741,
                -1.2564068631159117e-17,
                -0.242779983311446,
                1.0
            ],
            [
                0.9252443619280127,
                -2.0604094154464514e-17,
                -0.29221442574728945,
                1.0
            ],
            [
                0.8369705284212334,
                -2.553719705299434e-17,
                -0.29221500535140843,
                1.0
            ],
            [
                0.5039994854244234,
                -2.789414801254054e-17,
                -0.29221528227619836,
                1.0
            ],
            [
                -0.030422696306369516,
                -2.874083301280444e-17,
                -0.29221538175559775,
                1.0
            ],
            [
                -0.5410269535010267,
                -2.77940564316074e-17,
                -0.29221527051615714,
                1.0
            ],
            [
                -0.8533609856341691,
                -2.526441094586739e-17,
                -0.292214973301002,
                1.0
            ],
            [
                -0.9396460519893238,
                -2.060409415446454e-17,
                -0.292214425747289,
                1.0
            ],
            [
                -0.9873269148387591,
                -1.2783763020051273e-17,
                -0.24002720830584542,
                1.0
            ],
            [
                -0.9974660727554435,
                -5.656926979987548e-18,
                -0.18918109868876934,
                1.0
            ],
            [
                -0.9974660791856784,
                -4.11840756804356e-19,
                -0.013410241734561096,
                1.0
            ],
            [
                -0.9974660737154558,
                5.2449457251476214e-18,
                0.17615750392426638,
                1.0
            ],
            [
                -0.9894687676080779,
                1.2432100222639503e-17,
                0.23768057884333238,
                1.0
            ],
            [
                -0.9396460519893229,
                2.0605017519511483e-17,
                0.2922560786341387,
                1.0
            ],
            [
                -0.8521433912629701,
                2.5329061918365042e-17,
                0.2922566336753871,
                1.0
            ],
            [
                -0.5338104142180585,
                2.781893839430701e-17,
                0.29225692621796956,
                1.0
            ],
            [
                -0.022059366717008238,
                2.87317100133188e-17,
                0.29225703346207144,
                1.0
            ],
            [
                0.5051992804253981,
                2.7891030230300874e-17,
                0.2922569346882417,
                1.0
            ]
        ],
        "overrideEnabled": true,
        "useOutlinerColor": false,
        "outlinerColor": [
            0.0,
            0.0,
            0.0
        ]
    }
}