{"newControl_ctrlShape": {"overrideRGBColors": true, "knots": [-0.125, -0.0625, 0.0, 0.0625, 0.125, 0.1875, 0.25, 0.3125, 0.375, 0.4375, 0.5, 0.5625, 0.625, 0.6875, 0.75, 0.8125, 0.875, 0.9375000000000001, 1.0, 1.0625, 1.125], "degree": 3, "form": 3, "overrideColorRGB": [0.15999996662139893, 0.2999999225139618, 0.875], "cvs": [[-0.6874393293345287, 2.693578965244086e-17, 0.2932347804995941, 1.0], [3.37388236318245e-16, 2.924035151078566e-17, 0.29323505126904154, 1.0], [0.6798977452325032, 2.693578965244086e-17, 0.2932347804995938, 1.0], [0.7919962040394423, 2.0673967358548004e-17, 0.2932340447805, 1.0], [0.9618565535046045, 1.1157435743946828e-17, 0.19031265119306615, 1.0], [1.0183239366937245, 2.3951929125374284e-22, 3.911646874479629e-06, 1.0], [0.9618565535046051, -1.1158013957540473e-17, -0.1903220941376617, 1.0], [0.7919962040394407, -2.0673040903677354e-17, -0.2931922525120738, 1.0], [0.6798977452325032, -2.6937561318084876e-17, -0.2931929885481773, 1.0], [-1.7615709046273693e-16, -2.9236159874550565e-17, -0.2931932586169795, 1.0], [-0.6874393293345291, -2.6937561318084854e-17, -0.293192988548177, 1.0], [-0.8034259851424618, -2.0673040903677385e-17, -0.29319225251207337, 1.0], [-0.9593710858981848, -1.1158013957540415e-17, -0.18627314531105055, 1.0], [-1.018434533257563, 2.3951929123620663e-22, 3.911646875394435e-06, 1.0], [-0.9593710858981845, 1.1157435743946883e-17, 0.18626370236645806, 1.0], [-0.8034259851424609, 2.0673967358548016e-17, 0.29323404478050047, 1.0], [-0.6874393293345287, 2.693578965244086e-17, 0.2932347804995941, 1.0], [3.37388236318245e-16, 2.924035151078566e-17, 0.29323505126904154, 1.0], [0.6798977452325032, 2.693578965244086e-17, 0.2932347804995938, 1.0]], "overrideEnabled": true, "useOutlinerColor": false, "outlinerColor": [0.0, 0.0, 0.0]}}