{"sphere_axis_loShape": {"overrideRGBColors": true, "knots": [95.205283, 219.853955, 225.498215, 231.142475, 236.786735, 253.719516, 275.825888, 281.188457, 282.599522, 287.962091, 293.32466, 294.735726, 300.098295, 305.460864, 306.871929, 308.282994, 309.69406, 315.056629, 320.419198, 321.830263, 323.241328, 328.603897, 333.966466], "degree": 1, "form": 1, "overrideColorRGB": [0.15999996662139893, 0.2999999225139618, 0.875], "cvs": [[-0.0007019891194527396, 0.0004070154075037635, 0.00025908483779882275, 1.0], [-0.0007019891194527396, 0.26307219614326455, 0.00025908483779882275, 1.0], [-0.0007019891194526229, 0.26307219614326455, -0.2624060958979623, 1.0], [-0.0007019891194526229, 0.0004070154075037635, -0.2624060958979623, 1.0], [-0.0007019891194527396, 0.0004070154075037635, 0.00025908483779882275, 1.0], [-0.0007019891194526229, 0.0004070154075037635, -0.2624060958979623, 1.0], [-0.000701989119452166, 0.0004070154075037635, -1.291163487795569, 1.0], [-0.000701989119452273, 0.06607331059144406, -1.0504016846419428, 1.0], [-0.057570662573962546, 0.03324013973112892, -1.0504016846419428, 1.0], [-0.000701989119452166, 0.0004070154075037635, -1.291163487795569, 1.0], [-0.057570662573962546, 0.03324013973112892, -1.0504016846419428, 1.0], [-0.057570662573962546, -0.032426155452811745, -1.0504016846419428, 1.0], [-0.000701989119452166, 0.0004070154075037635, -1.291163487795569, 1.0], [-0.000701978688346183, -0.0652592797764366, -1.0504016846419428, 1.0], [-0.057570662573962546, -0.032426155452811745, -1.0504016846419428, 1.0], [-0.000701978688346183, -0.0652592797764366, -1.0504016846419428, 1.0], [0.05616673087174829, -0.032426108916121264, -1.0504016846419428, 1.0], [-0.000701989119452166, 0.0004070154075037635, -1.291163487795569, 1.0], [0.05616673087174829, -0.032426108916121264, -1.0504016846419428, 1.0], [0.056166684335058024, 0.03324018626781933, -1.0504016846419428, 1.0], [-0.000701989119452273, 0.06607331059144406, -1.0504016846419428, 1.0], [-0.000701989119452166, 0.0004070154075037635, -1.291163487795569, 1.0], [0.056166684335058024, 0.03324018626781933, -1.0504016846419428, 1.0]], "overrideEnabled": true, "useOutlinerColor": false, "outlinerColor": [0.0, 0.0, 0.0]}, "sphere_axis_loShape1": {"overrideRGBColors": true, "knots": [0.0, 1.0, 2.0, 3.0, 4.0, 5.0, 6.0, 7.0, 8.0, 9.0, 10.0, 11.0, 12.0, 13.0, 14.0, 15.0, 16.0, 17.0, 18.0, 19.0, 20.0, 21.0, 22.0, 23.0, 24.0, 25.0, 26.0, 27.0, 28.0, 29.0, 30.0, 31.0, 32.0, 33.0, 34.0, 35.0, 36.0, 37.0, 38.0, 39.0, 40.0, 41.0, 42.0, 43.0, 44.0, 45.0, 46.0, 47.0, 48.0, 49.0, 50.0, 51.0, 52.0], "degree": 1, "form": 1, "overrideColorRGB": [0.15999996662139893, 0.2999999225139618, 0.875], "cvs": [[0.0, 0.9961626201591407, 0.0, 1.0], [-1.6929324607522456e-16, 0.9203347215126291, 0.3812144999703615, 1.0], [-3.1281358030671207e-16, 0.7043935618528696, 0.7043935618528696, 1.0], [-4.0871071927412087e-16, 0.3812144999703615, 0.9203347215126291, 1.0], [-4.4238507086864085e-16, 0.0, 0.9961626201591407, 1.0], [-4.0871071927412087e-16, -0.3812144999703615, 0.9203347215126291, 1.0], [-3.1281358030671207e-16, -0.7043935618528696, 0.7043935618528696, 1.0], [-1.6929324607522456e-16, -0.9203347215126291, 0.3812144999703615, 1.0], [0.0, -0.9961626201591407, 0.0, 1.0], [1.6929324607522456e-16, -0.9203347215126291, -0.3812144999703615, 1.0], [3.1281358030671207e-16, -0.7043935618528696, -0.7043935618528696, 1.0], [4.0871071927412087e-16, -0.3812144999703615, -0.9203347215126291, 1.0], [4.4238507086864085e-16, 0.0, -0.9961626201591407, 1.0], [4.0871071927412087e-16, 0.3812144999703615, -0.9203347215126291, 1.0], [3.1281358030671207e-16, 0.7043935618528696, -0.7043935618528696, 1.0], [1.6929324607522456e-16, 0.9203347215126291, -0.3812144999703615, 1.0], [0.0, 0.9961626201591407, 0.0, 1.0], [0.3812144999703615, 0.9203347215126291, 1.6929324607522456e-16, 1.0], [0.7043935618528696, 0.7043935618528696, 3.1281358030671207e-16, 1.0], [0.9203347215126291, 0.3812144999703615, 4.0871071927412087e-16, 1.0], [0.9961626201591407, 0.0, 4.4238507086864085e-16, 1.0], [0.9203347215126291, -0.3812144999703615, 4.0871071927412087e-16, 1.0], [0.7043935618528696, -0.7043935618528696, 3.1281358030671207e-16, 1.0], [0.3812144999703615, -0.9203347215126291, 1.6929324607522456e-16, 1.0], [0.0, -0.9961626201591407, 0.0, 1.0], [-0.3812144999703615, -0.9203347215126291, -1.6929324607522456e-16, 1.0], [-0.7043935618528696, -0.7043935618528696, -3.1281358030671207e-16, 1.0], [-0.9203347215126291, -0.3812144999703615, -4.0871071927412087e-16, 1.0], [-0.9961626201591407, 0.0, -4.4238507086864085e-16, 1.0], [-0.9203347215126291, 0.3812144999703615, -4.0871071927412087e-16, 1.0], [-0.7043935618528696, 0.7043935618528696, -3.1281358030671207e-16, 1.0], [-0.3812144999703615, 0.9203347215126291, -1.6929324607522456e-16, 1.0], [0.0, 0.9961626201591407, 0.0, 1.0], [-1.6929324607522456e-16, 0.9203347215126291, 0.3812144999703615, 1.0], [-3.1281358030671207e-16, 0.7043935618528696, 0.7043935618528696, 1.0], [-4.0871071927412087e-16, 0.3812144999703615, 0.9203347215126291, 1.0], [-4.4238507086864085e-16, 0.0, 0.9961626201591407, 1.0], [0.3812144999703611, 0.0, 0.9203347215126293, 1.0], [0.7043935618528693, 0.0, 0.7043935618528699, 1.0], [0.9203347215126289, 0.0, 0.3812144999703619, 1.0], [0.9961626201591407, 0.0, 4.4238507086864085e-16, 1.0], [0.9203347215126293, 0.0, -0.3812144999703611, 1.0], [0.7043935618528699, 0.0, -0.7043935618528693, 1.0], [0.3812144999703619, 0.0, -0.9203347215126289, 1.0], [4.4238507086864085e-16, 0.0, -0.9961626201591407, 1.0], [-0.3812144999703611, 0.0, -0.9203347215126293, 1.0], [-0.7043935618528693, 0.0, -0.7043935618528699, 1.0], [-0.9203347215126289, 0.0, -0.3812144999703619, 1.0], [-0.9961626201591407, 0.0, -4.4238507086864085e-16, 1.0], [-0.9203347215126293, 0.0, 0.3812144999703611, 1.0], [-0.7043935618528699, 0.0, 0.7043935618528693, 1.0], [-0.3812144999703619, 0.0, 0.9203347215126289, 1.0], [-4.4238507086864085e-16, 0.0, 0.9961626201591407, 1.0]], "overrideEnabled": true, "useOutlinerColor": false, "outlinerColor": [0.0, 0.0, 0.0]}}