{"nurbsCircle2Shape2": {"overrideRGBColors": false, "knots": [-2.0, -1.0, 0.0, 1.0, 2.0, 3.0, 4.0, 5.0, 6.0, 7.0, 8.0, 9.0, 10.0], "degree": 3, "form": 3, "overrideColorRGB": [0.0, 0.0, 0.0], "cvs": [[-3.000110939173828e-16, -0.7836116248912245, -0.7836116248912246, 1.0], [6.78573232311091e-17, -6.785732323110915e-17, -1.1081941875543877, 1.0], [3.9597584073715224e-16, 0.7836116248912245, -0.7836116248912244, 1.0], [4.921370811114603e-16, 1.1081941875543881, -5.74489823752483e-17, 1.0], [3.000110939173828e-16, 0.7836116248912245, 0.7836116248912245, 1.0], [-6.785732323110912e-17, 1.1100856969603227e-16, 1.1081941875543884, 1.0], [-3.9597584073715224e-16, -0.7836116248912245, 0.7836116248912244, 1.0], [-4.921370811114603e-16, -1.1081941875543881, 1.511240500779959e-16, 1.0], [-3.000110939173828e-16, -0.7836116248912245, -0.7836116248912246, 1.0], [6.78573232311091e-17, -6.785732323110915e-17, -1.1081941875543877, 1.0], [3.9597584073715224e-16, 0.7836116248912245, -0.7836116248912244, 1.0]], "overrideEnabled": false, "useOutlinerColor": false, "outlinerColor": [0.0, 0.0, 0.0]}, "nurbsCircle2Shape1": {"overrideRGBColors": false, "knots": [-2.0, -1.0, 0.0, 1.0, 2.0, 3.0, 4.0, 5.0, 6.0, 7.0, 8.0, 9.0, 10.0], "degree": 3, "form": 3, "overrideColorRGB": [0.0, 0.0, 0.0], "cvs": [[0.7836116248912244, -0.7836116248912247, 2.2197910707351852e-16, 1.0], [1.1081941875543877, -3.1392586378683917e-16, 3.1392586378683917e-16, 1.0], [0.7836116248912246, 0.7836116248912243, 2.2197910707351847e-16, 1.0], [3.035175229309785e-16, 1.1081941875543881, 1.6273972213863125e-32, 1.0], [-0.7836116248912243, 0.7836116248912247, -2.219791070735185e-16, 1.0], [-1.1081941875543884, 3.5707711025176245e-16, -3.1392586378683937e-16, 1.0], [-0.7836116248912246, -0.7836116248912243, -2.2197910707351847e-16, 1.0], [-3.9719259063372606e-16, -1.1081941875543881, -4.2809959204349347e-32, 1.0], [0.7836116248912244, -0.7836116248912247, 2.2197910707351852e-16, 1.0], [1.1081941875543877, -3.1392586378683917e-16, 3.1392586378683917e-16, 1.0], [0.7836116248912246, 0.7836116248912243, 2.2197910707351847e-16, 1.0]], "overrideEnabled": false, "useOutlinerColor": false, "outlinerColor": [0.0, 0.0, 0.0]}, "nurbsCircle2Shape0": {"overrideRGBColors": false, "knots": [-2.0, -1.0, 0.0, 1.0, 2.0, 3.0, 4.0, 5.0, 6.0, 7.0, 8.0, 9.0, 10.0], "degree": 3, "form": 3, "overrideColorRGB": [0.0, 0.0, 0.0], "cvs": [[0.7836116248912245, 4.798237340988473e-17, -0.7836116248912246, 1.0], [6.785732323110912e-17, 6.785732323110912e-17, -1.1081941875543877, 1.0], [-0.7836116248912245, 4.798237340988472e-17, -0.7836116248912244, 1.0], [-1.1081941875543881, 3.517735619006027e-33, -5.74489823752483e-17, 1.0], [-0.7836116248912245, -4.7982373409884725e-17, 0.7836116248912245, 1.0], [-1.1100856969603225e-16, -6.785732323110917e-17, 1.1081941875543884, 1.0], [0.7836116248912245, -4.798237340988472e-17, 0.7836116248912244, 1.0], [1.1081941875543881, -9.253679210110099e-33, 1.511240500779959e-16, 1.0], [0.7836116248912245, 4.798237340988473e-17, -0.7836116248912246, 1.0], [6.785732323110912e-17, 6.785732323110912e-17, -1.1081941875543877, 1.0], [-0.7836116248912245, 4.798237340988472e-17, -0.7836116248912244, 1.0]], "overrideEnabled": false, "useOutlinerColor": false, "outlinerColor": [0.0, 0.0, 0.0]}}