{"sphere_half_curvedShape": {"overrideRGBColors": true, "knots": [-2.0, -1.0, 0.0, 1.0, 2.0, 3.0, 4.0, 5.0, 6.0, 7.0, 8.0, 9.0, 10.0], "degree": 3, "form": 3, "overrideColorRGB": [0.15999996662139893, 0.2999999225139618, 0.875], "cvs": [[-2.831930112028025e-15, 0.7836116248912246, 0.7836116248912245, 1.0], [-5.48136521545717e-15, 1.1081941875543877, 6.785732323110921e-17, 1.0], [-4.91989091599163e-15, 0.7836116248912244, -0.7836116248912245, 1.0], [-1.476411243334381e-15, -1.7184072746563883e-47, -1.1081941875543881, 1.0], [-9.959980285719178e-16, 2.3439299723759e-31, -0.7836116248912245, 1.0], [6.785732323110902e-17, 3.3148175561867925e-31, -1.1100856969603233e-16, 1.0], [1.0919627753916874e-15, 2.3439299723758995e-31, 0.7836116248912245, 1.0], [1.476411243334381e-15, 4.52040499748612e-47, 1.1081941875543881, 1.0], [-2.831930112028025e-15, 0.7836116248912246, 0.7836116248912245, 1.0], [-5.48136521545717e-15, 1.1081941875543877, 6.785732323110921e-17, 1.0], [-4.91989091599163e-15, 0.7836116248912244, -0.7836116248912245, 1.0]], "overrideEnabled": true, "useOutlinerColor": false, "outlinerColor": [0.0, 0.0, 0.0]}, "sphere_half_curvedShape1": {"overrideRGBColors": true, "knots": [-2.0, -1.0, 0.0, 1.0, 2.0, 3.0, 4.0, 5.0, 6.0, 7.0, 8.0, 9.0, 10.0], "degree": 3, "form": 3, "overrideColorRGB": [0.15999996662139893, 0.2999999225139618, 0.875], "cvs": [[0.7836116248912207, 0.7836116248912284, 1.349807402417018e-16, 1.0], [-5.345650568994953e-15, 1.1081941875543877, 6.785732323110913e-17, 1.0], [-0.7836116248912283, 0.7836116248912206, -3.90159934219322e-17, 1.0], [-1.1081941875543881, -5.413507892226063e-15, -1.2303427027786518e-16, 1.0], [-0.7836116248912245, -3.827928140599943e-15, -1.349807402417018e-16, 1.0], [-1.1100856969603224e-16, -5.422747880318617e-31, -6.785732323110918e-17, 1.0], [0.7836116248912245, 3.827928140599943e-15, 3.90159934219322e-17, 1.0], [1.1081941875543881, 5.413507892226063e-15, 1.2303427027786518e-16, 1.0], [0.7836116248912207, 0.7836116248912284, 1.349807402417018e-16, 1.0], [-5.345650568994953e-15, 1.1081941875543877, 6.785732323110913e-17, 1.0], [-0.7836116248912283, 0.7836116248912206, -3.90159934219322e-17, 1.0]], "overrideEnabled": true, "useOutlinerColor": false, "outlinerColor": [0.0, 0.0, 0.0]}}