{"RingControl_0_L_newControlShape": {"overrideRGBColors": true, "knots": [-1.0, -0.565729428, 0.0, 0.5999999608, 1.0, 1.386795415, 2.0, 2.591069905, 3.0, 3.402244971, 4.0, 4.547934889, 5.0, 5.41496023, 6.0, 6.547970377, 7.0, 7.434270572, 8.0, 8.5999999608, 9.0], "degree": 3, "form": 3, "overrideColorRGB": [1.0, 0.0, 0.18000000715255737], "cvs": [[0.5208496677309475, 6.009674052331647e-17, -1.0, 1.0], [-0.01171216892027778, 6.124685598560308e-17, -1.0, 1.0], [-0.5341877405978952, 6.005319599844187e-17, -1.0, 1.0], [-1.0, 0.0, -1.0, 1.0], [-1.0, 3.1336144257620793e-17, -0.5715723516605623, 1.0], [-1.0, 4.2996129072883545e-19, -0.00816812026607553, 1.0], [-1.0, -3.090618296689196e-17, 0.573939604808934, 1.0], [-1.0, 0.0, 1.0, 1.0], [-0.534187740597688, -6.005604843406574e-17, 1.0, 1.0], [0.0013337703701927558, -6.123172707251659e-17, 1.0000000960014437, 1.0], [0.5208496677303525, -6.011935046494303e-17, 0.9999999143365621, 1.0], [1.0, 0.0, 1.0, 1.0], [1.0, -3.078904892077658e-17, 0.5739395830090901, 1.0], [1.0, -7.20064806033537e-19, 0.013235042050738546, 1.0], [1.0, 3.0068984114743046e-17, -0.5715721158291002, 1.0], [1.0, 0.0, -1.0, 1.0], [0.5208496677309475, 6.009674052331647e-17, -1.0, 1.0], [-0.01171216892027778, 6.124685598560308e-17, -1.0, 1.0], [-0.5341877405978952, 6.005319599844187e-17, -1.0, 1.0]], "overrideEnabled": true, "useOutlinerColor": false, "outlinerColor": [0.0, 0.0, 0.0]}}