{"hand_sliders_L_newControl1Shape": {"overrideRGBColors": true, "knots": [0.0, 0.0, 0.0, 1.0, 1.569653019, 2.0, 3.0, 4.0, 5.0, 5.382584402, 6.0, 7.0, 8.0, 9.0, 11.0, 12.0, 13.0, 14.0, 15.0, 16.0, 17.0, 17.0, 17.0], "degree": 3, "form": 1, "overrideColorRGB": [1.0, 0.0, 0.0], "cvs": [[-1.0038707024913964, -3.903233581235047e-11, -0.28917791306981416, 1.0], [-1.0038707024913964, 5.227490397716888e-11, 0.010141783665706394, 1.0], [-1.0004379105242418, 1.2393226980736497e-10, 0.3010021772019596, 1.0], [-0.8028253885088082, 1.8828218429309637e-10, 0.6202021618072792, 1.0], [-0.5006221175508678, 2.290184864379801e-10, 0.8922709329314037, 1.0], [-0.18709078009363952, 2.2901812498205512e-10, 1.00229696830678, 1.0], [0.1870907800936414, 2.2901790189296877e-10, 1.0022969683067795, 1.0], [0.47518019491173064, 2.2901772471677636e-10, 0.9059432092585159, 1.0], [0.7783524131376997, 1.896412652483045e-10, 0.654607636327985, 1.0], [0.9738417190564989, 1.3193303136986148e-10, 0.3548771640476031, 1.0], [1.0038707024913964, 5.227334235356454e-11, 0.010141783665703202, 1.0], [1.0038707024913964, -3.903389743595481e-11, -0.2891779130698173, 1.0], [1.0038707024913964, -1.377079850344134e-10, -0.7612995510134362, 1.0], [1.0038707024913964, -2.2901901733840044e-10, -0.9998782166917728, 1.0], [0.7480099658874302, -2.2901879424931411e-10, -0.9998782166917721, 1.0], [0.4029162740803006, -2.2901857116022782e-10, -0.9998782166917716, 1.0], [-0.40291627408030317, -2.2901812498205512e-10, -0.9998782166917701, 1.0], [-0.7480099658874317, -2.2901790189296877e-10, -0.9998782166917699, 1.0], [-1.0038707024913964, -2.290174557147961e-10, -0.9998782166917692, 1.0], [-1.0038707024913964, -1.3770642341080906e-10, -0.7612995510134326, 1.0], [-1.0038707024913964, -3.903233581235047e-11, -0.28917791306981416, 1.0]], "overrideEnabled": true, "useOutlinerColor": false, "outlinerColor": [0.0, 0.0, 0.0]}}