{"star_5_roundedShape": {"overrideRGBColors": false, "knots": [0.0, 1.0, 2.0, 3.0, 4.0, 5.0, 6.0, 7.0, 8.0, 9.0, 10.0, 11.0, 12.0, 13.0, 14.0, 15.0, 16.0, 17.0, 18.0, 19.0, 20.0, 21.0, 22.0, 23.0, 24.0, 25.0, 26.0, 27.0, 28.0, 29.0, 30.0, 31.0, 32.0, 33.0, 34.0, 35.0, 36.0, 37.0, 38.0, 39.0, 40.0, 41.0, 42.0, 43.0, 44.0, 45.0, 46.0, 47.0, 48.0, 49.0, 50.0, 51.0, 52.0, 53.0, 54.0, 55.0, 56.0, 57.0, 58.0, 59.0, 60.0, 61.0, 62.0, 63.0, 64.0, 65.0, 66.0, 67.0, 68.0, 69.0, 70.0, 71.0, 72.0, 73.0, 74.0, 75.0, 76.0, 77.0, 78.0, 79.0, 80.0, 81.0, 82.0, 83.0, 84.0, 85.0, 86.0, 87.0, 88.0, 89.0, 90.0, 91.0, 92.0, 93.0, 94.0, 95.0, 96.0, 97.0, 98.0, 99.0, 100.0], "degree": 1, "form": 3, "overrideColorRGB": [0.0, 0.0, 0.0], "cvs": [[-0.5377060890197753, -3.5608134313586204e-16, 0.198176097869873, 1.0], [-0.5232746124267578, -3.5067803526203215e-16, 0.21034326553344718, 1.0], [-0.5109044075012207, -3.445157646916387e-16, 0.22421946525573722, 1.0], [-0.5006820201873778, -3.3771248076258687e-16, 0.23953909873962398, 1.0], [-0.4926940441131592, -3.3038613281278186e-16, 0.2560365676879882, 1.0], [-0.4870271682739258, -3.2265467018012877e-16, 0.2734462738037109, 1.0], [-0.4837678909301758, -3.146360210267091e-16, 0.2915026664733886, 1.0], [-0.48300285339355464, -3.0644815586625173e-16, 0.3099400997161865, 1.0], [-0.484818696975708, -2.9820900286083814e-16, 0.3284930229187011, 1.0], [-0.4893020153045654, -2.9003651134837343e-16, 0.3468958377838134, 1.0], [-0.6450368404388427, -7.72599979953888e-17, 0.8260259509086609, 1.0], [-0.651985502243042, -5.962102920671858e-17, 0.8657453775405883, 1.0], [-0.6473636388778686, -4.3223069564894325e-17, 0.9026703000068664, 1.0], [-0.6329552888870239, -2.863789013211432e-17, 0.9355132043361664, 1.0], [-0.6105445623397827, -1.6437279175933596e-17, 0.9629865378141403, 1.0], [-0.581915521621704, -7.19301900820679e-18, 0.9838027611374855, 1.0], [-0.5488522529602051, -1.4768935951497436e-18, 0.9966743312776088, 1.0], [-0.5131388664245605, 1.3931345891320888e-19, 1.0003137060208247, 1.0], [-0.4765593528747558, -2.9161812435471115e-18, 0.9934333436191082, 1.0], [-0.44089794158935547, -1.1215160913944246e-17, 0.9747457027435302, 1.0], [-0.03332166671752923, -1.4268176822874493e-16, 0.6787092208862304, 1.0], [-0.01731109619140625, -1.471124493450664e-16, 0.6687322139739991, 1.0], [-0.00033054351806638405, -1.504354548883516e-16, 0.6612494707107544, 1.0], [0.017342853546142623, -1.526507954465123e-16, 0.6562609672546387, 1.0], [0.035431957244873136, -1.5375847101954862e-16, 0.6537667036056518, 1.0], [0.0536596298217773, -1.5375847101954862e-16, 0.6537667036056518, 1.0], [0.07174873352050781, -1.526507954465123e-16, 0.6562609672546387, 1.0], [0.08942213058471693, -1.504354548883516e-16, 0.6612494707107544, 1.0], [0.10640258789062496, -1.471124493450664e-16, 0.6687322139739991, 1.0], [0.12241315841674805, -1.4268176822874493e-16, 0.6787092208862304, 1.0], [0.5299894332885744, -1.1215160913944246e-17, 0.9747457027435302, 1.0], [0.5656509399414062, -2.823875166375584e-18, 0.993641198426485, 1.0], [0.6022304534912111, 3.0084869071283324e-19, 1.0006774510256946, 1.0], [0.6379438400268556, -1.2692054178221745e-18, 0.9971420034766197, 1.0], [0.6710071563720703, -6.962254146150217e-18, 0.9843223974108696, 1.0], [0.6996360778808595, -1.6206514313877025e-17, 0.9635061740875244, 1.0], [0.7220468521118164, -2.8430200300425524e-17, 0.9359808802604676, 1.0], [0.7364551544189455, -4.306153244091905e-17, 0.9030340492725373, 1.0], [0.7410770416259767, -5.952872379129154e-17, 0.8659532308578491, 1.0], [0.7341283798217775, -7.72599979953888e-17, 0.8260259509086609, 1.0], [0.5783935546875001, -2.9003651134837343e-16, 0.3468958377838134, 1.0], [0.5738871574401856, -2.9819875376217634e-16, 0.3285161018371582, 1.0], [0.572013568878174, -3.0641226284511183e-16, 0.31002092361450195, 1.0], [0.5727035522460939, -3.145667972590948e-16, 0.2916585445404052, 1.0], [0.5758877754211427, -3.2255211566603995e-16, 0.2736772060394287, 1.0], [0.5814969062805178, -3.302579343762149e-16, 0.25632524490356445, 1.0], [0.5894618034362793, -3.3757403322735815e-16, 0.2398508548736572, 1.0], [0.5997130393981935, -3.443901285297372e-16, 0.22450237274169915, 1.0], [0.6121814727783204, -3.5059600012109054e-16, 0.21052799224853513, 1.0], [0.6267976760864258, -3.5608134313586204e-16, 0.198176097869873, 1.0], [1.0336723327636719, -4.875479716264864e-16, -0.09786043167114267, 1.0], [1.0625728607177733, -5.000630951804055e-16, -0.12604198455810556, 1.0], [1.0805088043212892, -5.145628169297414e-16, -0.15869245529174814, 1.0], [1.0881561279296874, -5.301240403685764e-16, -0.19373321533203125, 1.0], [1.0861902236938477, -5.458237113426402e-16, -0.2290857315063477, 1.0], [1.0752864837646485, -5.607388180493096e-16, -0.2626715660095216, 1.0], [1.0561206817626956, -5.739462216310197e-16, -0.2924119949340822, 1.0], [1.029368019104004, -5.845229526367946e-16, -0.3162286758422852, 1.0], [0.9957042694091798, -5.9154587220906955e-16, -0.33204288482666033, 1.0], [0.955805015563965, -5.940919685452212e-16, -0.33777618408203125, 1.0], [0.4521220207214356, -5.940919685452212e-16, -0.33777618408203125, 1.0], [0.43321886062622084, -5.946915408169352e-16, -0.33912630081176776, 1.0], [0.415008544921875, -5.964423579189098e-16, -0.3430687904357912, 1.0], [0.39771623611450213, -5.992726338088653e-16, -0.3494420051574707, 1.0], [0.38156709671020517, -6.031106247961693e-16, -0.3580843925476076, 1.0], [0.36678628921508794, -6.078844601352472e-16, -0.3688341140747071, 1.0], [0.3535991668701173, -6.135223537838192e-16, -0.38152952194213885, 1.0], [0.3422306060791016, -6.199525620512528e-16, -0.3960090637207032, 1.0], [0.3329060554504395, -6.271032988952683e-16, -0.4121110916137696, 1.0], [0.3258505821228028, -6.349026935702912e-16, -0.42967376708984384, 1.0], [0.17011575698852544, -8.473676946750553e-16, -0.9081024169921876, 1.0], [0.15224027633666992, -8.634288793110071e-16, -0.9442689895629883, 1.0], [0.1267261505126953, -8.754747889637947e-16, -0.9713939666748048, 1.0], [0.09575586318969731, -8.835054236334181e-16, -0.9894773483276369, 1.0], [0.06151189804077162, -8.875206986165823e-16, -0.9985189437866211, 1.0], [0.026176643371581987, -8.875206986165823e-16, -0.9985189437866211, 1.0], [-0.008067321777343706, -8.835054236334181e-16, -0.9894773483276369, 1.0], [-0.03903760910034171, -8.754747889637947e-16, -0.9713939666748048, 1.0], [-0.06455173492431632, -8.634288793110071e-16, -0.9442689895629883, 1.0], [-0.08242721557617183, -8.473676946750553e-16, -0.9081024169921876, 1.0], [-0.23816204071044922, -6.349026935702912e-16, -0.42967376708984384, 1.0], [-0.24521756172180176, -6.271032988952683e-16, -0.4121110916137696, 1.0], [-0.25454211235046387, -6.199525620512528e-16, -0.3960090637207032, 1.0], [-0.2659105777740478, -6.135223537838192e-16, -0.38152952194213885, 1.0], [-0.2790977954864502, -6.078844601352472e-16, -0.3688341140747071, 1.0], [-0.29387855529785156, -6.031106247961693e-16, -0.3580843925476076, 1.0], [-0.31002764701843255, -5.992726338088653e-16, -0.3494420051574707, 1.0], [-0.3273200035095214, -5.964423579189098e-16, -0.3430687904357912, 1.0], [-0.3455303192138671, -5.946915408169352e-16, -0.33912630081176776, 1.0], [-0.36443352699279785, -5.940919685452212e-16, -0.33777618408203125, 1.0], [-0.8667134284973145, -5.940919685452212e-16, -0.33777618408203125, 1.0], [-0.9068216145038605, -5.915356231104077e-16, -0.3320198059082031, 1.0], [-0.940647977590561, -5.84487038439831e-16, -0.3161478042602539, 1.0], [-0.9675227671861648, -5.73877019039229e-16, -0.2922561645507813, 1.0], [-0.9867762327194214, -5.606362423593971e-16, -0.262440586090088, 1.0], [-0.997738622315228, -5.456955129060732e-16, -0.22879705429077157, 1.0], [-0.9997401821427048, -5.299855928333477e-16, -0.19342145919799814, 1.0], [-0.9921111598610878, -5.144371595920163e-16, -0.15840950012207045, 1.0], [-0.9741818010807037, -4.999810600394639e-16, -0.1258572578430177, 1.0], [-0.9452823579311371, -4.875479716264864e-16, -0.09786043167114267, 1.0],