{"star_Shape7": {"overrideRGBColors": false, "knots": [0.0, 1.0, 2.0, 3.0, 4.0, 5.0, 6.0, 7.0, 8.0, 9.0, 10.0, 11.0, 12.0, 13.0, 14.0], "degree": 1, "form": 3, "overrideColorRGB": [0.0, 0.0, 0.0], "cvs": [[-0.006127068544166503, 0.00019407602238155354, -0.9637721412514911, 1.0], [-0.26280359413136367, 0.00019407602238176975, -0.4854550275762551, 1.0], [-0.7979596799407056, 0.00019407602238173593, -0.5799978584601699, 1.0], [-0.583600640388827, 0.00019407602238195407, -0.08112443869464309, 1.0], [-0.990740439823423, 0.00019407602238211957, 0.27775763927113606, 1.0], [-0.4668028527875917, 0.0001940760223821755, 0.42172678971942257, 1.0], [-0.4392596605191246, 0.00019407602238241572, 0.9640017359239181, 1.0], [-0.0005008158311228805, 0.00019407602238226719, 0.6442953157691235, 1.0], [0.44058828840489794, 0.0001940760223824011, 0.9612259753727671, 1.0], [0.4643112628971193, 0.0001940760223821602, 0.419244925211474, 1.0], [0.9872649470012105, 0.00019407602238208672, 0.2716386483420704, 1.0], [0.5775796159234337, 0.00019407602238193458, -0.0852354891825587, 1.0], [0.7881079647497091, 0.0001940760223817096, -0.5849139437499837, 1.0], [0.2536913302424322, 0.00019407602238176097, -0.4875120458618141, 1.0], [-0.006127068544166503, 0.00019407602238155354, -0.9637721412514911, 1.0]], "overrideEnabled": false, "useOutlinerColor": false, "outlinerColor": [0.0, 0.0, 0.0]}}