{"star_4_pointcrvShape": {"overrideRGBColors": true, "knots": [-2.0, -1.0, 0.0, 1.0, 2.0, 3.0, 4.0, 5.0, 6.0, 7.0, 8.0, 9.0, 10.0], "degree": 3, "form": 3, "overrideColorRGB": [0.15999996662139893, 0.2999999225139618, 0.875], "cvs": [[0.09209626714233494, -4.6538228443843815e-17, -0.09209626714233494, 1.0], [1.452404471685691, -6.449971542135961e-16, 1.6570198376171493e-16, 1.0], [0.09209626714233508, -3.525968856691587e-17, 0.09209626714233494, 1.0], [5.663768271050608e-16, 8.893412436585892e-17, 1.4524044716856908, 1.0], [-0.09209626714233465, 4.6538228443843673e-17, 0.09209626714233494, 1.0], [-1.452404471685691, 6.449971542135961e-16, 4.3763781261645455e-16, 1.0], [-0.09209626714233479, 3.525968856691575e-17, -0.09209626714233479, 1.0], [-6.345829274963752e-16, -8.893412436585891e-17, -1.4524044716856908, 1.0], [0.09209626714233494, -4.6538228443843815e-17, -0.09209626714233494, 1.0], [1.452404471685691, -6.449971542135961e-16, 1.6570198376171493e-16, 1.0], [0.09209626714233508, -3.525968856691587e-17, 0.09209626714233494, 1.0]], "overrideEnabled": true, "useOutlinerColor": false, "outlinerColor": [0.0, 0.0, 0.0]}}