{"star_5_fatShape": {"overrideRGBColors": false, "knots": [0.0, 1.0, 2.0, 3.0, 4.0, 5.0, 6.0, 7.0, 8.0, 10.0, 12.0, 13.0, 14.0, 15.0, 16.0, 17.0, 18.0, 19.0, 20.0, 21.0, 22.0, 23.0, 24.0, 25.0, 26.0, 27.0, 28.0, 29.0, 30.0, 32.0, 34.0, 35.0, 36.0, 37.0, 38.0, 39.0, 40.0, 41.0, 42.0, 43.0, 44.0, 45.0, 46.0, 47.0, 48.0, 49.0, 50.0, 51.0, 52.0, 53.0, 54.0, 57.0, 60.0, 63.0, 65.0, 66.0, 67.0, 68.0, 69.0, 70.0, 71.0, 72.0, 73.0, 74.0, 75.0, 76.0, 77.0, 78.0, 79.0, 80.0, 81.0, 82.0, 83.0, 84.0, 85.0, 86.0, 87.0, 91.0, 95.0, 98.0, 99.0, 100.0, 101.0, 102.0, 103.0, 104.0, 105.0, 106.0, 107.0, 108.0, 109.0, 110.0, 111.0, 112.0, 113.0, 114.0, 115.0, 116.0, 117.0, 118.0, 119.0, 120.0, 121.0, 122.0, 123.0, 124.0, 125.0, 126.0, 127.0, 128.0, 129.0, 130.0, 131.0, 132.0], "degree": 1, "form": 3, "overrideColorRGB": [0.0, 0.0, 0.0], "cvs": [[0.3440506266442012, -6.771335540347278e-16, -0.5247670078507584, 1.0], [0.2858907589632907, -7.343267432926431e-16, -0.6535208151251204, 1.0], [0.2355062013397407, -7.801234430584309e-16, -0.7566191217981724, 1.0], [0.19222479413299476, -8.157900522915308e-16, -0.8369217481281347, 1.0], [0.15537452304525634, -8.425927158414986e-16, -0.8972693357759869, 1.0], [0.1242837380548695, -8.617978326677743e-16, -0.9405044276353458, 1.0], [0.09828026905854974, -8.746715476199135e-16, -0.9694723371021421, 1.0], [0.07669229991300183, -8.824801749540614e-16, -0.987020885486907, 1.0], [0.05884770133181638, -8.864900289263633e-16, -0.9959999842988282, 1.0], [0.03170063037657476, -8.881784197001252e-16, -0.9996667844772062, 1.0], [0.0058094025343241144, -8.865123905961708e-16, -0.995710296408611, 1.0], [-0.011992716168171783, -8.825554761830724e-16, -0.9865844522646786, 1.0], [-0.03401966419131847, -8.748500174619e-16, -0.968859486436044, 1.0], [-0.06101104999514117, -8.621464714288641e-16, -0.9396137329506914, 1.0], [-0.09370600014063865, -8.431952103768806e-16, -0.8958733419136152, 1.0], [-0.1328428569317351, -8.167466913021598e-16, -0.8346114044409384, 1.0], [-0.17915965373489165, -7.815514559042069e-16, -0.7527773221660627, 1.0], [-0.23339529237497286, -7.363599611792324e-16, -0.6473874359996352, 1.0], [-0.2962919797007135, -6.799226641234467e-16, -0.5157135582617256, 1.0], [-0.36849836962475313, -6.109900217330603e-16, -0.3559628420550172, 1.0], [-0.5150384583366819, -5.987949919299087e-16, -0.32683950640688625, 1.0], [-0.6355859720592181, -5.8735441437287635e-16, -0.30262205659489677, 1.0], [-0.733229353208168, -5.766710842706894e-16, -0.28071218813832854, 1.0], [-0.8106367303250992, -5.667477544804263e-16, -0.25999467737442933, 1.0], [-0.8702542840813999, -5.575873049141079e-16, -0.2402900483518835, 1.0], [-0.9144707158519882, -5.491924460771652e-16, -0.22176844614640887, 1.0], [-0.9456925597499046, -5.415660155299717e-16, -0.20458212086392152, 1.0], [-0.9663465936693726, -5.347108084812533e-16, -0.18896928342053146, 1.0], [-0.978911007288973, -5.286295354364409e-16, -0.17508141941934693, 1.0], [-0.989820487507955, -5.188001416000284e-16, -0.15255127604636975, 1.0], [-0.9947476145327749, -5.073483832080923e-16, -0.1261985242420917, 1.0], [-0.9923928260991968, -4.991743458604989e-16, -0.10729956467288132, 1.0], [-0.9838138580390089, -4.886393312273762e-16, -0.08283206184668619, 1.0], [-0.9667513014520089, -4.751965795412715e-16, -0.05144585436173266, 1.0], [-0.9389453128493842, -4.582995427929691e-16, -0.011757704010253715, 1.0], [-0.8982467309811306, -4.3740141886336893e-16, 0.03789843274395618, 1.0], [-0.8426218161810964, -4.1195565974325515e-16, 0.09941126078628972, 1.0], [-0.7699692159358233, -3.8141550566517507e-16, 0.17426391659408774, 1.0], [-0.6780279035619685, -3.4523432391661817e-16, 0.26292498812265125, 1.0], [-0.5641302196144379, -3.0286543943342655e-16, 0.36378466643060225, 1.0], [-0.5931622392475981, -2.3750172801464876e-16, 0.5161664968635998, 1.0], [-0.6131848671048321, -1.8312860789967446e-16, 0.6396800294987989, 1.0], [-0.6255811214174972, -1.3869460415151763e-16, 0.7391733303350663, 1.0], [-0.6314596296748594, -1.0314818889363312e-16, 0.818052921222575, 1.0], [-0.6318632348730535, -7.543785013134351e-17, 0.8791491608592971, 1.0], [-0.6278376535559747, -5.451210233975098e-17, 0.9250757579035443, 1.0], [-0.6204294084335297, -3.931942823022223e-17, 0.9583786488217728, 1.0], [-0.6106871740182765, -2.880832374901372e-17, 0.9814410962997195, 1.0], [-0.5996610300916142, -2.1927283518892944e-17, 0.996535898745526, 1.0], [-0.5884007774612938, -1.7624803486116365e-17, 1.0059592585901542, 1.0], [-0.5779559009947813, -1.4849378273451483e-17, 1.0120244310636923, 1.0], [-0.566549416808349, -1.2473031310396484e-17, 1.0172070867630914, 1.0], [-0.5541533559388606, -1.0887405485471135e-17, 1.0206384152312107, 1.0], [-0.5410221016734078, -1.0054847537192022e-17, 1.0224002399399623, 1.0], [-0.5319851697643685, -9.899585074471328e-18, 1.0226879312449737, 1.0], [-0.49852714373330226, -1.1923570301935479e-17, 1.0179890137866494, 1.0], [-0.45692407238959554, -1.7623641462791853e-17, 1.004949556009285, 1.0], [-0.40870520641777125, -2.6441970451247343e-17, 0.9845834730088213, 1.0], [-0.35539865118571795, -3.7820730484997837e-17, 0.9579968933242943, 1.0], [-0.29853191562942955, -5.120208816429431e-17, 0.9263457491810153, 1.0], [-0.23963153296440276, -6.602822464776653e-17, 0.8908576753173973, 1.0], [-0.18022301860486936, -8.174130521217648e-17, 0.8528427019876221, 1.0], [-0.1218307837770503, -9.778350572219801e-17, 0.8136888153178109, 1.0], [-0.06597866820425431, -1.1359699674854903e-16, 0.7748429327354076, 1.0], [-0.014189797644585413, -1.286239541559034e-16, 0.7377813468008516, 1.0], [0.032012286707492094, -1.423065432210231e-16, 0.7039777483668801, 1.0], [0.0949655292015297, -1.2379130296655056e-16, 0.7433157823287143, 1.0], [0.1589201892036997, -1.0527885792080395e-16, 0.7826152608910685, 1.0], [0.22280274129441513, -8.714015028116554e-17, 0.8208364798873441, 1.0], [0.2855442576224676, -6.974614871479718e-17, 0.8572950579336349, 1.0], [0.34607591419781036, -5.346780071303708e-17, 0.8913146895796915, 1.0], [0.4033286341172269, -3.867606700211319e-17, 0.9221994899155784, 1.0], [0.4562331596399828, -2.5741897720341664e-17, 0.9492175044056885, 1.0], [0.5037191809622831, -1.5036250946972522e-17, 0.9715922968778157, 1.0], [0.5447161086690196, -6.930081452533334e-18, 0.9885037101355786, 1.0], [0.5781529028508244, -1.7943463236573844e-18, 0.9990967595063577, 1.0], [0.6029581663748289, 0.0, 1.002496225353449, 1.0], [0.6252663500665822, -1.3573811340410408e-18, 0.9989255739260807, 1.0], [0.6420499487988385, -4.477498546375242e-18, 0.9915516630971491, 1.0], [0.6510116831620049, -7.115326896353359e-18, 0.9854392722945517, 1.0], [0.6592550088380934, -1.0307264678962783e-17, 0.9781008028579651, 1.0], [0.6671938885267783, -1.4718056402891545e-17, 0.9680298996621571, 1.0], [0.6741440761692772, -2.1459173407570814e-17, 0.9527323032708567, 1.0], [0.6794205036504511, -3.1642088355920746e-17, 0.929709181654893, 1.0], [0.6823391768264664, -4.637827258737251e-17, 0.8964562610653606, 1.0], [0.6822148675143705, -6.677920405880218e-17, 0.8504623246462482, 1.0], [0.6783629883850495, -9.395634616870706e-17, 0.7892067513619606, 1.0], [0.6700988046018245, -1.290211702565183e-16, 0.7101575002704789, 1.0], [0.6567369217375872, -1.7308515824957894e-16, 0.6107757518460248, 1.0], [0.6375925833989755, -2.272597656054524e-16, 0.48854257802754153, 1.0], [0.6119824688658624, -2.926564901333494e-16, 0.34103518651017106, 1.0], [0.7360454559326173, -3.407168430990268e-16, 0.23277387619018552, 1.0], [0.836939811706543, -3.80826775415186e-16, 0.14245433807373042, 1.0], [0.9169544219970704, -4.1381045013950525e-16, 0.06818170547485347, 1.0], [0.978378486633301, -4.4049203032966306e-16, 0.008100128173828103, 1.0], [1.0235013961791992, -4.616957637466326e-16, -0.03964643478393559, 1.0], [1.0546123504638674, -4.782458134480923e-16, -0.07691383361816406, 1.0], [1.074000358581543, -4.909663848433679e-16, -0.10555801391601571, 1.0], [1.0839551925659179, -5.00681640990138e-16, 