{"nurbsCircleShape1": {"overrideRGBColors": false, "knots": [-2.0, -1.0, 0.0, 1.0, 2.0, 3.0, 4.0, 5.0, 6.0, 7.0, 8.0, 9.0, 10.0], "degree": 3, "form": 3, "overrideColorRGB": [0.0, 0.0, 0.0], "cvs": [[1.3678491757196947, 8.37566057380735e-17, -1.3678491757196949, 1.0], [2.1793151383432252e-17, 2.179315138343192e-17, -0.3559091715032472, 1.0], [-1.3678491757196947, 8.375660573807347e-17, -1.3678491757196944, 1.0], [-0.3559091715032472, -2.824077478088033e-32, 3.783690052111085e-16, 1.0], [-1.3678491757196947, -8.375660573807347e-17, 1.3678491757196947, 1.0], [-3.565166512690846e-17, -2.1793151383432314e-17, 0.3559091715032494, 1.0], [1.3678491757196947, -8.375660573807347e-17, 1.3678491757196944, 1.0], [0.3559091715032472, -3.2342459956459646e-32, 4.453546075649492e-16, 1.0], [1.3678491757196947, 8.37566057380735e-17, -1.3678491757196949, 1.0], [2.1793151383432252e-17, 2.179315138343192e-17, -0.3559091715032472, 1.0], [-1.3678491757196947, 8.375660573807347e-17, -1.3678491757196944, 1.0]], "overrideEnabled": false, "useOutlinerColor": false, "outlinerColor": [0.0, 0.0, 0.0]}}