{"star_8_doubleShape": {"overrideRGBColors": false, "knots": [0.0, 1.0, 2.0, 3.0, 4.0, 5.0, 6.0, 7.0, 8.0, 9.0, 10.0, 11.0, 12.0, 13.0, 14.0, 15.0, 16.0], "degree": 1, "form": 3, "overrideColorRGB": [0.0, 0.0, 0.0], "cvs": [[0.8295873641967775, -2.9407317391345586e-16, 0.33780608177185056, 1.0], [0.4654535956365102, -2.388833693319857e-16, 0.46208247344573156, 1.0], [0.3471989631652832, -7.716813727225907e-17, 0.8262328028678894, 1.0], [0.0033943798271173324, -1.528758673577635e-16, 0.6557541503668182, 1.0], [-0.3391479492187499, -7.478456538286178e-17, 0.8316001296043396, 1.0], [-0.4635804561859162, -2.367004264691362e-16, 0.46699802377758076, 1.0], [-0.827574634552002, -2.890080651196409e-16, 0.3492116928100586, 1.0], [-0.6572520632352123, -4.418959385218699e-16, 0.004938807968187979, 1.0], [-0.8329419612884521, -5.938073231232964e-16, -0.33713521957397474, 1.0], [-0.4684959366459752, -6.492744244667595e-16, -0.46203602804484584, 1.0], [-0.351224422454834, -8.1071234388262545e-16, -0.8255619049072267, 1.0], [-0.007419816928593383, -7.35281895411673e-16, -0.6557076350941407, 1.0], [0.33579339981079115, -8.133938807870431e-16, -0.8316001892089844, 1.0], [0.46053811517645143, -6.518939186670093e-16, -0.4679346045969162, 1.0], [0.8242200851440431, -5.991703545804843e-16, -0.3492116928100586, 1.0], [0.6542097222257471, -4.466984066142751e-16, -0.005875388787522729, 1.0], [0.8295873641967775, -2.9407317391345586e-16, 0.33780608177185056, 1.0]], "overrideEnabled": false, "useOutlinerColor": false, "outlinerColor": [0.0, 0.0, 0.0]}, "star_8_doubleShape1": {"overrideRGBColors": false, "knots": [0.0, 1.0, 2.0, 3.0, 4.0, 5.0, 6.0, 7.0, 8.0, 9.0, 10.0, 11.0, 12.0, 13.0, 14.0, 15.0, 16.0], "degree": 1, "form": 3, "overrideColorRGB": [0.0, 0.0, 0.0], "cvs": [[0.8931758161255688, -5.691002974505681e-16, -0.3792440557308917, 1.0], [0.49801525059520646, -6.259907275026578e-16, -0.5073499155226592, 1.0], [0.3635053275188548, -8.013642088014065e-16, -0.9022558880365167, 1.0], [-0.006694573511976402, -7.169844929365031e-16, -0.7122496595731115, 1.0], [-0.3810600959268292, -7.981383498027734e-16, -0.8949918993444197, 1.0], [-0.5087433849065898, -6.22839399422102e-16, -0.5002537555380042, 1.0], [-0.9022558880365167, -5.626485412412786e-16, -0.36471599230087093, 1.0], [-0.7136431919992763, -3.983093034198038e-16, 0.005343072806702608, 1.0], [-0.8968078484527829, -2.3199507066160746e-16, 0.37984943114481307, 1.0], [-0.5016472879641692, -1.7535484346140672e-16, 0.5073918842013153, 1.0], [-0.3665319894738952, 0.0, 0.9022558880365167, 1.0], [0.003949603422772325, -8.357323200923441e-17, 0.7140656997690495, 1.0], [0.37803339094887556, -2.4194155939721853e-18, 0.8968078484527829, 1.0], [0.5059984148173852, -1.7771832552363528e-16, 0.5020697957339418, 1.0], [0.9004398048176658, -2.3790920281046967e-16, 0.3665319894738952, 1.0], [0.710011154630315, -4.034301765552358e-16, -0.006188108365569446, 1.0], [0.8931758161255688, -5.691002974505681e-16, -0.3792440557308917, 1.0]], "overrideEnabled": false, "useOutlinerColor": false, "outlinerColor": [0.0, 0.0, 0.0]}}