{"newControl_ctrlShape": {"overrideRGBColors": true, "knots": [0.0, 1.0, 2.0, 3.0, 4.0, 5.0, 6.0, 7.0, 8.0, 9.0, 10.0], "degree": 1, "form": 1, "overrideColorRGB": [0.15999996662139893, 0.2999999225139618, 0.875], "cvs": [[0.9984666379125018, 4.730906643903611e-16, -0.22379166317893678, 1.0], [0.23488382100855265, 1.1128938078208365e-16, -0.2263773617686334, 1.0], [0.0027373440475370833, 1.5424712734730322e-17, -0.952004991340645, 1.0], [-0.23537530190258488, -1.115284892733667e-16, -0.22800051441167088, 1.0], [-0.9984666379125018, -4.730906643903611e-16, -0.2309043518427203, 1.0], [-0.3830479914241193, -1.9026484030362983e-16, 0.22114181920708698, 1.0], [-0.6206537230878431, -3.169518286404226e-16, 0.9438129721901501, 1.0], [-0.004205357831759081, -1.6188554194938442e-17, 0.5008056540974833, 1.0], [0.611878598204998, 2.6696906061153523e-16, 0.9520049913406451, 1.0], [0.37919772480782504, 1.7093540779669536e-16, 0.22205540383590797, 1.0], [0.9984666379125018, 4.730906643903611e-16, -0.22379166317893678, 1.0]], "overrideEnabled": true, "useOutlinerColor": false, "outlinerColor": [0.0, 0.0, 0.0]}}