{"star_8_pointShape": {"overrideRGBColors": true, "knots": [0.0, 1.0, 2.0, 3.0, 4.0, 5.0, 6.0, 7.0, 8.0, 9.0, 10.0, 11.0, 12.0, 13.0, 14.0, 15.0, 16.0], "degree": 1, "form": 1, "overrideColorRGB": [0.15999996662139893, 0.2999999225139618, 0.875], "cvs": [[0.0, 0.0, 0.99792, 1.0], [0.291405, -1.294098161963575e-16, 0.706516, 1.0], [0.706233, -3.1363045494003927e-16, 0.706233, 1.0], [0.706233, -3.1363045494003927e-16, 0.292213, 1.0], [0.99792, -4.431655042935745e-16, 0.0, 1.0], [0.706233, -3.1363045494003927e-16, -0.291622, 1.0], [0.706233, -3.1363045494003927e-16, -0.706233, 1.0], [0.291558, -1.2947776184546455e-16, -0.706362, 1.0], [0.0, 0.0, -0.99792, 1.0], [-0.291292, 1.2935963411564444e-16, -0.706362, 1.0], [-0.706233, 3.1363045494003927e-16, -0.706233, 1.0], [-0.706233, 3.1363045494003927e-16, -0.292591, 1.0], [-0.99792, 4.431655042935745e-16, 0.0, 1.0], [-0.706233, 3.1363045494003927e-16, 0.291574, 1.0], [-0.706233, 3.1363045494003927e-16, 0.706233, 1.0], [-0.291292, 1.2935963411564444e-16, 0.706335, 1.0], [0.0, 0.0, 0.99792, 1.0]], "overrideEnabled": true, "useOutlinerColor": false, "outlinerColor": [0.0, 0.0, 0.0]}}