{"tagShape": {"overrideRGBColors": true, "knots": [0.0, 1.0, 5.0, 6.0, 7.0, 11.0], "degree": 1, "form": 1, "overrideColorRGB": [0.15999996662139893, 0.2999999225139618, 0.875], "cvs": [[-0.6499999999999988, 1.443289932012703e-16, -2.0000000000000004, 1.0], [0.6500000000000012, -1.443289932012704e-16, -1.9999999999999996, 1.0], [0.6500000000000004, -1.4432899320127036e-16, -0.6943587855330794, 1.0], [-3.4450928483976665e-16, 4.930380657631324e-32, -1.5299285609050213e-31, 1.0], [-0.6499999999999997, 1.4432899320127036e-16, -0.6943587855330805, 1.0], [-0.6499999999999988, 1.443289932012703e-16, -2.0000000000000004, 1.0]], "overrideEnabled": true, "useOutlinerColor": false, "outlinerColor": [0.0, 0.0, 0.0]}}