{"joint6_curveShape1": {"overrideRGBColors": true, "knots": [0.0, 1.0], "degree": 1, "form": 1, "overrideColorRGB": [0.0, 0.0, 1.0], "cvs": [[-0.17678, 0.0, 0.17678, 1.0], [0.17678, 0.0, -0.17678, 1.0]], "overrideEnabled": true, "useOutlinerColor": false, "outlinerColor": [0.0, 0.0, 0.0], "matrix": [1.0, 0.0, 0.0, 0.0, 0.0, 1.0, 0.0, 0.0, 0.0, 0.0, 1.0, 0.0, 0.0, 0.0, 0.0, 1.0]}, "nurbsCircleShape4": {"overrideRGBColors": true, "knots": [-2.0, -1.0, 0.0, 1.0, 2.0, 3.0, 4.0, 5.0, 6.0, 7.0, 8.0], "degree": 3, "form": 3, "overrideColorRGB": [0.0, 0.0, 1.0], "cvs": [[1.0392304845413272, 3.6739403974420515e-17, -0.5999999999999991, 1.0], [-1.485657969761901e-16, 7.34788079488412e-17, -1.2000000000000002, 1.0], [-1.0392304845413263, 3.6739403974420613e-17, -0.6000000000000001, 1.0], [-1.0392304845413267, -3.6739403974420564e-17, 0.5999999999999995, 1.0], [-4.880777187072981e-16, -7.347880794884119e-17, 1.2, 1.0], [1.039230484541326, -3.673940397442064e-17, 0.6000000000000006, 1.0], [1.0392304845413272, 3.6739403974420515e-17, -0.5999999999999991, 1.0], [-1.485657969761901e-16, 7.34788079488412e-17, -1.2000000000000002, 1.0], [-1.0392304845413263, 3.6739403974420613e-17, -0.6000000000000001, 1.0]], "overrideEnabled": true, "useOutlinerColor": false, "outlinerColor": [0.0, 0.0, 0.0], "matrix": [1.0, 0.0, 0.0, 0.0, 0.0, 1.0, 0.0, 0.0, 0.0, 0.0, 1.0, 0.0, 0.0, 0.0, 0.0, 1.0]}, "nurbsCircleShape5": {"overrideRGBColors": true, "knots": [-2.0, -1.0, 0.0, 1.0, 2.0, 3.0, 4.0, 5.0, 6.0, 7.0, 8.0], "degree": 3, "form": 3, "overrideColorRGB": [0.0, 0.0, 1.0], "cvs": [[0.2598076211353318, 9.184850993605129e-18, -0.14999999999999977, 1.0], [-3.7141449244047526e-17, 1.83697019872103e-17, -0.30000000000000004, 1.0], [-0.25980762113533157, 9.184850993605153e-18, -0.15000000000000002, 1.0], [-0.2598076211353317, -9.184850993605141e-18, 0.14999999999999988, 1.0], [-1.2201942967682453e-16, -1.8369701987210297e-17, 0.3, 1.0], [0.2598076211353315, -9.18485099360516e-18, 0.15000000000000016, 1.0], [0.2598076211353318, 9.184850993605129e-18, -0.14999999999999977, 1.0], [-3.7141449244047526e-17, 1.83697019872103e-17, -0.30000000000000004, 1.0], [-0.25980762113533157, 9.184850993605153e-18, -0.15000000000000002, 1.0]], "overrideEnabled": true, "useOutlinerColor": false, "outlinerColor": [0.0, 0.0, 0.0], "matrix": [1.0, 0.0, 0.0, 0.0, 0.0, 1.0, 0.0, 0.0, 0.0, 0.0, 1.0, 0.0, 0.0, 0.0, 0.0, 1.0]}, "joint6_curveShape": {"overrideRGBColors": true, "knots": [0.0, 1.0], "degree": 1, "form": 1, "overrideColorRGB": [0.0, 0.0, 1.0], "cvs": [[0.17678, 0.0, 0.17678, 1.0], [-0.17678, 0.0, -0.17678, 1.0]], "overrideEnabled": true, "useOutlinerColor": false, "outlinerColor": [0.0, 0.0, 0.0]}}