{"arrow_half_circleShape": {"overrideRGBColors": true, "knots": [0.0, 1.0, 2.0, 3.0, 4.0, 5.0, 6.0, 7.0, 8.0, 9.0, 10.0, 11.0, 12.0, 13.0, 14.0, 15.0, 16.0, 17.0, 18.0, 19.0, 20.0, 21.0, 22.0, 23.0, 24.0, 25.0, 26.0, 27.0, 28.0, 29.0, 30.0, 31.0, 32.0, 33.0, 34.0, 35.0, 36.0, 37.0, 38.0, 39.0, 40.0, 41.0, 42.0, 43.0, 44.0, 45.0, 46.0, 47.0, 48.0, 49.0, 50.0, 51.0, 52.0, 53.0, 54.0, 55.0, 56.0, 57.0, 58.0, 59.0, 60.0, 61.0, 62.0, 63.0, 64.0, 65.0, 66.0, 67.0, 68.0, 69.0, 70.0, 71.0, 72.0, 73.0, 74.0, 75.0, 76.0, 77.0, 78.0, 79.0, 80.0, 81.0, 82.0, 83.0, 84.0, 85.0, 86.0, 87.0, 88.0, 89.0, 90.0, 91.0, 92.0], "degree": 1, "form": 3, "overrideColorRGB": [0.177204892039299, 0.7068446278572083, 0.6089246869087219], "cvs": [[-0.03945447545664083, -1.1344710003043712e-15, 0.9915888506429327, 1.0], [-0.07713610723765431, -1.141356855856197e-15, 0.9897061398326964, 1.0], [-0.11262657783349822, -1.1465212315886991e-15, 0.9866822373831547, 1.0], [-0.14550768247652046, -1.149964138122789e-15, 0.981893187789692, 1.0], [-0.17536150952798338, -1.1516855967002895e-15, 0.9711219483395753, 1.0], [-0.20176962873645468, -1.1516855967002895e-15, 0.9585047358103658, 1.0], [-0.22431408336644126, -1.149964138122789e-15, 0.944241240642646, 1.0], [-0.24257657845677905, -1.1465212315886991e-15, 0.9285313364199388, 1.0], [-0.25613893178819386, -1.141356855856197e-15, 0.911574778221512, 1.0], [-0.26458289349627784, -1.1344710003043712e-15, 0.8935713749922032, 1.0], [-0.26749059703904965, -1.125863707416868e-15, 0.8747208602650518, 1.0], [-0.26749059703904965, -9.193628120790468e-16, -0.07160204202492847, 1.0], [-0.3095371438425498, -9.2286329457437e-16, -0.09878541956743828, 1.0], [-0.34885411928985577, -9.248689475017475e-16, -0.12958632359366354, 1.0], [-0.38516945465144303, -9.253690224987432e-16, -0.16377832329124875, 1.0], [-0.4182111262945434, -9.243527287192743e-16, -0.20113521333161832, 1.0], [-0.4477068400058518, -9.218091903499663e-16, -0.24143087857970957, 1.0], [-0.4733846623461122, -9.177277015120289e-16, -0.2844388431264106, 1.0], [-0.4949724343922883, -9.120974288757332e-16, -0.3299329467399022, 1.0], [-0.5121980423180992, -9.049075815949975e-16, -0.3776868938980973, 1.0], [-0.5247894624907773, -8.961474113073847e-16, -0.42747429888539595, 1.0], [-0.5324744908905295, -8.858060421995204e-16, -0.47906913676024765, 1.0], [-0.5349811489813434, -8.738727683926142e-16, -0.5322448865167844, 1.0], [-0.5323313086899262, -8.607587890962422e-16, -0.5852774540727176, 1.0], [-0.5245574396806657, -8.467975584478116e-16, -0.636783451338061, 1.0], [-0.5119230648478068, -8.321064587612036e-16, -0.686527991858691, 1.0], [-0.49469170708559346, -8.168028723502999e-16, -0.7342761891804838, 1.0], [-0.4731268892882699, -8.010041815289818e-16, -0.7797931568493159, 1.0], [-0.44749204415656857, -7.84827726127485e-16, -0.8228440986045761, 1.0], [-0.4180506945847336, -7.683908884596907e-16, -0.8631941279921402, 1.0], [-0.38506638601538695, -7.518110508394806e-16, -0.9006083811062636, 1.0], [-0.34880261879439484, -7.352055955807362e-16, -0.9348519489444439, 1.0], [-0.3095228256224898, -7.186918625136928e-16, -0.9656900352460701, 1.0], [-0.2674905744906717, -7.02387233952232e-16, -0.9928877986537742, 1.0], [-0.26749055194229354, -7.688266432166514e-16, -0.5815192043787846, 1.0], [-0.26458298368979, -7.774339573459777e-16, -0.5534626562462088, 1.0], [-0.2561388866914381, -7.843197916559804e-16, -0.5266668610954907, 1.0], [-0.24257648826326686, -7.894841461466595e-16, -0.501429225019972, 1.0], [-0.22431406081806335, -7.929270633016608e-16, -0.4780470579065841, 1.0], [-0.20176969638158898, -7.946485431209845e-16, -0.45681766964225723, 1.0], [-0.17536153207636127, -7.946485431209845e-16, -0.438038530457945, 1.0], [-0.1455077050248984, -7.929270633016608e-16, -0.4220069823093821, 1.0], [-0.11262648763998606, -7.894841461466595e-16, -0.4090203350834993, 1.0], [-0.07713606214089852, -7.843197916559804e-16, -0.3993759628048361, 1.0], [-0.03945452055339725, -7.774339573459777e-16, -0.3933713036355411, 1.0], [2.6993545745107685e-16, -7.688266432166514e-16, -0.39130369953134997, 1.0], [0.03945452055339779, -7.588497837914158e-16, -0.3933713036355411, 1.0], [0.07713610723765518, -7.47986545576161e-16, -0.3993759948736406, 1.0], [0.11262657783349878, -7.364339252373612e-16, -0.4090203350834993, 1.0], [0.1455077050248989, -7.243889194414907e-16, -0.4220069181717729, 1.0], [0.17536153207636188, -7.120483974040859e-16, -0.438038530457945, 1.0], [0.20176965128483348, -6.996094407589129e-16, -0.4568176375734527, 1.0], [0.22431410591482004, -6.872689187215081e-16, -0.47804702583777936, 1.0], [0.24257657845677966, -6.752238704419917e-16, -0.5014292250199719, 1.0], [0.25613893178819475, -6.636712501031918e-16, -0.526666893164295, 1.0], [0.2645829385930348, -6.528080543715831e-16, -0.5534626241774049, 1.0], [0.26749050684553805, -6.428311949463474e-16, -0.5815191723099792, 1.0], [0.2674905519422941, -5.760924883959003e-16, -0.9941585124986562, 1.0], [0.3095371438425504, -5.72592005900577e-16, -0.96697508985939, 1.0], [0.34885407419310027, -5.705863529731993e-16, -0.9361742309299209, 1.0], [0.38516954484495586, -5.700862354925577e-16, -0.9019822763290919, 1.0], [0.41821103610103144, -5.711026142393187e-16, -0.8646252059016979, 1.0], [0.44770684000585237, -5.736461101249805e-16, -0.824329630847119, 1.0], [0.47338461724935643, -5.777275989629182e-16, -0.7813217113971741, 1.0], [0.4949724343922886, -5.833578715992134e-16, -0.7358275626869262, 1.0], [0.5121980423180998, -5.905477188799494e-16, -0.6880736155287314, 1.0], [0.5247893272005095, -5.993079316512082e-16, -0.6382861654446765, 1.0], [0.5324745359872861, -6.096492157917806e-16, -0.5866915079568493, 1.0], [0.5349811038845876, -6.215825320823326e-16, -0.5335156680068003, 1.0], [0.5323313086899267, -6.346965113787047e-16, -0.48048305535411107, 1.0], [0.5245574396806663, -6.486577420271353e-16, -0.42897705808876757, 1.0], [0.5119230422994294, -6.633488417137433e-16, -0.3792325401165156, 1.0], [0.49469166198883824, -6.786524281246471e-16, -0.33148436534310094, 1.0], [0.4731268441915147, -6.94451118945965e-16, -0.28596739767426865, 1.0], [0.4474920441565692, -7.10627574347462e-16, -0.24291641082225263, 1.0], [0.41805071713311204, -7.270644120152562e-16, -0.20256635888631017, 1.0], [0.38506640856376545, -7.436442496354663e-16, -0.165152105772187, 1.0], [0.34880257369763906, -7.602497048942107e-16, -0.13090860557914075, 1.0], [0.3095228481708683, -7.767634379612542e-16, -0.10007045163238054, 1.0], [0.2674905970390502, -7.93068066522715e-16, -0.0728726882246763, 1.0], [0.2674905970390502, -9.995689618605363e-16, 0.8741137737465047, 1.0], [0.2645972793614733, -1.0096134977338405e-15, 0.8931083680999168, 1.0], [0.2561903871868999, -1.020520132993478e-15, 0.9112176064008861, 1.0], [0.24267962454445816, -1.0320972451541932e-15, 0.9282484990857196, 1.0], [0.22447437978598395, -1.0441533179398452e-15, 0.944008121229407, 1.0], [0.20198453732762892, -1.0564967288651777e-15, 0.9583035694531674, 1.0], [0.17561935023096029, -1.0689359404122267e-15, 0.9709418111008502, 1.0], [0.14578847742834988, -1.081279351337559e-15, 0.9817298781549912, 1.0], [0.11290144256190147, -1.0933354241232109e-15, 0.9866151812133995, 1.0], [0.07736799475749848, -1.1049125575257492e-15, 0.9896527080609049, 1.0], [0.03959765765724498, -1.115819171543564e-15, 0.9915567051076639, 1.0], [2.957155510785518e-16, -1.125863707416868e-15, 0.9922371407231493, 1.0], [-0.03945447545664083, -1.1344710003043712e-15, 0.9915888506429327, 1.0]], "overrideEnabled": true, "useOutlinerColor": false, "outlinerColor": [0.0, 0.0, 0.0]}}