{"arrow_half_circleShape0": {"overrideRGBColors": true, "knots": [0.0, 1.0, 2.0, 3.0, 4.0, 5.0, 6.0, 7.0, 11.0, 12.0, 13.0, 14.0, 15.0], "degree": 1, "form": 3, "overrideColorRGB": [0.177204892039299, 0.7068446278572083, 0.6089246869087219], "cvs": [[0.1848551671968539, -9.50724777775349e-16, 0.9101568237351734, 1.0], [0.1853304150606625, -6.68244652643387e-16, -0.2647653865887758, 1.0], [-0.18437998676800182, -7.553165797146072e-16, -0.2647653865887758, 1.0], [-0.18438002470016546, -1.0377967068318027e-15, 0.9104155537313323, 1.0], [-0.17778216842712302, -1.0478692955733365e-15, 0.943510459836469, 1.0], [-0.15915891248743974, -1.0539128481482406e-15, 0.9676208490197324, 1.0], [-0.13026586093848813, -1.0559273656732086e-15, 0.9872313262503114, 1.0], [-0.09285875033679525, -1.0539128481482406e-15, 0.9974999681856065, 1.0], [0.0935804094870063, -1.0099002001538739e-15, 0.9972603801143392, 1.0], [0.13097864001113546, -9.942607452814261e-16, 0.9869078753195286, 1.0], [0.15986294582560312, -9.786212864385112e-16, 0.9672567755485948, 1.0], [0.1784244516272797, -9.638274377921972e-16, 0.9431631025459224, 1.0], [0.1848551671968539, -9.50724777775349e-16, 0.9101568237351734, 1.0]], "overrideEnabled": true, "useOutlinerColor": false, "outlinerColor": [0.0, 0.0, 0.0]}, "arrow_half_circleShape1": {"overrideRGBColors": true, "knots": [0.0, 1.0, 2.0, 3.0, 4.0, 5.0, 6.0, 7.0, 8.0, 9.0, 10.0, 11.0, 12.0, 13.0, 14.0, 15.0, 16.0, 17.0, 18.0, 19.0, 20.0, 21.0, 22.0, 23.0, 24.0, 25.0, 26.0, 27.0, 28.0], "degree": 1, "form": 3, "overrideColorRGB": [0.177204892039299, 0.7068446278572083, 0.6089246869087219], "cvs": [[0.6785944044514491, -3.969562732583338e-16, -0.9234012015041091, 1.0], [0.6759411760439913, -3.929459110662636e-16, -0.9430825659294594, 1.0], [0.6684566375329903, -3.9053968104552724e-16, -0.9607840399991622, 1.0], [0.6568537787253352, -3.897375831961248e-16, -0.9757926339063278, 1.0], [0.641845117383212, -3.9053968104552724e-16, -0.9873955601489406, 1.0], [0.6241436433135092, -3.929459110662636e-16, -0.9948800986599415, 1.0], [0.6044622788881591, -3.969562732583338e-16, -0.9975333270673995, 1.0], [-0.6049374782830915, -6.818986119948896e-16, -0.9970580981696723, 1.0], [-0.624618885382126, -6.871587183610744e-16, -0.9944049124358987, 1.0], [-0.6423203581347396, -6.93090373623666e-16, -0.9869203726078086, 1.0], [-0.6573289065858708, -6.9935773980699e-16, -0.9753174683441189, 1.0], [-0.6689318782845182, -7.056251377540496e-16, -0.9603088524580301, 1.0], [-0.6764163506776505, -7.115567612529056e-16, -0.9426074471403741, 1.0], [-0.6790696038463818, -7.168168993828258e-16, -0.922925972606382, 1.0], [-0.6790696185977787, -8.374641272222428e-16, -0.4106537018536215, 1.0], [-0.6764163733315816, -8.414745052961808e-16, -0.3909722531345742, 1.0], [-0.6689318853967988, -8.438807353169171e-16, -0.3732708296410897, 1.0], [-0.6573289591541861, -8.446828172844518e-16, -0.3582622357339239, 1.0], [-0.6423203315295415, -8.438807353169171e-16, -0.3466592757738324, 1.0], [-0.6246188911773176, -8.414745052961808e-16, -0.33917477098031024, 1.0], [-0.6049374593170096, -8.374641272222428e-16, -0.3365215425728524, 1.0], [0.6044622788881586, -5.525218043675548e-16, -0.33699672300170347, 1.0], [0.6241437107484669, -5.472616662376344e-16, -0.33965001884411905, 1.0], [0.641845117383212, -5.413300427387784e-16, -0.3471344899201625, 1.0], [0.6568537112903776, -5.350626447917188e-16, -0.3587374835977327, 1.0], [0.6684566375329903, -5.287952786083948e-16, -0.3737460100699408, 1.0], [0.6759411086090337, -5.228636551095388e-16, -0.39144741670468586, 1.0], [0.6785944044514491, -5.176035169796185e-16, -0.411128848564994, 1.0], [0.6785944044514491, -3.969562732583338e-16, -0.9234012015041091, 1.0]], "overrideEnabled": true, "useOutlinerColor": false, "outlinerColor": [0.0, 0.0, 0.0]}}