{"tool_screwDriverShape": {"overrideRGBColors": false, "knots": [0.0, 1.0, 2.0, 3.0, 4.0, 5.0, 6.0, 7.0, 8.0, 9.0, 10.0, 11.0, 12.0, 13.0, 14.0, 15.0, 16.0, 17.0, 18.0, 19.0, 20.0, 21.0, 22.0, 23.0, 24.0, 25.0, 26.0, 27.0, 28.0, 29.0, 30.0, 31.0, 34.0, 36.0, 38.0, 40.0, 42.0, 44.0, 46.0, 47.0, 48.0, 49.0, 50.0, 51.0, 52.0, 53.0], "degree": 1, "form": 3, "overrideColorRGB": [0.0, 0.0, 0.0], "cvs": [[-0.056236487005854596, 1.1063941630125579e-15, -0.9965512680536492, 1.0], [-0.09626065921281524, 9.269636479920872e-16, -0.8349346279366321, 1.0], [-0.05117014902604011, 8.262801078166644e-16, -0.7442469571333565, 1.0], [-0.04055895599283443, 8.262801078166644e-16, -0.7442469571333565, 1.0], [-0.04055895599283443, -8.999645223950869e-17, 0.10047416707942292, 1.0], [-0.14128707060461876, -8.999645223950869e-17, 0.10047416707942292, 1.0], [-0.16869611928503248, -9.852155893609168e-17, 0.10653183454695858, 1.0], [-0.19111956133900843, -1.210733762238384e-16, 0.12255643280478212, 1.0], [-0.20625906780780512, -1.5438265926529486e-16, 0.14622494129724206, 1.0], [-0.21181630973267995, -1.9517984668109797e-16, 0.1752141145441617, 1.0], [-0.20832167076201513, -2.278914458411395e-16, 0.1984579280347667, 1.0], [-0.19856850462989273, -2.5648995219098194e-16, 0.21877910965763525, 1.0], [-0.18365293916434433, -2.7918241960035034e-16, 0.23490364938204356, 1.0], [-0.1646710955605023, -2.941759546959547e-16, 0.2455575746646934, 1.0], [-0.1646710955605023, -8.611537673515138e-16, 0.8532752107728552, 1.0], [-0.1615300469784895, -9.092632179498372e-16, 0.8807195327975657, 1.0], [-0.15227190562170656, -9.54946968330789e-16, 0.9067800997165112, 1.0], [-0.1371441891288674, -9.970449319651608e-16, 0.9307951332743156, 1.0], [-0.1163943974509587, -1.0343969827560056e-15, 0.9521028326439485, 1.0], [-0.09134850435658415, -1.0651047661173095e-15, 0.9696202701692485, 1.0], [-0.06312030605546826, -1.0876917706652983e-15, 0.9825051611559319, 1.0], [-0.03248770880938012, -1.1016306775592705e-15, 0.9904566934372829, 1.0], [-0.0002286011923607889, -1.1063941630125577e-15, 0.9931740520251309, 1.0], [0.03287912822154693, -1.1013933824116909e-15, 0.99032132701002, 1.0], [0.06379460529584147, -1.087058983605086e-15, 0.9821441840165637, 1.0], [0.09173994145647946, -1.0643928798502426e-15, 0.9692141704172179, 1.0], [0.11593721275396462, -1.0343969827560056e-15, 0.9521028326439485, 1.0], [0.13589141044246, -9.979941092581677e-16, 0.9313365971023952, 1.0], [0.15110752577613062, -9.562125424512136e-16, 0.907502053995247, 1.0], [0.16080765249320572, -9.102123952428441e-16, 0.8812609966256457, 1.0], [0.16421391970737254, -8.611537673515138e-16, 0.8532752107728552, 1.0], [0.16421391970737254, -2.941759546959547e-16, 0.2455575746646934, 1.0], [0.18489886817573986, -2.773280115827202e-16, 0.2335859665048965, 1.0], [0.19921333390504514, -2.5379180171457626e-16, 0.21686189044324178, 1.0], [0.20976208241900973, -2.161936923463708e-16, 0.1901458794809452, 1.0], [0.21002725683184387, -1.7448243741098137e-16, 0.1605071991634861, 1.0], [0.19958459930828643, -1.3688432804277602e-16, 0.13379118820118752, 1.0], [0.17991917146130143, -1.0779359902424253e-16, 0.1131202489326939, 1.0], [0.15470825186801174, -9.206178268258653e-17, 0.10194172466902529, 1.0], [0.140829894751489, -8.999645223950869e-17, 0.10047416707942292, 1.0], [0.04106560642255874, -8.999645223950869e-17, 0.10047416707942292, 1.0], [0.04106560642255874, 8.262801078166644e-16, -0.7442469571333565, 1.0], [0.05117014902603989, 8.262801078166644e-16, -0.7442469571333565, 1.0], [0.0967673096425401, 9.27526248478574e-16, -0.8354413734048922, 1.0], [0.05623651076548819, 1.1063941630125579e-15, -0.9965512680536492, 1.0], [-0.056236487005854596, 1.1063941630125579e-15, -0.9965512680536492, 1.0]], "overrideEnabled": false, "useOutlinerColor": false, "outlinerColor": [0.0, 0.0, 0.0]}}