{"arrow_half_circleShape": {"overrideRGBColors": true, "knots": [0.0, 1.0, 2.0, 3.0, 4.0, 6.0, 7.0, 8.0, 9.0, 10.0, 11.0, 12.0, 13.0, 14.0, 15.0, 16.0, 17.0, 18.0, 19.0, 20.0, 21.0, 22.0, 23.0, 24.0, 25.0, 26.0, 27.0, 28.0, 29.0, 30.0, 31.0, 32.0, 33.0, 34.0, 35.0, 36.0, 43.0, 44.0, 45.0, 46.0, 47.0, 48.0, 49.0, 50.0, 51.0, 52.0, 53.0, 54.0, 55.0, 56.0, 57.0, 58.0, 59.0, 60.0, 61.0, 62.0, 64.0, 65.0, 66.0, 67.0, 70.0, 80.0, 82.0, 83.0, 84.0, 86.0, 87.0, 89.0, 90.0, 91.0, 93.0, 103.0, 106.0, 107.0, 108.0, 111.0, 112.0, 113.0, 114.0, 115.0, 116.0, 117.0, 118.0, 119.0, 120.0, 121.0, 122.0, 123.0, 126.0, 127.0, 128.0, 129.0, 130.0, 131.0, 133.0, 134.0, 135.0, 137.0, 138.0, 140.0, 141.0, 142.0, 144.0, 145.0, 147.0, 148.0, 149.0, 151.0, 152.0], "degree": 1, "form": 3, "overrideColorRGB": [0.177204892039299, 0.7068446278572083, 0.6089246869087219], "cvs": [[0.38304362937409275, -3.897935508981146e-16, -1.0, 1.0], [0.37595916434723714, -3.901129670225242e-16, -0.9990409851074222, 1.0], [0.3695801322122275, -3.91013532452045e-16, -0.9963371276855469, 1.0], [0.3641662184854209, -3.9240865924364386e-16, -0.9921483993530278, 1.0], [0.3599774901529015, -3.9421188650922986e-16, -0.9867343902587896, 1.0], [0.35631461783844837, -3.986961001078178e-16, -0.9732709884643559, 1.0], [0.3563146178384482, -4.0693097559684783e-16, -0.9485466003417973, 1.0], [0.3462942664285361, -4.100891167648618e-16, -0.9390645980834965, 1.0], [0.33451057120758887, -4.133523323699827e-16, -0.9292671203613285, 1.0], [0.32131629630524516, -4.164177869577433e-16, -0.9200634002685549, 1.0], [0.3070638243814172, -4.189823909637925e-16, -0.9123634338378909, 1.0], [0.2921061103006065, -4.207433089336632e-16, -0.907076454162598, 1.0], [0.27679572745758896, -4.2139764188541714e-16, -0.905111885070801, 1.0], [0.25542178794342857, -4.195707188731317e-16, -0.9105970382690431, 1.0], [0.2369991843362509, -4.1494325082733937e-16, -0.9244905471801759, 1.0], [0.2199129645486534, -4.087949351247519e-16, -0.9429502487182619, 1.0], [0.20254836722809666, -4.024055326695522e-16, -0.9621337890625001, 1.0], [0.18329044028717872, -3.970546773109811e-16, -0.9781991958618166, 1.0], [0.1605244223733605, -3.940222570081633e-16, -0.9873037338256838, 1.0], [0.13389440223175886, -3.9268792600635356e-16, -0.9913099288940432, 1.0], [0.10496268912751067, -3.915822939003026e-16, -0.9946294784545899, 1.0], [0.07499147101837977, -3.9071164990964357e-16, -0.9972434997558597, 1.0], [0.04524303122956164, -3.900820291441257e-16, -0.99913387298584, 1.0], [0.01697955771881926, -3.896997843508536e-16, -1.000281524658203, 1.0], [-0.008536761556083017, -3.8957101416704725e-16, -1.0006681442260745, 1.0], [-0.043269007955008876, -3.8981311735919617e-16, -0.9999412536621095, 1.0], [-0.09817799881499423, -3.910630203519883e-16, -0.9961885452270509, 1.0], [-0.17049798325102938, -3.9410573210511525e-16, -0.9870531082153322, 1.0], [-0.25746325806182047, -3.997265156881527e-16, -0.9701772689819335, 1.0], [-0.3563080723623574, -4.087104435882633e-16, -0.943203926086426, 1.0], [-0.4642667706350626, -4.21842778875023e-16, -0.9037754058837892, 1.0], [-0.56548442200225, -4.398364268284881e-16, -0.8497512817382815, 1.0], [-0.6465439374784769, -4.614838572790531e-16, -0.7847570419311523, 1.0], [-0.708336269412452, -4.84689235429503e-16, -0.7150852203369141, 1.0], [-0.7517523910145106, -5.073567900100938e-16, -0.6470281600952148, 1.0], [-0.7947631005594852, -5.273905909324038e-16, -0.5697988464326083, 1.0], [-0.7422487343887627, -5.591646814322203e-16, -0.4914801597595213, 1.0], [-0.71873708323043, -5.49304900288825e-16, -0.5210831642150879, 1.0], [-0.6831231172422706, -5.360757491361942e-16, -0.560802364349365, 1.0], [-0.6386737282614053, -5.216348432371332e-16, -0.6041597366333011, 1.0], [-0.5886557872633279, -5.08139829618183e-16, -0.6446771621704102, 1.0], [-0.5363361771444621, -4.977483870696199e-16, -0.6758764266967773, 1.0], [-0.48498176888030176, -4.926180990905137e-16, -0.6912796020507813, 1.0], [-0.43494216755431303, -4.916546414646593e-16, -0.6941722869873047, 1.0], [-0.3849211628774941, -4.923295573170315e-16, -0.6921459197998048, 1.0], [-0.33571681335967196, -4.949828456726582e-16, -0.6841796875, 1.0], [-0.2881273682455362, -4.999544420290963e-16, -0.6692529678344727, 1.0], [-0.24295100525420305, -5.075844724663157e-16, -0.646344566345215, 1.0], [-0.2009858067373574, -5.182129360093442e-16, -0.6144336700439457, 1.0], [-0.16699289635222558, -5.30110837242511e-16, -0.5787114143371583, 1.0], [-0.1417611534933388, -5.429917307988782e-16, -0.540037822723389, 1.0], [-0.12413982704680565, -5.58024045689624e-16, -0.4949048042297364, 1.0], [-0.11297797516387104, -5.763763062171329e-16, -0.43980398178100605, 1.0], [-0.10712479904692773, -5.992169413925832e-16, -0.371227264404297, 1.0], [-0.10542949989836808, -6.27714380227153e-16, -0.2856665611267091, 1.0], [-0.1348314221243203, -6.306077071321198e-16, -0.27697963714599627, 1.0], [-0.15158657387297741, -6.338719709405129e-16, -0.2671790122985841, 1.0], [-0.15780166939299706, -6.361996174795677e-16, -0.26019048690795904, 1.0], [-0.16240190819304573, -6.387683825349702e-16, -0.25247802734375013, 1.0], [-0.16525735214751358, -6.414113476765524e-16, -0.2445427894592287, 1.0], [-0.1664112980703652, -6.499625264439108e-16, -0.2188687324523926, 1.0], [-0.21501855209868526, -1.0468022449908523e-15, 0.9726027399301529, 1.0], [-0.21135567978423214, -1.0512864958125678e-15, 0.9860662534832954, 1.0], [-0.20716685608428098, -1.0530896756807047e-15, 0.9914801202714443, 1.0], [-0.20175299004119018, -1.0544848217042528e-15, 0.9956689063459635, 1.0], [-0.18828949287932495, -1.0557048017537485e-15, 0.9993317741435022, 1.0], [0.18658519431549925, -1.0557048017537485e-15, 0.9993317741435019, 1.0], [0.2000486914773646, -1.0544848217042528e-15, 0.9956689063459634, 1.0], [0.2054626052041712, -1.0530896756807047e-15, 0.9914801202714443, 1.0], [0.2096513335366908, -1.0512864958125678e-15, 0.9860662534832954, 1.0], [0.21331420585114386, -1.0468022449908523e-15, 0.9726027399301529, 1.0], [0.16470704719025486, -6.499625264439108e-16, -0.21886873245239263, 1.0], [0.16369224235016705, -6.413958787373531e-16, -0.2445892333984376, 1.0], [0.1611431662698447, -6.387189263987625e-16, -0.2526265144348146, 1.0], [0.15684915229279406, -6.361161741463513e-16, -0.2604410171508791, 1.0], [0.13312717124420992, -6.306077071321198e-16, -0.27697963714599627, 1.0], [0.09771114036042104, -6.27714380227153e-16, -0.2856665611267092, 1.0], [0.09770188971955197, -6.019752724215813e-16, -0.36294565200805695, 1.0], [0.09830518409211025, -5.810089199880799e-16, -0.4258950233459472, 1.0], [0.1004676406045617, -5.640610930266777e-16, -0.4767791748046879, 1.0], [0.1051358763833701, -5.503775298736686e-16, -0.5178627014160159, 1.0], [0.11325669928986423, -5.392040006290819e-16, -0.5514101028442384, 1.0], [0.12577663108307724, -5.297862436292114e-16, -0.5796859741210939, 1.0], [0.14420858069855574, -5.208342700470359e-16, -0.6065633773803712, 1.0], [0.16676116630036242, -5.12624106744242e-16, -0.6312135696411135, 1.0], [0.19142985984284283, -5.05415517549929e-16, -0.6528566360473635, 1.0], [0.21620984717804792, -4.99468075710783e-16, -0.6707132339477542, 1.0], [0.2390966002603233, -4.95041545055903e-16, -0.6840034484863282, 1.0], [0.2677327956010459, -4.920081083135485e-16, -0.6920641004592897, 1.0], [0.29700347485062206, -4.933414228758215e-16, -0.6917252392692576, 1.0], [0.32475944205719814, -4.955279113742164e-16, -0.682543182373047, 1.0], [0.34156718894440524, -4.984438858226104e-16, -0.6737882614135744, 1.0], [0.35631461783844837, -5.019657852898227e-16, -0.6632141113281252, 1.0], [0.3563146178384484, -5.23554452829672e-16, -0.5983963012695315, 1.0], [0.35997749015290154, -5.280387299557309e-16, -0.5849327087402346, 1.0], [0.36416621848542097, -5.298418936938459e-16, -0.5795188903808595, 1.0], [0.36958013221222763, -5.312370522491804e-16, -0.5753300666809086, 1.0], [0.38304362937409286, -5.324570338031107e-16, -0.5716671943664554, 1.0], 