{"arrow_half_circleShape0": {"overrideRGBColors": true, "knots": [0.0, 1.0, 2.0, 3.0, 4.0, 5.0, 6.0, 7.0, 8.0, 9.0, 10.0, 11.0, 12.0, 13.0, 14.0, 15.0, 16.0, 17.0, 18.0, 19.0, 20.0, 21.0, 22.0, 23.0, 24.0, 25.0, 26.0, 27.0, 28.0, 29.0, 30.0, 31.0, 32.0, 33.0, 34.0, 35.0, 36.0, 37.0, 38.0, 39.0, 40.0, 41.0, 42.0, 43.0, 44.0, 45.0, 46.0, 47.0, 48.0, 49.0, 50.0, 51.0, 52.0, 53.0, 54.0, 55.0, 56.0, 57.0, 58.0, 59.0, 60.0, 61.0, 62.0, 63.0, 64.0, 65.0, 66.0, 67.0, 68.0, 69.0, 70.0, 71.0, 72.0, 73.0, 74.0, 75.0, 76.0, 77.0, 78.0, 79.0, 80.0, 81.0, 82.0, 83.0, 84.0, 85.0, 86.0, 87.0, 88.0, 89.0, 90.0, 91.0, 92.0], "degree": 1, "form": 3, "overrideColorRGB": [0.177204892039299, 0.7068446278572083, 0.6089246869087219], "cvs": [[-0.02949891644756253, -9.115484663494772e-16, 0.771676865782038, 1.0], [-0.05767233136819705, -9.166968120122276e-16, 0.7653635038974576, 1.0], [-0.0842074814284739, -9.205580593478898e-16, 0.7552233430380033, 1.0], [-0.10879168758866031, -9.231322162973972e-16, 0.7415690959608866, 1.0], [-0.1311124899726357, -9.24419298742618e-16, 0.7247132899771854, 1.0], [-0.15085704095327346, -9.24419298742618e-16, 0.7049687389965476, 1.0], [-0.16771284693697464, -9.231322162973972e-16, 0.6826479366125721, 1.0], [-0.18136716144904907, -9.205580593478898e-16, 0.6580636630174281, 1.0], [-0.1915073223085033, -9.166968120122276e-16, 0.6315285129571515, 1.0], [-0.197820616758126, -9.115484663494772e-16, 0.6033551654714744, 1.0], [-0.1999946186392756, -9.051130541233739e-16, 0.573856181588954, 1.0], [-0.1999946186392756, -7.507185884153794e-16, -0.08170803844186295, 1.0], [-0.23143154833380564, -7.53335793167453e-16, -0.10203222660070146, 1.0], [-0.2608276601884807, -7.548353591214484e-16, -0.1250611297571387, 1.0], [-0.2879795366536477, -7.552092500522782e-16, -0.15062545245007622, 1.0], [-0.3126837938971325, -7.544493979711201e-16, -0.1785560678058092, 1.0], [-0.334736845781888, -7.525476713616802e-16, -0.208683916385591, 1.0], [-0.35393537591069757, -7.494960657626072e-16, -0.24083966901084417, 1.0], [-0.3700758992989508, -7.452864814213427e-16, -0.2748542325253429, 1.0], [-0.3829549646795156, -7.399108503490644e-16, -0.31055841262042533, 1.0], [-0.39236918822021827, -7.33361136320685e-16, -0.3477829475524714, 1.0], [-0.39811505121896906, -7.25629207819911e-16, -0.38635884531769205, 1.0], [-0.3999892035610726, -7.167070603853906e-16, -0.42611674302003105, 1.0], [-0.39800799822375144, -7.069021352132419e-16, -0.46576758772715227, 1.0], [-0.3921957117917474, -6.964637458635773e-16, -0.5042770620591197, 1.0], [-0.3827493723524795, -6.854796555376439e-16, -0.5414695485275581, 1.0], [-0.36986600799336644, -6.740376274366895e-16, -0.5771694296440923, 1.0], [-0.35374264680182677, -6.622254247619612e-16, -0.6112010879203472, 1.0], [-0.33457624943032194, -6.50130778950971e-16, -0.6433889733029051, 1.0], [-0.31256384396627057, -6.378414532049662e-16, -0.6735574683033907, 1.0], [-0.2879024753558306, -6.254452107251943e-16, -0.7015309722921685, 1.0], [-0.2607891548276813, -6.130298147129025e-16, -0.7271338509221237, 1.0], [-0.23142084303428412, -6.006829966056028e-16, -0.7501905541398388, 1.0], [-0.1999946017805363, -5.884925196045426e-16, -0.7705254981744172, 1.0], [-0.19999458492179678, -6.381672538402157e-16, -0.5596048485383531, 1.0], [-0.19782068419308363, -6.446026819481868e-16, -0.5301058983733116, 1.0], [-0.19150728859102473, -6.497510117290695e-16, -0.5019325171701556, 1.0], [-0.18136709401409146, -6.536122431828638e-16, -0.47539740082735776, 1.0], [-0.16771283007823534, -6.561864080733051e-16, -0.4508131440909533, 1.0], [-0.15085709152949178, -6.574735064003935e-16, -0.4284923417069778, 1.0], [-0.131112506831375, -6.574735064003935e-16, -0.40874775700886107, 1.0], [-0.1087917044473996, -6.561864080733051e-16, -0.39189201846011745, 1.0], [-0.08420741399351628, -6.536122431828638e-16, -0.37823772080678253, 1.0], [-0.05767229765071846, -6.497510117290695e-16, -0.3680975262298495, 1.0], [-0.02949895016504156, -6.446026819481868e-16, -0.3617841643452693, 1.0], [2.220446049250313e-16, -6.381672538402157e-16, -0.35961026361655624, 1.0], [0.029498950165042004, -6.307078581902207e-16, -0.3617841643452693, 1.0], [0.057672331368197716, -6.22585743962294e-16, -0.3680975599473283, 1.0], [0.08420748142847434, -6.139481995980511e-16, -0.37823772080678253, 1.0], [0.10879170444740005, -6.049425135391079e-16, -0.39189195102515983, 1.0], [0.13111250683137543, -5.957158789358734e-16, -0.4087477570088611, 1.0], [0.15085705781201342, -5.864156477574343e-16, -0.428492307989499, 1.0], [0.1677128637957146, -5.771890131541998e-16, -0.4508131103734744, 1.0], [0.18136716144904952, -5.68183295331521e-16, -0.4753974008273577, 1.0], [0.19150732230850398, -5.595457509672781e-16, -0.5019325508876344, 1.0], [0.1978206504756055, -5.514236685030869e-16, -0.5301058646558328, 1.0], [0.19999455120431842, -5.439642728530919e-16, -0.5596048148208743, 1.0], [0.19999458492179722, -4.94065763100666e-16, -0.7714755724335498, 1.0], [0.23143154833380608, -4.914485583485924e-16, -0.7511513505572324, 1.0], [0.2608276264710023, -4.89948992394597e-16, -0.7281224811182739, 1.0], [0.2879796040886058, -4.895750697000316e-16, -0.7025581921428153, 1.0], [0.3126837264621751, -4.903349853086608e-16, -0.6746274419171671, 1.0], [0.33473684578188845, -4.922366801543651e-16, -0.644499660772343, 1.0], [0.353935342193219, -4.952882857534382e-16, -0.6123439418645686, 1.0], [0.370075899298951, -4.994978700947026e-16, -0.5783293446325909, 1.0], [0.38295496467951606, -5.04873501166981e-16, -0.5426251645375088, 1.0], [0.3923690870677823, -5.114232469590959e-16, -0.5054005958879838, 1.0], [0.3981150849364483, -5.191551119323989e-16, -0.4668248329926784, 1.0], [0.399989169843594, -5.280772911306547e-16, -0.4270668678553817, 1.0], [0.3980079982237519, -5.378822163028035e-16, -0.3874159894307818, 1.0], [0.39219571179174784, -5.483206056524681e-16, -0.3489065150988143, 1.0], [0.3827493554937407, -5.593046959784014e-16, -0.3117140454891152, 1.0], [0.3698659742758883, -5.707467240793559e-16, -0.2760141812313205, 1.0], [0.3537426130843486, -5.825589267540841e-16, -0.24198252295506553, 1.0], [0.3345762494303224, -5.946535725650744e-16, -0.20979460385502893, 1.0], [0.3125638608250103, -6.069428983110792e-16, -0.17962609199580384, 1.0], [0.2879024922145703, -6.193391407908511e-16, -0.1516525880070261, 1.0], [0.2607891211102027, -6.317545368031429e-16, -0.12604975995328907, 1.0], [0.23142085989302386, -6.441013549104425e-16, -0.10299300615935583, 1.0], [0.19999461863927603, -6.562918319115028e-16, -0.08265806212477736, 1.0], [0.19999461863927603, -8.106862976194973e-16, 0.5729061579060396, 1.0], [0.19783137263386674, -8.181962929001789e-16, 0.6026306105693541, 1.0], [0.1915457939518248, -8.263508537839415e-16, 0.6309695783109394, 1.0], [0.1814442058881276, -8.350067099417127e-16, 0.6576210536731062, 1.0], [0.16783269571540105, -8.440206704537594e-16, 0.6822831303506012, 1.0], [0.1510177215985371, -8.532494649910095e-16, 0.7046539357556498, 1.0], [0.13130526965772504, -8.625498867518617e-16, 0.7244313949956052, 1.0], [0.10900162947046321, -8.717786812891117e-16, 0.7413135343302559, 1.0], [0.08441298946181375, -8.807926418011585e-16, 0.7549984811718281, 1.0], [0.057845706644232164, -8.894485138407975e-16, 0.7651843292150682, 1.0], [0.029605969442780822, -8.976030588426922e-16, 0.7715690710022864, 1.0], [2.220446049250313e-16, -9.051130541233739e-16, 0.7738508002282298, 1.0], [-0.02949891644756253, -9.115484663494772e-16, 0.771676865782038, 1.0]], "overrideEnabled": true, "useOutlinerColor": false, "outlinerColor": [0.0, 0.0, 0.0]}, "arrow_half_circleShape1": {"overrideRGBColors": true, "knots": [-2.0, -1.0, 0.0, 1.0, 2.0, 3.0, 4.0, 5.0, 6.0, 7.0, 8.0, 9.0, 10.0], "degree": 3, "form": 3, "overrideColorRGB": [0.177204892039299, 0.7068446278572083, 0.6089246869087219],