{"arrow_half_circleShape": {"overrideRGBColors": true, "knots": [0.0, 1.0, 2.0, 3.0, 5.0, 6.0, 8.0, 9.0, 11.0, 12.0, 14.0, 15.0, 17.0, 18.0, 19.0, 20.0, 21.0, 22.0, 23.0, 24.0, 25.0, 26.0, 27.0, 28.0, 29.0, 30.0, 31.0, 32.0, 33.0, 34.0, 35.0, 36.0, 37.0, 38.0, 39.0, 40.0, 41.0, 42.0, 43.0, 44.0, 45.0, 46.0, 47.0, 48.0, 49.0, 50.0, 51.0, 52.0, 53.0, 54.0, 55.0, 56.0, 57.0, 58.0, 59.0, 60.0, 62.0, 63.0, 65.0, 66.0, 68.0, 69.0, 71.0, 72.0, 74.0, 75.0, 77.0, 78.0, 79.0, 80.0, 81.0, 82.0, 83.0, 84.0, 85.0, 86.0, 87.0, 88.0, 89.0, 90.0, 91.0, 92.0, 93.0, 94.0, 95.0, 96.0, 97.0, 98.0, 99.0, 100.0, 101.0, 102.0, 103.0, 104.0, 105.0, 106.0, 107.0, 108.0, 109.0, 110.0, 111.0, 112.0, 113.0, 114.0, 115.0, 116.0, 117.0, 118.0, 119.0, 120.0], "degree": 1, "form": 3, "overrideColorRGB": [0.177204892039299, 0.7068446278572083, 0.6089246869087219], "cvs": [[0.19611015053599434, -7.872163778034556e-16, -0.6806408626174552, 1.0], [0.19409575793175243, -7.844455585809346e-16, -0.6701689778193596, 1.0], [0.18987328378821994, -7.82427181552959e-16, -0.6602866524693688, 1.0], [0.18355912138469363, -7.81197018036939e-16, -0.6512030321164406, 1.0], [0.1651199209281731, -7.812447723901016e-16, -0.6362684885976047, 1.0], [0.030990229607821173, -7.959249868102483e-16, -0.5732755364570343, 1.0], [0.0063839845312377045, -8.004554632739904e-16, -0.5675705735578326, 1.0], [-0.006383984531237976, -8.037358637587408e-16, -0.5675705735578326, 1.0], [-0.030990229607821444, -8.118492679125256e-16, -0.5732755364570343, 1.0], [-0.16511992092817337, -8.660913859751273e-16, -0.6362684885976044, 1.0], [-0.18369848884278192, -8.75411058689366e-16, -0.6507465807315734, 1.0], [-0.1900826117726871, -8.79921658248106e-16, -0.6598873282796553, 1.0], [-0.19611015053599468, -8.8798727249075865e-16, -0.6806408626174552, 1.0], [-0.19611021973532844, -9.80049629287208e-16, -0.9738157597653643, 1.0], [-0.19770609476930395, -9.831130194835357e-16, -0.9822654890608659, 1.0], [-0.20213775849863602, -9.861645333180198e-16, -0.988357207034494, 1.0], [-0.20887043847242884, -9.889532737572153e-16, -0.9917294666953044, 1.0], [-0.2173695006384538, -9.91228485999557e-16, -0.9920211607581717, 1.0], [-0.22710044934314974, -9.927392730116005e-16, -0.9888706157616056, 1.0], [-0.2773820692021063, -9.961809288884526e-16, -0.9586911508410458, 1.0], [-0.3215045331650424, -9.963859561411227e-16, -0.9232438677921304, 1.0], [-0.358886497629477, -9.934021446807428e-16, -0.883156599585188, 1.0], [-0.3889469649895966, -9.87277213302506e-16, -0.8390566696318196, 1.0], [-0.4111050760382558, -9.780590941494235e-16, -0.7915719675199908, 1.0], [-0.4243649831640623, -9.658312062181586e-16, -0.7417829276056204, 1.0], [-0.4287462697784548, -9.511191674152266e-16, -0.6913473709009006, 1.0], [-0.4243185504111441, -9.341856800199766e-16, -0.6410449222594183, 1.0], [-0.4111514395918402, -9.152934463117578e-16, -0.5916552065347611, 1.0], [-0.3893150362455897, -8.947053819177362e-16, -0.5439581316686979, 1.0], [-0.3592234983846352, -8.729707152362371e-16, -0.4993638731316934, 1.0], [-0.3217407104909882, -8.507105017641617e-16, -0.4591433836262405, 1.0], [-0.27761063460134394, -8.282950777548153e-16, -0.42386731230987745, 1.0], [-0.22757688675572965, -8.060946372296247e-16, -0.3941061384872336, 1.0], [-0.17238329059217344, -7.844794097679865e-16, -0.37043028484530155, 1.0], [-0.17238329059217317, -5.523331248709564e-16, 0.3688455572017354, 1.0], [-0.22753038480347768, -5.590551456745892e-16, 0.3925594578953457, 1.0], [-0.27747116334425515, -5.625166784564435e-16, 0.4223967541301644, 1.0], [-0.32153155550485524, -5.627416181720853e-16, 0.45772983940640866, 1.0], [-0.359037507875461, -5.597538242191111e-16, 0.4979312346139769, 1.0], [-0.38931498434608913, -5.53577191553087e-16, 0.5423733615619045, 1.0], [-0.41119797614375875, -5.44209728927716e-16, 0.5901085542516915, 1.0], [-0.4244579178692319, -5.320833767786222e-16, 0.6395742791532507, 1.0], [-0.4289553815150036, -5.174250660677444e-16, 0.6899337912950458, 1.0], [-0.4245509131238187, -5.004617277570218e-16, 0.7403503244739266, 1.0], [-0.41110501981379693, -4.814202572504233e-16, 0.7899871938745952, 1.0], [-0.3891794055515216, -4.608162095490702e-16, 0.8376621772466452, 1.0], [-0.35923508765117146, -4.3924477172698504e-16, 0.8818570819581424, 1.0], [-0.32185309358780334, -4.170522784079984e-16, 0.9219443825654119, 1.0], [-0.27761452395530095, -3.945850997739102e-16, 0.9572965002140008, 1.0], [-0.2271004093372844, -3.7218957044855077e-16, 0.9872859120036049, 1.0], [-0.21736947252622418, -3.6867627415246233e-16, 0.9905124192905927, 1.0], [-0.20887039954780315, -3.6653644887934384e-16, 0.9903729612055696, 1.0], [-0.20213776066111475, -3.658298053496333e-16, 0.9871147630812429, 1.0], [-0.1977061661311164, -3.666160720627537e-16, 0.9809850263647547, 1.0], [-0.19611016567334855, -3.689549508496507e-16, 0.9722309878892698, 1.0], [-0.19611016783582774, -4.610172543091458e-16, 0.6790562057459345, 1.0], [-0.18987337028738702, -4.65806486117612e-16, 0.6587019389802116, 1.0], [-0.18355910408486018, -4.670366318546473e-16, 0.6496182903184653, 1.0], [-0.16511990362833964, -4.669888597224998e-16, 0.6346838034172657, 1.0], [-0.030990264207487985, -4.523086630813379e-16, 0.5716908371222862, 1.0], [-0.0063840191309045835, -4.4777820439658065e-16, 0.5659858176054482, 1.0], [0.006384019130904855, -4.444977861328455e-16, 0.5659858176054482, 1.0], [0.030990264207488256, -4.363843642000758e-16, 0.5716908371222862, 1.0], [0.1651199036283399, -3.821422550269665e-16, 0.6346838034172657, 1.0], [0.18369857534194903, -3.728225645337429e-16, 0.6491618672424164, 1.0], [0.19008254257335347, -3.6831200942246507e-16, 0.6583026006360893, 1.0], [0.19611016783582808, -3.6024635073235036e-16, 0.6790562057459344, 1.0], [0.19611016567334902, -2.681840483840418e-16, 0.9722309878892696, 1.0], [0.19770616180615844, -2.6512061374025214e-16, 0.9806807596479985, 1.0], [0.20213776714855278, -2.620691210183128e-16, 0.9867724581593142, 1.0], [0.20887039738532445, -2.592803794679305e-16, 0.990144762052653, 1.0], [0.21736947144498486, -2.5700519667203234e-16, 0.9904363526114035, 1.0], [0.22710040933728487, -2.55494379657952e-16, 0.9872859120036048, 1.0], [0.2773820970440258, -2.5205274225457637e-16, 0.9571063327419589, 1.0], [0.32150445328846783, -2.51847717015932e-16, 0.9216591314126398, 1.0], [0.35888644735183595, -2.548315310459307e-16, 0.8815718308053703, 1.0], [0.38894698012695095, -2.6095641103178935e-16, 0.8374720109909979, 1.0], [0.4111050198137973, -2.7017458463301305e-16, 0.789987193874595, 1.0], [0.4243649701891872, -2.824024503405471e-16, 0.7401981893462473, 1.0], [0.4287461919292045, -2.971145047000907e-16, 0.6897626361801297, 1.0], [0.42431846391197703, -3.140479965400868e-16, 0.6394601804614429, 1.0], [0.41115149149134056, -3.329401769113513e-16, 0.5900705213544221, 1.0], [0.38931498434608935, -3.535282946423271e-16, 0.5423733615619044, 1.0], [0.3592234464851348, -3.752629613238263e-16, 0.4977791030248999, 1.0], [0.32174074509065487, -3.975231303484398e-16, 0.45755868429149255, 1.0], [0.27761066920101074, -4.199385543577862e-16, 0.4222826129751294, 1.0], [0.22757688675572965, -4.4213901266196153e-16, 0.3925214108436673, 1.0], [0.1723832905921734, -4.637542401235997e-16, 0.36884555720173534, 1.0], [0.1723832905921733, -6.959005250206297e-16, -0.37043028484530155, 1.0], [0.2275303848034777, -6.891785042169969e-16, -0.3941441855389119, 1.0], [0.27747112874458824, -6.857169714351428e-16, -0.42398145346491256, 1.0], [0.32153152090518844, -6.85492031719501e-16, -0.45931453874115674, 1.0], [0.35903755977496116, -6.884798256724752e-16, -0.4995160047207705, 1.0], [0.38931503624558955, -6.946564583384992e-16, -0.543958131668698, 1.0], [0.41115143959184003, -7.040239209638701e-16, -0.5916552065347612, 1.0], [0.4243185504111438, -7.161502553339792e-16, -0.6410449222594186, 1.0], [0.4287462697784546, -7.308085660448569e-16, -0.6913473709009006, 1.0], [0.42436498316406196, -7.477719221345645e-16, -0.7417829276056205, 1.0], 