{"triangle_veryroundShape": {"overrideRGBColors": false, "knots": [0.0, 1.0, 2.0, 3.0, 4.0, 5.0, 6.0, 7.0, 8.0, 9.0, 10.0, 11.0, 12.0, 13.0, 14.0, 15.0, 16.0, 17.0, 18.0, 19.0, 20.0, 21.0, 22.0, 23.0, 24.0, 25.0, 26.0, 27.0, 28.0, 29.0, 30.0, 31.0, 32.0, 33.0, 34.0, 35.0, 36.0, 37.0, 38.0, 39.0, 40.0, 41.0, 42.0, 43.0, 44.0, 45.0, 46.0, 47.0, 48.0, 49.0, 50.0, 51.0, 52.0], "degree": 1, "form": 3, "overrideColorRGB": [0.0, 0.0, 0.0], "cvs": [[-0.7328325090657498, 1.7716051327735183e-17, 0.88671481883337, 1.0], [-0.6895691684646518, 1.6756938131371334e-17, 0.913861971400433, 1.0], [-0.6440621712481842, 1.3855393802613462e-17, 0.9372435597084071, 1.0], [-0.5965008801270988, 8.97511140400027e-18, 0.9566300461615511, 1.0], [-0.5470746977841013, 2.0797833099177386e-18, 0.9717918637791279, 1.0], [-0.49597298736913775, -6.866897073019078e-18, 0.9824994756036826, 1.0], [-0.4433851941720316, -1.7901235994118758e-17, 0.9885232890992024, 1.0], [-0.38950067914675823, -3.105954176714804e-17, 0.9896337641167995, 1.0], [0.3740296196877877, -2.2201081178823593e-16, 0.9930651416301899, 1.0], [0.46276537624565717, -2.467087339926916e-16, 0.986614100874081, 1.0], [0.5482468706971128, -2.7510997482864344e-16, 0.9678013121173921, 1.0], [0.6294107135239893, -3.067243933929747e-16, 0.9372348124152399, 1.0], [0.7051936786094886, -3.410618487825689e-16, 0.8955227512564289, 1.0], [0.7745320496327119, -3.7763220009430914e-16, 0.8432729408287002, 1.0], [0.8363625723684394, -4.159452844041919e-16, 0.7810935714712003, 1.0], [0.8896219135153495, -4.555110048508744e-16, 0.7095925985383624, 1.0], [0.9320070032573453, -4.948285939427039e-16, 0.6312874742423952, 1.0], [0.9619193439098777, -5.32421595247289e-16, 0.5491140036800874, 1.0], [0.97935250608746, -5.678361582833089e-16, 0.46430830490353625, 1.0], [0.9842994067991394, -6.006184325694432e-16, 0.3781060462300869, 1.0], [0.9767532388890171, -6.303146557079192e-16, 0.2917428450094056, 1.0], [0.956707460537919, -6.564708891338682e-16, 0.2064549826949558, 1.0], [0.9241549377872132, -6.786333704495176e-16, 0.12347785176902829, 1.0], [0.5499189478085906, -8.69584673501936e-16, -0.6559684002438675, 1.0], [0.5002549916744674, -8.883978219448096e-16, -0.7415646448008294, 1.0], [0.4389821983684774, -9.00385200082298e-16, -0.816491365332527, 1.0], [0.36749404302074634, -9.055831864197444e-16, -0.8798891713882453, 1.0], [0.28718373504368283, -9.040279832953976e-16, -0.9308983738229584, 1.0], [0.19944490285144234, -8.957560572981491e-16, -0.968659717478896, 1.0], [0.10567070469825789, -8.808035226826997e-16, -0.9923133076470321, 1.0], [0.007254728147943465, -8.592068460379408e-16, -1.0009999172780188, 1.0], [-0.09131275257058004, -8.318675624781504e-16, -0.9940940958625382, 1.0], [-0.18553235786046895, -8.000988215376379e-16, -0.9720892227964575, 1.0], [-0.27399733264349496, -7.64554203142924e-16, -0.9358038107409248, 1.0], [-0.35530115947453733, -7.258871110534339e-16, -0.8860560543382376, 1.0], [-0.42803708263708096, -6.847511251956881e-16, -0.8236644658103491, 1.0], [-0.4907983490475428, -6.417998254962079e-16, -0.7494475591908896, 1.0], [-0.5421783739537289, -5.9768665975619205e-16, -0.6642236031918418, 1.0], [-0.9314725525396581, -2.157841417349032e-16, 0.11179121046605453, 1.0], [-0.9661633247342494, -1.7677817021518288e-16, 0.1945388965606453, 1.0], [-0.9879198928347408, -1.4009588673475978e-16, 0.2798348846279891, 1.0], [-0.9968492226497545, -1.06154774280054e-16, 0.3664644371974233, 1.0], [-0.993058154812305, -7.537238190014667e-17, 0.45321272235568155, 1.0], [-0.976653595072545, -4.8166247633675364e-17, 0.5388648934791415, 1.0], [-0.9477424565358055, -2.4953895756223275e-17, 0.6222061365027495, 1.0], [-0.9064316044299701, -6.152856048595367e-18, 0.7020216552572885, 1.0], [-0.8865160641007719, 3.975540751466489e-19, 0.7336299030068154, 1.0], [-0.8647829404613983, 5.840597101097239e-18, 0.7634619530281799, 1.0], [-0.8413458977573134, 1.0212579278564983e-17, 0.7915388333662163, 1.0], [-0.816318602869146, 1.3549808921316622e-17, 0.8178815758954784, 1.0], [-0.7898148432521763, 1.5888592794775274e-17, 0.8425111252929647, 1.0], [-0.7619482432348141, 1.7265237879411785e-17, 0.8654485390682902, 1.0], [-0.7328325090657498, 1.7716051327735183e-17, 0.88671481883337, 1.0]], "overrideEnabled": false, "useOutlinerColor": false, "outlinerColor": [0.0, 0.0, 0.0]}}