{"RingControl_0_L_newControlShape": {"overrideRGBColors": true, "knots": [0.0, 0.01572846193, 0.02846036989, 0.9634947427, 0.9819653513, 1.0, 1.080588378, 1.166714583, 5.859522444, 5.926941574, 6.0, 6.076424537, 6.140252842, 10.84140437, 10.92973879, 11.0], "degree": 1, "form": 1, "overrideColorRGB": [1.0, 0.0, 0.18000000715255737], "cvs": [[0.9810657383193357, -2.231866328546221e-16, 0.9823152078521271, 1.0], [0.9691577702992673, -2.231866328546221e-16, 0.9956596305339884, 1.0], [0.9479297399483981, -2.231866328546221e-16, 1.0007651850137813, 1.0], [-0.931757211610332, -2.231866328546221e-16, 1.0007651850137809, 1.0], [-0.9605217962688396, -2.231866328546221e-16, 0.9951615076919277, 1.0], [-0.9815102658319924, -2.231866328546221e-16, 0.983415448804235, 1.0], [-0.9808897443434863, -2.159921333614079e-16, 0.9577752462397279, 1.0], [-0.9716288294505395, -2.0830324628360913e-16, 0.9337363707985558, 1.0], [-0.02824001306032346, 2.106455477685075e-16, -0.9486647383551998, 1.0], [-0.014686836553496606, 2.1666436721438266e-16, -0.9709307994236828, 1.0], [3.232787209756893e-16, 2.231866328546221e-16, -0.9786041358376544, 1.0], [0.015363521294528022, 2.1636385882242068e-16, -0.9702365284367719, 1.0], [0.028194839108872084, 2.106656090329136e-16, -0.9487550862581038, 1.0], [0.9732609715897157, -2.0902806299655907e-16, 0.9370006550769094, 1.0], [0.980348831585288, -2.1691408770254552e-16, 0.9615252518355719, 1.0], [0.9810657383193357, -2.231866328546221e-16, 0.9823152078521271, 1.0]], "overrideEnabled": true, "useOutlinerColor": false, "outlinerColor": [0.0, 0.0, 0.0]}}