{"triangle_playShape": {"overrideRGBColors": false, "knots": [0.0, 1.0, 2.0, 3.0, 4.0, 5.0, 6.0, 7.0, 8.0, 9.0, 10.0, 11.0, 12.0, 13.0, 14.0, 15.0, 16.0, 17.0, 18.0, 19.0, 20.0, 21.0, 22.0, 23.0, 24.0, 25.0, 26.0, 27.0, 28.0, 29.0, 30.0, 31.0, 32.0, 33.0, 34.0, 35.0, 36.0, 37.0, 38.0, 39.0], "degree": 1, "form": 3, "overrideColorRGB": [0.0, 0.0, 0.0], "cvs": [[0.6811418110136535, -7.006337393554915e-16, 0.6706148525352562, 1.0], [0.742121613324131, -7.209460288289909e-16, 0.6647317323915252, 1.0], [0.7994002960270182, -7.400292761430025e-16, 0.6477263350977165, 1.0], [0.8517361979436591, -7.574696673216117e-16, 0.6203787088776331, 1.0], [0.8978877115454679, -7.72853406256006e-16, 0.5834689078622814, 1.0], [0.9366131994867581, -7.857666869112048e-16, 0.5377769713111011, 1.0], [0.9666710423328153, -7.957957092079284e-16, 0.48408296826808833, 1.0], [0.9861141370531358, -8.022909506632752e-16, 0.42543297956728915, 1.0], [0.9939483009680736, -8.04919927707332e-16, 0.36592300021516005, 1.0], [0.990360311791425, -8.037444022493784e-16, 0.3069064907753067, 1.0], [0.9755369461364746, -7.988261358400338e-16, 0.24973688797055665, 1.0], [0.9496649779758135, -7.902268891109716e-16, 0.19576774773570788, 1.0], [0.9129311859039241, -7.780084242884495e-16, 0.14635245910788236, 1.0], [0.2272654644665234, -5.498865048741453e-16, -0.6113116625927488, 1.0], [0.19579497292573994, -5.394148588933891e-16, -0.6419417314409555, 1.0], [0.16060215321068733, -5.277017908372251e-16, -0.6676170068351593, 1.0], [0.12229934927799431, -5.149511603602337e-16, -0.6880600051272086, 1.0], [0.08149861907681348, -5.01366731825789e-16, -0.7029931470175328, 1.0], [0.03881230656377338, -4.871523648884712e-16, -0.7121389488579801, 1.0], [-0.0058151020044780455, -4.72289477763e-16, -0.7152191686007277, 1.0], [-0.04949069586264651, -4.577415598389652e-16, -0.7121038313565013, 1.0], [-0.09199201608182064, -4.4358277943881105e-16, -0.7030187020638646, 1.0], [-0.13270763406596686, -4.3001686916217564e-16, -0.6882240733779577, 1.0], [-0.1710257395601566, -4.1724768866363945e-16, -0.6679800475978643, 1.0], [-0.20633461786620283, -4.054790658340474e-16, -0.6425469176627603, 1.0], [-0.23802274492600944, -3.9491476503677336e-16, -0.6121848809550793, 1.0], [-0.9248516623074484, -1.65903472939253e-16, 0.14817696332930091, 1.0], [-0.9615367033127834, -1.5366852670846196e-16, 0.19771148890795626, 1.0], [-0.9874248333841963, -1.4502815537175765e-16, 0.2518340107745443, 1.0], [-1.0022952455533574, -1.4005636843290643e-16, 0.3091350883275437, 1.0], [-1.0059267515480879, -1.3882730245061674e-16, 0.3682051136937972, 1.0], [-0.998098162930522, -1.4141509398359703e-16, 0.42763464589307115, 1.0], [-0.978588291333801, -1.4789387959055576e-16, 0.48601417241959216, 1.0], [-0.9481891131727925, -1.580011002336677e-16, 0.5396481552648167, 1.0], [-0.9092863487161059, -1.7094323427212138e-16, 0.5852630244549974, 1.0], [-0.8630494031034294, -1.8633104889082974e-16, 0.6220811045502135, 1.0], [-0.8106469185057877, -2.0377556538458995e-16, 0.6493247491554259, 1.0], [-0.7532479185785381, -2.2288767799325716e-16, 0.6662162973531538, 1.0], [-0.6920218084406574, -2.432781539017441e-16, 0.6719780945650917, 1.0], [0.6811418110136535, -7.006337393554915e-16, 0.6706148525352562, 1.0]], "overrideEnabled": false, "useOutlinerColor": false, "outlinerColor": [0.0, 0.0, 0.0]}}