{"curve1Shape0": {"overrideEnabled": false, "overrideColorRGB": [0.0, 0.0, 0.0], "overrideRGBColors": false, "useOutlinerColor": false, "outlinerColor": [0.0, 0.0, 0.0], "knots": [0.0, 1.0, 2.0, 3.0, 4.0], "cvs": [[-0.5537518128588585, 0.0, -1.0, 1.0], [0.6127121150981022, 0.0, -1.0, 1.0], [-0.21628758551721225, 0.0, 1.0, 1.0], [-0.6193532599804258, 0.0, 1.0, 1.0], [0.20100272337585667, 0.0, -1.0, 1.0]], "degree": 1, "form": 1}, "curve1Shape1": {"overrideEnabled": false, "overrideColorRGB": [0.0, 0.0, 0.0], "overrideRGBColors": false, "useOutlinerColor": false, "outlinerColor": [0.0, 0.0, 0.0], "knots": [0.0, 1.0, 2.0, 3.0], "cvs": [[-0.21628758985313482, 0.0, 1.0, 1.0], [0.5532962180682821, 0.0, 1.0, 1.0], [0.5532962180703886, 0.0, 0.6104853834043844, 1.0], [-0.45945581860052215, 0.0, 0.610485990033947, 1.0]], "degree": 1, "form": 1}, "curve1Shape2": {"overrideEnabled": false, "overrideColorRGB": [0.0, 0.0, 0.0], "overrideRGBColors": false, "useOutlinerColor": false, "outlinerColor": [0.0, 0.0, 0.0], "knots": [0.0, 1.0, 2.0], "cvs": [[-0.5537518128588585, 0.0, -1.0, 1.0], [-0.5537518128588585, 0.0, -0.6150033832591741, 1.0], [0.4530980158111981, 0.0, -0.6150033832422467, 1.0]], "degree": 1, "form": 1}}