{"curve6Shape0": {"overrideEnabled": false, "overrideColorRGB": [0.0, 0.0, 0.0], "overrideRGBColors": false, "useOutlinerColor": false, "outlinerColor": [0.0, 0.0, 0.0], "knots": [0.0, 1.0], "cvs": [[0.6110279934804053, 0.0, 0.29281720799841854, 1.0], [0.4202445854875635, 0.0, 0.2928178195434841, 1.0]], "degree": 1, "form": 1}, "curve6Shape1": {"overrideEnabled": false, "overrideColorRGB": [0.0, 0.0, 0.0], "overrideRGBColors": false, "useOutlinerColor": false, "outlinerColor": [0.0, 0.0, 0.0], "knots": [0.0, 1.0], "cvs": [[0.803866230785849, 0.0, 0.29296059042447153, 1.0], [0.8038682849875372, 0.0, 0.4814511164583375, 1.0]], "degree": 1, "form": 1}, "curve6Shape2": {"overrideEnabled": false, "overrideColorRGB": [0.0, 0.0, 0.0], "overrideRGBColors": false, "useOutlinerColor": false, "outlinerColor": [0.0, 0.0, 0.0], "knots": [0.0, 1.0], "cvs": [[0.8038662061740662, 0.0, -0.2921435832977357, 1.0], [0.9969192752466716, 0.0, -0.2921435832977357, 1.0]], "degree": 1, "form": 1}, "curve6Shape3": {"overrideEnabled": false, "overrideColorRGB": [0.0, 0.0, 0.0], "overrideRGBColors": false, "useOutlinerColor": false, "outlinerColor": [0.0, 0.0, 0.0], "knots": [0.0, 1.0, 2.0, 3.0, 4.0], "cvs": [[0.6110280276801354, 0.0, -0.29214358329772333, 1.0], [0.8038662061740662, 0.0, -0.2921435832977357, 1.0], [0.8038662307100236, 0.0, 0.2928171838279854, 1.0], [0.6110280155798354, 0.0, 0.29281721551378237, 1.0], [0.6110280252655944, 0.0, -0.478197306394577, 1.0]], "degree": 1, "form": 1}, "curve6Shape5": {"overrideEnabled": false, "overrideColorRGB": [0.0, 0.0, 0.0], "overrideRGBColors": false, "useOutlinerColor": false, "outlinerColor": [0.0, 0.0, 0.0], "knots": [0.0, 0.0, 0.0, 1.0, 2.0, 3.0, 4.0, 5.0, 6.0, 7.0, 8.0, 9.0, 10.0, 11.0, 12.0, 13.0, 14.0, 15.0, 16.0, 17.0, 18.0, 19.0, 20.0, 21.0, 22.0, 23.0, 24.0, 25.0, 26.0, 27.0, 28.0, 29.0, 30.0, 31.0, 31.0, 31.0], "cvs": [[0.6110265560409487, 0.0, -0.4792664170470786, 1.0], [0.8263842589268438, 0.0, -0.4792664170470786, 1.0], [0.8542759079651792, 0.0, -0.4792664170470786, 1.0], [0.8821675570035145, 0.0, -0.4794011592659402, 1.0], [0.9377222197127028, 0.0, -0.4586035001731648, 1.0], [0.9831175164393613, 0.0, -0.4079684104876241, 1.0], [0.9969192859515519, 0.0, -0.35053789439900684, 1.0], [0.9969192859515519, 0.0, -0.32264624536067155, 1.0], [0.9969192859515519, 0.0, -0.29111655514342283, 1.0], [0.9969192859515519, 0.0, 0.2811184416581231, 1.0], [0.9969192859515519, 0.0, 0.31145583609846034, 1.0], [0.9969192859515519, 0.0, 0.3417932305387975, 1.0], [0.9861844589869627, 0.0, 0.4029959904335384, 1.0], [0.942901698420366, 0.0, 0.45728395943203665, 1.0], [0.8825799562097646, 0.0, 0.4815049154615628, 1.0], [0.8618227915926916, 0.0, 0.4815049154613501, 1.0], [0.8394689220050747, 0.0, 0.4815049154614565, 1.0], [0.5843459754060112, 0.0, 0.48150491546124363, 1.0], [0.5667822207300264, 0.0, 0.4815049154615628, 1.0], [0.5444283511424095, 0.0, 0.4815049154613501, 1.0], [0.4883719508114602, 0.0, 0.46456139094461096, 1.0], [0.4351495177873534, 0.0, 0.4216284790660008, 1.0], [0.4200428074492467, 0.0, 0.3561635752736941, 1.0], [0.42004280744810096, 0.0, 0.3306162957449891, 1.0], [0.42004280744580946, 0.0, 0.3050690162162841, 1.0], [0.4200428074469552, 0.0, -0.3032755775610046, 1.0], [0.42004280744580946, 0.0, -0.32882285708970954, 1.0], [0.42004280744580946, 0.0, -0.3543701366184146, 1.0], [0.4322947983865056, 0.0, -0.41371035069896256, 1.0], [0.4847372031306261, 0.0, -0.4644206121590819, 1.0], [0.5410600168573281, 0.0, -0.4792971346091728, 1.0], [0.5618171814744009, 0.0, -0.4792971346091728, 1.0], [0.5857677560325618, 0.0, -0.4792971346091728, 1.0], [0.6110265560409491, 0.0, -0.47938584040991206, 1.0]], "degree": 3, "form": 1}, "curve6Shape6": {"overrideEnabled": true, "overrideColorRGB": [0.15999996662139893, 0.2999999225139618, 0.875], "overrideRGBColors": true, "useOutlinerColor": false, "outlinerColor": [0.0, 0.0, 0.0], "knots": [0.0, 1.0, 2.0, 3.0, 4.0], "cvs": [[-0.9738549675274182, 0.0, -0.47933378119366443, 1.0], [-0.41472940231379396, 0.0, -0.47933378119366443, 1.0], [-0.8120969634181485, 0.0, 0.47933378119366443, 1.0], [-1.0052999572279753, 0.0, 0.47933378119366443, 1.0], [-0.6120756218009615, 0.0, -0.47933378119366443, 1.0]], "degree": 1, "form": 1}, "curve6Shape7": {"overrideEnabled": true, "overrideColorRGB": [0.15999996662139893, 0.2999999225139618, 0.875], "overrideRGBColors": true, "useOutlinerColor": false, "outlinerColor": [0.0, 0.0, 0.0], "knots": [0.0, 1.0, 2.0, 3.0], "cvs": [[-0.8120969654965027, 0.0, 0.47933378119366443, 1.0], [-0.4503884647383316, 0.0, 0.47933378119366443, 1.0], [-0.45038846473732175, 0.0, 0.2926262671906875, 1.0], [-0.9286557120481536, 0.0, 0.29262655796872955, 1.0]], "degree": 1, "form": 1}, "curve6Shape8": {"overrideEnabled": true, "overrideColorRGB": [0.15999996662139893, 0.2999999225139618, 0.875], "overrideRGBColors": true, "useOutlinerColor": false, "outlinerColor": [0.0, 0.0, 0.0], "knots": [0.0, 1.0, 2.0], "cvs": [[-0.9738549675274182, 0.0, -0.47933378119366443, 1.0], [-0.9738549675274182, 0.0, -0.2947918971445163, 1.0], [-0.4912378320568067, 0.0, -0.2947918971364024, 1.0]], "degree": 1, "form": 1}, "curve6Shape12": {"overrideEnabled": false, "overrideColorRGB": [0.0, 0.0, 0.0], "overrideRGBColors": false, "useOutlinerColor": false, "outlinerColor": [0.0, 0.0, 0.0], "knots": [0.0, 1.0], "cvs": [[-0.116797470254273, 0.0, 0.29281720799841854, 1.0], [-0.3075808782471148, 0.0, 0.2928178195434841, 1.0]], "degree": 1, "form": 1}, "curve6Shape13": {"overrideEnabled": false, "overrideColorRGB": [0.0, 0.0, 0.0], "overrideRGBColors": false, "useOutlinerColor": false, "outlinerColor": [0.0, 0.0, 0.0], "knots": [0.0, 1.0], "cvs": [[0.07604076705117058, 0.0, 0.29296059042447153, 1.0], [0.07604282125285888, 0.0, 0.4814511164583375, 1.0]], "degree": 1, "form": 1}, "curve6Shape14": {"overrideEnabled": false, "overrideColorRGB": [0.0, 0.0, 0.0], "overrideRGBColors": false, "useOutlinerColor": false, "outlinerColor": [0.0, 0.0, 0.0], "knots": [0.0, 1.0], "cvs": [[0.07604074243938796, 0.0, -0.2921435832977357, 1.0], [0.2690938115119932, 0.0, -0.2921435832977357, 1.0]], "degree": 1, "form": 1}, "curve6Shape15": {"overrideEnabled": false, "overrideColorRGB": [0.0, 0.0, 0.0], "overrideRGBColors": false, "useOutlinerColor": false, "outlinerColor": [0.0, 0.0, 0.0], "knots": [0.0, 1.0, 2.0, 3.0, 4.0], "cvs": [[-0.11679743241543405, 0.0, -0.2921435729278239, 1.0], [0.07604074482965872, 0.0, -0.2921435706978136, 1.0], [0.07604076626602607, 0.0, 0.29281717722706735, 1.0], [-0.11679745138640174, 0.0, 0.29281720891286434, 1.0], [-0.11679743918434093, 0.0, -0.47819730640025454, 1.0]], "degree": 1, "form": 1}, "curve6Shape17": {"overrideEnabled": false, "overrideColorRGB": [0.0, 0.0, 0.0], "overrideRGBColors": false, "useOutlinerColor": false, "outlinerColor": [0.0, 0.0, 0.0], "knots": [0.0, 0.0, 0.0, 1.0, 2.0, 3.0, 4.0, 5.0, 6.0, 7.0, 8.0, 9.0, 10.0, 11.0, 12.0, 13.0, 14.0, 15.0, 16.0, 17.0, 18.0, 19.0, 20.0, 21.0, 22.0, 23.0, 24.0, 25.0, 26.0, 27.0, 28.0, 29.0, 30.0, 31.0, 31.0, 31.0],